#{"t_start": 1703579735.6008756, "env_id": "None"}
r,l,t
1.429385,369,4.015288
0.0,57,4.977741
0.0,47,5.912405
0.002371,53,6.905932
0.004028,58,7.880434
0.010225,214,10.14173
0.004629,139,11.767069
0.731384,358,15.352893
0.009376,199,17.477927
0.002542,541,22.417542
0.937769,383,26.090274
0.011085,119,27.559134
0.0,75,28.653018
0.0,50,29.559472
0.007175,58,30.51253
0.0,62,31.497216
0.004554,59,32.466039
0.043526,164,34.294432
0.615595,286,37.138976
0.003193,56,38.091834
0.008044,299,41.046357
0.296754,232,43.42169
0.0,117,44.859503
0.0,179,50.263657
1.61634,397,54.332475
0.00062,62,55.351166
0.0,48,56.22619
0.0,65,57.2467
0.00467,69,58.324902
0.0,149,60.059653
0.009449,60,61.028478
0.0,128,62.575547
0.001369,416,66.497984
0.007246,63,67.513871
0.000291,68,68.560824
0.00627,58,69.514179
0.008986,65,70.545507
0.693316,443,74.671314
0.449078,357,78.093627
0.001796,48,78.984315
0.0,144,80.656508
0.0,65,81.672204
0.0,63,82.688064
0.04942,178,84.641332
0.0,64,85.657201
0.076798,116,87.094806
0.0,73,88.173288
0.003504,52,89.079606
0.592456,267,91.767458
0.00688,58,92.720809
0.0,90,93.955628
0.0,95,95.220997
0.0,64,96.221274
0.012238,86,97.424483
0.011463,43,98.252846
0.0,110,102.739136
0.012886,51,103.645469
0.458901,559,108.755558
0.0,56,109.708945
0.715297,281,112.506024
0.002168,44,113.349983
0.0,55,114.287553
0.009188,66,115.303392
0.057986,412,119.194598
0.0,138,120.819928
0.004924,150,122.538997
0.007115,47,123.414058
0.036515,231,125.789467
0.000189,54,126.711591
0.719172,249,129.258658
0.001036,52,130.180787
0.0,295,133.087406
0.004927,46,133.962767
0.005487,67,135.00973
0.003512,92,136.244047
1.069661,212,138.478759
0.198966,183,140.463525
0.0,67,141.494852
0.164684,198,143.604748
0.386406,412,147.49585
0.010559,422,154.543982
0.0,199,156.685041
1.3e-05,300,159.638697
0.004542,300,162.592331
0.00489,52,163.498783
0.007122,174,165.421054
0.004743,92,166.671231
0.0,68,167.70256
0.003431,332,170.93717
0.001357,244,173.421835
0.011732,51,174.312524
0.0,254,176.875383
0.0,150,178.594401
0.0,51,179.485093
0.000563,463,183.767262
0.0,214,186.017428
0.0065,55,186.955343
0.003149,113,188.361543
0.002604,131,189.908716
0.0,65,190.924734
0.0,207,193.112453
0.0,156,194.893998
0.005171,61,198.895102
0.0,187,200.927706
0.37444,280,203.740603
0.00608,135,205.366006
0.000631,72,206.428453
0.006034,114,207.835025
0.0,52,208.741495
0.002081,95,210.007218
0.0,68,211.038737
0.0,62,212.0234
0.005177,180,214.007866
0.0,65,215.007998
0.0,129,216.539446
0.015792,146,218.227318
0.089305,160,220.024562
0.678638,148,221.743441
0.004324,342,225.087595
0.0,51,225.994202
0.009146,90,227.212915
0.106504,232,229.666552
0.003541,76,230.822905
0.0,125,232.338639
0.0,238,234.792316
0.007498,59,235.761269
0.165947,408,239.605524
0.008063,77,240.762003
0.004098,57,241.715217
0.000949,81,242.887373
0.00276,148,244.606248
0.558483,293,250.577106
0.006954,70,251.655468
0.003367,126,253.171207
0.008212,63,254.218552
0.00721,176,256.156335
0.000285,66,257.187533
0.001082,47,258.046976
0.021127,185,260.047126
0.004453,91,261.266211
0.0,177,263.235111
0.318317,223,265.563569
0.000232,65,266.610703
0.002772,53,267.51705
0.007856,74,268.595256
0.0,57,269.533073
0.002124,185,271.611354
0.001929,257,274.236732
0.0,50,275.143046
0.0,194,277.237148
0.015387,197,279.346681
0.008091,143,281.503522
0.004084,57,282.472363
0.010418,62,283.694145
0.0,58,284.678607
0.034702,233,287.069627
0.002444,231,289.460637
0.016715,149,291.17973
0.021338,456,295.445806
9.1e-05,102,296.758273
0.001875,149,298.477154
0.005519,78,302.870021
0.003858,229,306.448431
0.0,201,309.71435
0.000169,58,311.136332
0.0,191,314.183827
0.001216,142,316.730969
0.000425,157,319.434297
0.0,47,320.762507
0.064586,232,324.52908
0.140234,254,328.388826
0.00511,59,329.857691
0.776817,314,334.436154
0.0,54,335.812421
0.002637,110,337.875514
0.018079,280,342.1106
0.000339,141,344.59516
0.001236,54,345.985941
0.0,72,347.532951
0.12348,184,350.595718
0.181181,415,354.662248
0.010805,53,355.599692
0.0,53,356.537393
0.008685,174,358.522181
0.0,68,359.616013
0.0,113,361.08496
0.004344,48,362.085143
0.010027,49,363.116466
0.001801,45,364.210299
0.000225,392,371.696168
0.0,84,373.167269
0.01341,256,376.311229
0.009689,121,377.796737
0.000331,68,378.81364
0.002427,56,379.736686
0.003252,117,381.190905
0.003617,148,382.909953
0.157939,206,385.097618
0.006995,153,386.863552
0.158261,247,389.37962
0.0,77,390.473456
0.0,41,391.270537
0.0,57,392.208111
0.000533,178,394.177199
0.0,55,395.09939
0.0,72,396.193222
0.001515,200,398.349774
0.000289,171,400.287579
0.0,39,401.100453
0.008294,167,402.991372
0.0,289,405.882356
0.0,641,411.664888
0.000367,280,414.493332
0.678133,286,420.400641
0.000469,58,421.369464
0.006807,140,423.010394
0.002871,477,427.433083
0.0,82,428.58943
0.001344,220,430.917947
0.007144,151,432.652639
0.001058,218,434.934216
0.001453,280,437.701044
0.00681,192,439.748269
0.005684,235,442.186094
0.006393,197,444.279999
0.001427,112,445.686555
0.0,54,446.608503
0.091033,285,449.437122
0.0,833,456.81338
0.009546,69,457.844708
0.0,186,459.860635
0.006023,405,466.503952
0.0,225,468.84236
0.006662,64,469.893893
0.0,130,471.484793
0.004801,127,472.996679
0.007201,68,474.047722
0.008341,67,475.092678
0.0,131,476.652184
0.008358,70,477.701934
0.007971,294,480.592963
0.0,192,482.671536
0.005306,71,483.718595
0.003803,187,485.718863
0.664948,314,488.797512
0.002867,88,489.985102
0.0,207,492.172955
0.01202,168,494.048673
0.009479,101,495.345648
0.0,210,497.549196
0.0,102,498.862126
0.776912,239,501.315432
1.031362,342,504.597251
0.001383,328,507.800758
0.00679,159,509.597924
1.615541,361,516.037107
0.174599,264,518.693818
0.687171,344,521.991505
0.008746,198,524.523072
0.001443,60,525.491894
0.0,129,527.023809
0.158958,218,529.289891
0.59522,224,531.79007
0.004841,51,532.821398
0.005486,57,534.008987
0.0,310,537.352988
0.254423,472,541.963258
0.0,70,543.135221
0.742781,162,545.245145
0.010145,249,548.011188
0.007555,59,548.995637
0.0,252,552.444403
0.002024,249,555.481519
0.0,289,558.668125
0.0,63,559.825702
0.0,261,565.672071
0.0,188,567.927173
0.01172,270,570.756605
0.0,210,573.270264
0.134652,174,575.331222
0.0,180,577.594846
0.011809,199,579.931937
0.003129,70,581.16412
0.005927,102,582.672522
0.941122,200,585.317278
0.0,291,588.517466
0.012331,118,590.079428
0.745838,361,594.332937
0.004148,50,595.419096
0.0,293,598.955882
0.0,49,599.956348
0.005554,270,602.83649
0.002432,156,604.787077
0.185843,228,607.389587
0.003889,154,609.291478
0.0,51,610.249319
0.002917,52,611.280528
0.0,48,612.228921
0.006441,57,613.232539
0.006207,49,614.187592
0.000257,54,615.223982
0.028129,324,622.055104
0.008761,164,624.132057
0.005731,265,627.009332
0.006287,62,628.062132
0.002702,116,629.621874
0.0,342,633.111785
0.002703,51,634.014472
0.006832,68,635.061596
0.542042,276,637.843218
0.010372,190,639.917724
0.038601,339,643.349326
0.009437,61,644.335817
0.006648,51,645.226661
0.0,88,646.48624
0.007934,205,648.797714
0.0,177,650.735356
0.005586,185,652.751294
0.017944,226,655.235996
0.207915,266,657.955164
0.0,57,658.939759
0.000713,143,660.690161
0.00704,77,661.955735
0.000997,61,663.033941
0.012669,73,664.205962
0.0,75,665.409177
0.089086,354,672.694843
0.00083,110,674.997
0.0,71,676.373041
8.9e-05,69,677.67037
0.011006,142,679.619395
0.503798,400,683.770137
0.008897,50,684.741033
0.0,72,685.946616
0.006123,55,686.980766
0.00513,52,687.959985
1.000626,219,690.397847
0.001134,84,691.687479
0.0,63,692.752114
0.988404,181,694.871967
0.082947,204,697.338577
0.004272,90,698.661681
0.0,90,699.972444
0.0,66,701.053533
0.006419,135,702.710809
0.005108,369,706.523359
0.005535,66,707.573455
0.010161,216,709.876536
0.0,59,710.837104
0.006855,206,713.091309
0.002761,257,715.804246
0.063796,180,717.770746
0.0,59,718.760062
0.0,68,719.79181
0.029973,433,726.360094
0.001102,60,727.372143
0.003269,50,728.318105
0.259865,299,731.407833
0.009321,315,734.51862
0.003595,258,737.338738
0.0,103,738.700632
0.002901,251,741.248065
0.176535,177,743.185717
0.657997,367,746.70167
0.00184,60,747.65487
0.006735,282,750.492984
0.0,75,751.597852
0.009503,93,752.886811
0.0,306,756.435513
0.0,52,757.623159
0.0,60,758.748244
0.007764,62,760.013963
0.003948,139,762.085575
0.005796,58,763.257539
0.004127,142,765.632734
0.18786,162,768.179847
0.065273,148,770.211248
0.0,194,772.742748
0.293736,201,775.430412
0.000471,58,785.213197
0.006302,79,786.829443
0.0,435,792.681788
0.65493,252,796.145834
0.002564,52,797.083419
0.13088,237,799.793733
0.0,51,800.783173
0.0,54,801.829071
0.0,205,804.177726
0.007356,61,805.268208
0.946489,353,808.833486
0.001837,76,809.996783
0.0,56,810.992489
0.188364,232,813.526761
0.731685,272,816.355239
0.0,66,817.418058
0.010152,313,820.574785
0.0,162,822.450066
0.0,185,824.528565
0.0,54,825.481761
0.0,179,827.524213
0.0,180,829.638807
0.140533,430,833.982182
0.005199,60,835.052442
1.269345,438,842.513609
0.002695,58,843.532263
0.000781,56,844.495688
0.0,93,845.76496
0.0,66,846.845005
0.026852,168,848.826689
0.00249,143,850.605472
0.006142,357,854.117704
1.345692,300,857.115004
0.0,288,860.060489
0.0,164,861.890855
0.0,63,862.889859
0.000825,74,863.996665
0.116453,134,865.589887
0.004676,599,871.124245
0.006614,177,873.071716
1.775626,243,875.552713
0.0,77,876.691844
0.009352,268,879.453745
0.00529,72,880.594112
0.0,67,881.653904
0.048748,334,888.03987
0.003412,218,890.317342
0.008664,73,891.395728
0.187029,145,893.072434
0.0,311,896.187751
0.006338,47,897.053388
0.006224,55,898.005512
0.006417,59,899.120893
0.00926,185,901.327812
0.0,47,902.242733
0.0,58,903.364036
0.000942,174,905.710599
0.0056,145,907.52333
0.003031,65,908.573588
0.002975,205,911.027679
0.004285,209,913.715405
0.131759,113,915.266427
0.024531,220,917.946878
0.000857,75,919.138319
0.003729,57,920.154019
0.0,51,921.201363
0.0,60,922.267808
0.0,584,928.376158
0.467274,160,930.326599
0.007634,158,932.165658
0.00432,183,934.197234
0.008379,327,940.684111
0.018898,181,942.765045
0.007821,59,943.765106
0.008204,133,945.386068
0.005685,101,946.854929
0.024783,368,950.9025
0.002664,59,951.943286
0.0,85,953.203452
0.004773,208,955.465753
0.000231,111,956.936664
0.012216,281,959.957805
0.0,367,963.717677
0.00643,141,965.374237
0.65152,315,968.600448
0.003598,55,969.567515
0.547732,399,973.847826
0.040051,234,976.674961
0.0,48,977.634088
0.002001,58,978.7143
0.0,58,979.759155
0.000342,289,982.877675
0.304926,201,985.098454
0.0,151,986.948365
0.014304,293,993.093435
0.071308,282,996.168782
0.969489,438,1000.643304
0.632877,383,1004.488493
0.001657,49,1005.382377
0.0,51,1006.304331
0.009571,183,1008.352282
0.003183,155,1010.265031
0.000475,339,1014.758851
0.002336,65,1015.85307
0.004918,317,1019.134577
0.009715,159,1020.962994
0.002939,250,1023.604038
0.0,264,1026.402284
0.0,264,1029.308309
0.009666,60,1030.352659
0.237911,229,1032.94297
0.202646,151,1034.76263
0.200589,170,1036.865631
0.0,53,1037.886496
0.005903,65,1038.997088
0.01324,304,1045.325994
0.005325,275,1048.507399
0.000977,215,1050.975443
0.553727,228,1053.611462
0.007836,44,1054.516787
0.003829,70,1055.629436
0.0,65,1056.730539
0.009204,196,1059.131882
0.000239,216,1061.637417
0.001394,141,1063.448597
0.564178,368,1067.182496
0.322132,586,1072.769506
0.007064,68,1073.822076
0.003393,179,1075.910806
0.0,67,1076.963829
0.924477,371,1080.789562
0.004911,228,1083.442819
0.579213,391,1087.493988
0.0,55,1088.472619
0.005794,55,1089.419573
0.0,57,1093.565035
0.009808,263,1096.776774
0.149919,175,1098.818415
0.007726,165,1100.882591
0.005888,138,1102.608269
0.006535,52,1103.514588
0.007786,66,1104.560467
0.008763,180,1106.564869
0.000475,298,1109.606347
0.0,156,1111.418807
5e-05,86,1112.718657
0.00063,335,1116.304275
0.090019,166,1118.339188
0.248715,471,1123.044617
0.009221,230,1125.670394
0.007195,190,1127.951238
0.272545,171,1130.229668
0.554427,707,1137.578454
0.006957,113,1139.146085
0.834033,361,1145.657122
0.005717,155,1147.491437
0.070375,245,1150.073243
0.123073,197,1152.624982
0.00593,209,1155.514296
0.012692,270,1158.508685
0.010472,278,1161.946886
0.061049,143,1163.853666
0.004018,56,1164.88538
0.778321,283,1167.754869
0.0,72,1168.891618
0.0,189,1171.097818
1.7e-05,220,1173.492483
0.081729,121,1175.196099
0.008495,183,1177.44666
0.005913,55,1178.462359
0.531223,404,1182.825679
0.000561,59,1183.982016
0.003917,64,1185.07345
0.170046,250,1188.370627
0.439248,234,1191.440234
0.010355,186,1198.360943
0.138301,512,1204.779079
0.465155,215,1207.123267
0.007677,399,1211.518164
0.00082,423,1215.832237
0.004623,116,1217.396064
0.180475,425,1221.818154
0.0,123,1223.411939
0.0,49,1224.347632
0.986741,725,1231.475772
0.13253,233,1234.038633
0.004032,148,1235.804391
0.028036,513,1240.664482
0.003464,124,1242.242724
0.0,238,1248.056442
0.003076,125,1249.728444
0.032893,400,1253.947591
0.489647,227,1256.52591
0.159204,210,1258.948317
0.003994,177,1261.18296
0.067729,162,1263.245615
0.005761,59,1264.309204
1.750397,400,1268.450138
0.766991,340,1272.028887
0.027397,430,1276.743261
0.361915,128,1278.509093
0.007131,60,1279.681059
0.006072,317,1283.103266
0.006139,59,1284.150217
0.792465,219,1286.697336
0.03237,282,1289.807314
0.013686,146,1291.729392
0.57027,186,1297.02547
0.258003,179,1299.232019
0.304894,481,1304.173017
0.0,58,1305.233037
0.0,65,1306.358121
0.644432,326,1310.167497
0.0,298,1313.567632
0.00376,131,1315.272136
0.00884,249,1318.038368
0.003749,186,1320.179153
0.001208,118,1321.757772
0.0,177,1323.836448
0.122776,338,1327.446421
0.010271,195,1329.767443
0.70926,320,1333.201108
0.002139,211,1335.603837
0.24714,219,1338.095449
0.247335,301,1341.299753
0.537955,315,1347.467669
0.004656,174,1349.560395
0.006982,137,1351.349743
0.0,84,1352.605606
0.0019,177,1354.708978
0.051983,155,1356.55366
0.004515,111,1357.983665
0.005208,270,1361.049299
0.263389,182,1363.096339
1.023851,383,1366.80833
0.0154,231,1369.230385
0.586782,250,1371.920508
1.324584,635,1377.980345
0.0,52,1378.980597
0.55484,972,1388.044203
0.184612,107,1389.450544
0.006406,184,1394.407873
0.011272,66,1395.528327
0.005682,58,1396.512782
0.009401,51,1397.434726
0.929856,222,1399.833319
0.652971,307,1402.970137
1.288621,257,1405.673697
0.006907,124,1407.189857
0.003077,150,1408.971247
0.071419,237,1411.635045
0.016115,295,1414.777388
1.588104,272,1417.708787
0.0,128,1419.357383
0.022205,179,1421.437459
0.857716,289,1424.423928
0.009453,79,1425.62554
0.352995,181,1427.687592
0.006877,309,1430.7975
6.3e-05,86,1431.985085
0.008969,214,1434.32921
0.010826,57,1435.329675
0.000743,227,1437.67347
0.0,65,1438.689154
0.003702,74,1439.854323
0.00756,219,1444.902048
0.038534,132,1446.664492
0.078174,204,1448.91437
0.383789,166,1450.909081
0.028534,200,1453.159247
0.042318,203,1455.362538
0.057546,240,1457.878548
0.009682,455,1462.335396
0.001863,182,1464.446603
0.140465,583,1470.170485
0.010741,149,1471.990343
0.904404,164,1473.893667
0.340386,153,1475.628562
0.145255,233,1478.16141
1.118296,248,1480.89552
0.002628,244,1483.523065
1.1193,503,1491.393182
0.168062,304,1494.399124
0.172308,334,1497.724776
0.006891,251,1500.470558
0.009232,156,1502.447769
0.892676,284,1505.546859
0.009326,157,1507.47506
0.011711,383,1511.459851
0.095812,228,1513.971011
0.006875,344,1517.490951
0.28681,227,1519.961518
0.168402,148,1521.85502
0.173705,159,1523.881721
0.21208,211,1526.311469
0.010514,118,1527.923605
0.240975,186,1530.281473
0.00219,629,1539.697842
0.004532,64,1540.831893
0.0,127,1542.517626
0.004817,95,1543.969368
0.0,486,1549.014096
1.468328,230,1551.452211
0.464447,451,1555.843602
0.003987,187,1558.485793
0.007126,120,1562.623659
0.002253,56,1564.389416
0.007753,170,1566.511383
0.309867,189,1568.868303
0.127428,285,1571.891183
0.755626,230,1574.50727
0.019377,169,1576.511886
0.005057,52,1577.512336
0.000726,146,1579.418728
0.0,66,1580.590693
0.0,97,1582.009592
0.024822,259,1584.98205
0.043897,127,1586.638425
0.055097,295,1589.888762
0.265808,249,1596.084382
0.425805,317,1599.519824
0.324241,377,1603.612537
0.0,223,1606.200392
0.167451,218,1609.096993
0.006733,60,1610.213609
0.220424,382,1614.388264
0.262068,493,1619.668175
0.146428,716,1627.1579
0.609267,357,1631.002387
0.992189,172,1632.97167
0.005375,110,1634.473647
0.001037,247,1637.221438
0.12132,476,1644.555276
0.133359,400,1648.386154
0.002352,129,1649.917537
0.000256,217,1652.183548
0.05853,149,1653.933869
0.005581,80,1655.059145
0.007479,107,1656.418618
0.014844,451,1660.669429
0.0,60,1661.732164
0.915231,223,1664.091923
0.004901,144,1665.782895
1.34869,331,1669.095866
0.452992,230,1671.642978
0.004187,103,1673.018097
0.212444,104,1674.502568
1.197908,539,1679.659528
0.010609,111,1681.112534
0.778806,603,1689.796071
0.012164,492,1694.718562
0.003863,59,1695.702822
0.003947,154,1697.562506
0.072612,146,1699.390767
0.050974,158,1701.237823
0.00386,312,1704.581973
0.071789,495,1709.488742
0.125757,144,1711.176378
0.005454,198,1713.473599
0.008435,62,1714.583129
1.081599,272,1717.411476
0.506804,239,1719.943203
0.017336,132,1721.521317
0.002781,91,1722.755786
0.76776,325,1726.006543
0.472782,223,1728.413197
0.34986,673,1737.649717
0.02164,443,1742.072345
0.053254,143,1743.869421
0.041661,195,1746.097184
0.172613,253,1748.816228
0.478483,215,1751.26115
1.336847,210,1753.636344
0.215518,138,1755.355237
0.491009,593,1761.152854
0.123461,216,1763.528046
0.010784,110,1764.981166
0.650901,182,1767.109979
0.005972,192,1769.344536
0.219651,224,1771.810136
0.893829,455,1776.388641
3.043383,347,1782.702069
0.067899,204,1785.061639
0.068486,156,1786.93685
0.333008,228,1789.452856
0.001856,129,1791.124844
0.965259,204,1793.437582
0.760604,282,1796.297384
0.0,81,1797.48835
0.092275,225,1799.894781
0.032817,201,1802.176498
0.00531,69,1803.223545
1.225867,389,1807.145907
0.365533,205,1809.33357
0.362839,325,1815.023385
0.307863,311,1819.336336
0.2537,155,1821.383503
0.032304,163,1823.477411
1.019912,361,1827.3527
0.114758,231,1830.012873
0.610858,288,1836.147593
0.312864,277,1839.243296
0.971058,333,1842.766037
0.80141,290,1846.0784
2.559165,418,1850.359684
1.109646,187,1852.601219
0.362906,495,1857.639142
0.004244,186,1859.799517
0.006895,380,1863.750622
0.074299,513,1868.976932
0.003671,99,1870.42831
0.07334,113,1872.03131
0.530427,285,1875.133622
0.010463,321,1878.477995
0.785902,361,1884.963686
0.775541,324,1888.229822
0.377391,192,1890.325066
0.001881,747,1897.09168
0.078491,210,1899.357475
0.680122,355,1902.826658
0.047787,381,1906.743637
0.259636,130,1908.308622
0.007474,310,1911.394629
0.038094,252,1913.98624
3.129352,411,1917.872468
0.013774,465,1922.271024
0.169427,313,1927.91567
0.418463,232,1930.340201
0.016655,167,1932.215392
0.029473,619,1937.846432
0.003288,316,1940.950339
0.688907,201,1943.100351
0.011262,289,1945.988623
0.326681,121,1947.47877
0.001808,57,1948.43059
0.565858,381,1952.087004
0.061786,191,1954.151954
0.016853,321,1957.296685
0.571225,785,1964.50688
0.106456,309,1970.288964
0.001546,75,1971.383036
0.119411,258,1973.980434
0.009856,433,1978.090775
0.25847,229,1980.465901
0.008472,206,1982.653812
0.867823,230,1985.028987
1.027746,579,1990.295434
0.109353,723,1997.337003
0.458283,229,1999.757675
0.415442,616,2005.573956
0.148806,455,2012.447453
0.711273,521,2017.32334
1.306329,355,2020.763902
0.006995,94,2022.041162
0.0,287,2024.950575
2.077296,599,2030.904389
0.037216,149,2032.772586
0.165764,218,2035.395168
0.480713,713,2043.443552
0.010717,241,2046.038096
0.432611,229,2048.667962
0.0,65,2049.699157
1.31127,275,2052.559054
1.136174,236,2057.731978
1.799331,261,2060.420071
0.438994,243,2062.967276
0.613054,194,2065.170836
0.187512,197,2067.485265
0.008214,203,2069.71357
0.015333,62,2070.802414
0.654973,191,2073.005927
0.724172,290,2076.131136
0.3702,436,2080.512898
0.449403,109,2081.950188
0.007914,477,2086.523903
0.050785,144,2088.296232
0.27352,294,2091.22719
1.583702,410,2095.144322
1.164464,246,2097.683919
0.571284,208,2099.900219
0.414235,658,2108.525389
0.126788,276,2111.333564
0.007715,460,2115.698573
0.053383,165,2117.56187
0.053896,236,2119.997679
0.0,66,2121.023528
2.273493,302,2124.043125
0.761366,169,2125.944738
0.006806,352,2129.391875
1.545768,299,2132.362629
1.253052,584,2137.722829
0.285534,258,2140.374682
0.409133,134,2141.991195
0.121746,201,2144.155262
0.745811,375,2150.395833
0.0,63,2151.401304
2.937716,341,2154.725605
1.212451,677,2160.887927
1.216584,415,2164.838283
0.071327,201,2167.027085
0.761865,153,2168.778353
0.645684,267,2171.486029
0.587045,501,2176.250099
0.014993,270,2179.049286
0.205239,1001,2190.737737
0.927223,432,2194.955384
0.299196,173,2196.901669
0.058993,134,2198.531606
0.443599,442,2202.846242
2.099415,300,2205.819832
0.010038,618,2211.449808
0.34519,251,2213.997269
0.563896,228,2216.403894
0.572907,539,2221.482853
0.261021,195,2223.679111
0.123996,191,2225.75357
0.063568,194,2228.050635
1.102735,195,2230.20999
0.560767,182,2235.078427
0.222421,270,2237.811291
0.037143,407,2241.730636
0.804263,223,2244.237016
1.404474,339,2247.550345
0.932915,414,2251.595939
0.027175,254,2254.217241
0.003422,159,2256.111672
1.0848,369,2259.899721
0.029918,341,2263.4389
0.811887,128,2265.038638
0.003399,134,2266.731431
0.005862,342,2270.157523
1.293213,126,2271.684025
0.214543,531,2279.271771
0.574773,203,2281.458029
0.533598,685,2287.658673
0.26326,224,2289.990251
1.117213,397,2293.766656
1.321511,622,2299.444719
1.060752,521,2304.269356
0.753301,218,2306.585658
0.015667,326,2309.751201
0.109155,249,2312.29302
0.619627,381,2316.001137
0.434831,239,2318.456012
0.059694,261,2323.737139
0.002571,101,2325.071604
0.950386,636,2330.85906
1.282191,327,2334.088095
0.224142,255,2336.71071
0.500245,282,2339.70883
0.651262,381,2343.412803
1.30217,548,2348.496283
1.932937,479,2353.096812
0.011744,813,2360.835511
3.342343,522,2368.629445
1.749799,548,2373.805163
0.016292,242,2376.485243
0.377822,292,2379.597871
1.296358,298,2382.75232
0.002689,277,2385.620712
4.789147,678,2392.070961
0.003638,415,2396.083328
0.00491,168,2397.957412
3.481827,427,2402.078367
0.405,123,2403.580197
2.125619,333,2409.542329
0.980605,970,2418.396858
4.89934,838,2425.949991
0.257877,143,2427.642562
2.159452,314,2430.901227
0.008744,498,2435.596675
1.30286,319,2438.739411
0.322209,210,2441.073817
0.268204,199,2443.277383
0.052577,116,2444.711114
0.018373,255,2447.378768
0.101804,220,2452.473446
1.103181,413,2456.685438
0.012443,383,2460.506057
0.786174,201,2462.728302
0.122087,495,2467.62835
0.013941,408,2471.665803
1.282455,386,2475.633294
2.592505,631,2481.550195
0.514527,325,2484.805416
3.767936,452,2489.35291
0.00492,63,2490.436869
0.11713,766,2500.285344
1.072071,446,2504.746121
0.181036,161,2506.678719
0.943065,435,2510.916798
0.924843,121,2512.416922
4.449934,240,2514.976547
3.780327,311,2518.104795
0.01152,58,2519.057994
0.392249,120,2520.577859
0.555995,716,2527.465688
2.073588,638,2533.428813
2.601645,384,2540.483837
0.649217,207,2542.911623
0.315817,339,2546.486219
0.471765,344,2550.141407
0.607518,208,2552.511756
4.522867,614,2558.842488
0.746501,610,2564.950555
3.605915,707,2571.611591
0.421156,466,2576.261832
0.029576,311,2579.465849
0.966215,699,2588.75304
1.167273,163,2590.651925
0.559254,381,2594.665125
1.568576,247,2597.597728
0.072184,235,2600.167057
0.489256,360,2604.041426
0.586003,267,2606.985509
0.349089,599,2613.177599
0.008546,168,2615.269254
2.62514,317,2618.655455
0.641346,141,2620.398767
1.462819,391,2624.33218
2.374079,280,2629.794232
2.408834,564,2635.105661
0.543307,339,2638.681707
1.051423,348,2642.272464
2.47428,974,2651.352215
3.426914,281,2654.401449
2.115345,233,2656.917437
0.007706,209,2659.246846
0.593166,247,2661.837087
2.12983,457,2666.170338
1.453239,185,2668.219561
0.561816,354,2674.285304
0.621878,362,2677.858951
1.065047,426,2682.178221
0.727875,137,2683.804646
2.697786,653,2689.769085
3.399227,567,2695.241909
3.131115,496,2700.13802
4.502021,634,2706.023075
0.405283,619,2711.871822
2.165584,278,2717.47827
0.583188,177,2719.437105
0.95475,319,2722.615863
1.028788,329,2725.929358
2.809664,889,2733.846024
1.132017,261,2736.489902
1.663491,237,2738.950259
0.534939,376,2742.696523
0.785528,386,2746.52242
2.245043,417,2750.61847
3.56195,573,2758.801003
0.454089,349,2762.453464
0.332428,307,2765.515317
0.351197,326,2768.72675
4.942725,453,2773.135054
0.047001,263,2776.051041
0.006968,55,2777.009339
3.383982,349,2780.634463
1.737488,351,2784.312839
0.688729,700,2790.836859
1.233332,1001,2802.425871
1.919694,248,2804.971421
0.07399,116,2806.405482
0.641354,167,2808.271526
1.382844,552,2813.429675
2.688026,608,2818.994225
0.028115,327,2822.214417
1.145369,192,2824.282549
1.622385,170,2826.190576
1.231655,348,2829.572171
0.34054,384,2833.286702
0.069944,570,2838.688137
0.819611,879,2849.785118
0.676533,667,2856.057764
0.223443,335,2859.571213
0.761532,368,2863.410906
2.324678,523,2868.550586
1.579192,235,2871.05093
2.127715,192,2873.247505
1.785197,389,2877.161389
3.554771,392,2881.118086
1.53627,508,2888.767209
2.039243,481,2893.422472
1.644074,720,2900.125567
0.303005,516,2905.083869
2.154423,537,2910.387358
1.996752,433,2914.646836
0.034683,374,2918.552192
0.756012,284,2921.484555
3.235044,392,2925.279727
3.398815,423,2931.954115
0.661558,461,2936.481264
0.837623,251,2939.068491
0.910529,140,2940.729698
1.936997,1001,2950.069741
0.136104,473,2954.60055
0.902693,588,2960.413316
2.613973,694,2967.31568
1.771919,392,2974.025316
0.553549,332,2977.285357
1.366822,460,2981.647949
1.754442,700,2988.0048
0.999839,339,2991.373729
1.768261,528,2996.290859
1.786739,347,2999.667352
3.389251,530,3004.583798
3.351265,347,3007.985646
6.417617,508,3015.289534
0.743971,570,3020.5758
0.709736,294,3023.503092
2.524455,598,3028.974553
0.891327,332,3032.247857
1.423681,214,3034.575441
1.414623,993,3043.350509
1.486951,376,3046.993285
1.279126,418,3050.979458
0.3428,905,3061.63019
4.097191,723,3068.154811
1.274262,611,3073.747958
0.212682,170,3075.635796
0.051535,102,3076.949781
1.32891,161,3078.784482
1.157543,512,3083.590077
1.985509,945,3092.231117
1.177935,210,3094.542214
1.278403,332,3101.045294
1.511574,236,3103.727593
2.026396,339,3107.423506
0.646596,474,3112.164849
1.26393,785,3119.674968
4.581156,814,3127.567081
2.315814,526,3132.707808
5.240758,1001,3145.202088
5.008431,391,3149.131838
0.958314,109,3150.574921
0.72534,309,3153.658789
5.218183,529,3158.684783
0.294084,272,3161.52818
1.621019,579,3166.859403
0.993677,266,3169.570012
1.386688,333,3172.830289
0.671033,163,3174.658823
2.651381,292,3177.587233
0.026445,293,3180.535969
2.153187,513,3187.850617
3.534948,545,3192.935724
3.239974,402,3196.84372
7.283333,595,3202.293605
1.165589,342,3205.631515
0.686885,364,3209.140808
2.382975,464,3213.494251
1.385857,287,3216.415648
1.136298,369,3219.979263
1.716216,489,3227.200594
3.998825,620,3232.863815
6.756809,672,3238.971518
1.528556,351,3242.378698
0.277586,188,3244.417218
6.240859,1001,3253.246354
0.895289,783,3260.269791
4.2933,1001,3272.445921
3.409458,740,3279.429429
0.412727,857,3287.132809
0.883462,179,3289.356323
4.30326,738,3296.779958
0.748005,302,3299.968616
3.120637,596,3305.893059
6.163967,436,3313.510877
1.461954,373,3317.459765
2.145245,701,3324.360759
0.439387,157,3326.498194
0.004197,363,3330.586008
2.958883,518,3336.444461
3.447454,699,3343.581764
1.65243,570,3349.247566
5.688491,631,3357.656153
4.20004,349,3361.036847
0.89278,558,3366.22769
4.72052,589,3371.664934
4.752014,377,3375.335201
5.464226,654,3381.30401
0.726593,655,3387.265142
2.676521,905,3398.355728
3.139513,661,3404.365579
2.023918,307,3407.403196
0.447995,462,3411.753321
0.00313,232,3414.206825
2.570658,554,3419.329528
5.788282,825,3426.714887
3.746322,894,3437.760505
0.720952,478,3442.23479
6.59282,501,3446.99482
0.186556,614,3452.649313
4.044467,466,3457.165531
5.141435,481,3461.730965
0.504741,382,3465.404475
3.966038,356,3468.874161
6.009419,357,3472.324406
4.60407,586,3480.726774
4.984673,428,3484.789069
1.869265,324,3487.959893
1.024363,191,3490.016511
7.941719,1001,3498.83563
1.410341,539,3503.812177
1.470514,192,3505.883013
2.545713,650,3511.7848
2.095725,834,3522.265799
1.666063,393,3526.02051
1.402703,627,3531.708642
0.834171,559,3536.849846
3.159571,1001,3545.67111
1.676094,738,3552.324452
6.47775,507,3560.06288
1.248295,1001,3568.948288
0.259134,259,3571.584476
0.697912,415,3575.517263
1.66218,550,3580.593428
6.956014,795,3587.699014
4.190677,550,3592.786152
1.023103,382,3596.443998
5.874453,467,3603.815109
3.411292,693,3610.098239
0.149851,551,3615.191258
2.151196,564,3620.396577
2.593982,834,3628.259623
2.066109,805,3635.665041
2.519146,690,3645.162188
4.375246,1001,3654.297853
0.76628,358,3657.780182
2.63837,361,3661.290255
2.34291,576,3666.64236
1.647503,219,3668.965833
3.26358,412,3673.071429
1.385735,1001,3685.280308
2.073395,543,3690.350978
2.419047,1001,3699.264351
1.012381,235,3701.697505
3.24578,656,3707.718452
0.974703,557,3713.378932
2.702113,356,3717.254857
0.875256,639,3726.611984
1.239882,452,3731.466229
1.581601,429,3735.811089
5.15243,562,3741.670258
0.734689,1001,3751.170089
10.729919,1001,3760.686821
0.015642,482,3765.85951
4.73845,519,3773.842717
1.946837,386,3777.567313
1.573867,721,3784.092155
3.861433,802,3791.296765
1.801776,593,3796.734666
2.026751,387,3800.830351
2.176759,370,3804.640615
9.426828,1001,3817.393497
0.950373,675,3824.238287
6.330705,1001,3833.703127
2.615896,185,3835.777118
1.855803,377,3839.433654
2.957458,406,3843.313894
1.172645,875,3854.183928
6.066937,1001,3863.325986
3.319239,832,3871.215934
1.484576,229,3873.632775
2.460529,1001,3883.290935
3.14223,384,3887.187847
2.633104,357,3891.090933
5.556147,877,3902.460733
3.133387,1001,3911.884084
1.222447,154,3913.665612
4.043519,847,3921.307203
0.677867,668,3927.63622
1.669362,654,3933.68946
2.7667,270,3939.451012
0.413756,1001,3948.379636
5.800538,1001,3957.285182
6.238341,657,3963.252771
2.562792,358,3966.712054
3.326458,1001,3978.593338
5.597077,627,3984.322754
0.012891,430,3988.418411
5.951954,961,3996.973819
2.522842,1001,4006.116783
3.381118,183,4008.35292
4.846721,464,4013.164148
2.937652,1001,4025.982921
1.795718,427,4030.381674
2.47574,944,4039.515256
9.693261,1001,4049.306222
0.64445,486,4054.171785
2.863916,887,4066.040542
1.273707,436,4070.264876
1.098032,307,4073.46757
6.359693,1001,4083.425962
5.701556,1001,4092.842509
1.145503,1001,4102.48975
3.287504,229,4107.673685
1.426731,929,4116.711054
2.31124,667,4123.165571
1.581476,227,4125.535766
2.15407,1001,4135.255258
1.945232,760,4142.705256
4.815113,861,4154.376754
1.537274,599,4160.474447
2.692908,1001,4170.515476
3.017878,369,4174.493397
3.636394,463,4179.062312
2.161197,377,4183.061938
1.020172,539,4188.476059
4.93344,585,4197.191726
2.532356,231,4199.817333
6.491088,969,4208.496795
6.919012,956,4216.998791
1.766942,559,4222.171866
5.23334,986,4230.845142
4.879978,360,4236.846335
2.690081,447,4241.097053
1.444687,844,4249.151756
0.911082,1001,4258.817113
8.894304,911,4267.03746
7.085033,1001,4279.195153
2.530064,264,4281.97293
3.800002,1001,4290.856986
3.602913,341,4294.156409
3.838423,432,4298.207452
4.85943,287,4301.066298
6.478614,1001,4309.854232
1.461945,151,4311.598874
2.078742,775,4321.194408
2.334897,228,4323.55834
1.271583,153,4325.288123
2.320653,329,4328.48933
6.248552,1001,4337.331654
2.325432,509,4342.01285
1.721907,1001,4350.846654
4.728813,612,4359.134876
1.126977,220,4361.738144
3.560834,383,4365.798357
1.194735,1001,4375.428166
8.450913,878,4383.95728
5.749258,432,4388.357312
1.689485,1001,4400.282281
1.42078,260,4402.907847
3.598063,834,4410.364982
3.467435,1001,4419.159436
3.286637,1001,4427.984401
5.729814,408,4431.830463
1.735478,1001,4443.16222
5.828415,1001,4451.989589
2.086974,969,4460.527003
0.091622,385,4464.191488
2.686501,940,4472.564957
5.673604,1001,4483.939657
7.266809,946,4492.333883
1.44362,935,4500.598359
1.372069,1001,4509.459666
3.795774,1001,4520.855427
2.250413,644,4526.702332
4.922633,721,4533.165374
4.782927,1001,4541.996511
9.880088,1001,4550.804272
6.474128,1001,4562.304497
3.088555,886,4570.153137
4.407229,1001,4578.99312
1.106319,1001,4587.832622
1.456857,380,4591.451503
1.89751,621,4599.68951
13.196495,1001,4608.575665
3.868335,518,4613.350153
4.734824,1001,4622.141776
8.107847,1001,4633.647383
2.178529,591,4639.294272
2.753323,812,4646.505777
6.759242,668,4652.551792
3.761742,591,4657.970381
1.445114,261,4660.627227
2.308823,1001,4669.907448
4.985554,1001,4682.194869
5.389394,542,4687.442717
4.914859,760,4695.530153
6.109577,697,4702.205759
1.722118,432,4706.547098
11.955442,1001,4719.434973
3.417953,375,4723.80317
6.039808,1001,4733.562714
12.083995,1001,4742.513283
8.790801,1001,4751.389464
3.341477,320,4754.628204
6.92558,1001,4767.135547
3.918146,236,4769.811402
8.170642,1001,4779.261711
11.13059,1001,4788.367075
7.529512,937,4797.538901
15.332333,1001,4810.104029
4.435754,461,4814.906453
6.892699,649,4821.403305
2.092879,244,4824.136074
5.399062,581,4829.912896
2.33737,780,4837.572508
11.224696,1001,4848.971604
3.483699,792,4856.105971
6.04551,811,4863.425213
5.287604,740,4870.299459
1.249395,566,4875.651125
9.331908,615,4881.533361
1.882193,501,4889.140743
7.157266,310,4892.284635
12.928213,1001,4901.583572
10.595364,1001,4910.833322
1.781288,815,4918.394779
3.100999,1001,4930.590168
3.226572,919,4939.234203
8.618067,555,4944.725894
9.276246,1001,4954.084815
8.355129,1001,4963.384567
7.244018,1001,4975.485512
4.007723,563,4980.765275
7.713527,731,4987.385703
11.780287,1001,4996.246088
1.910025,189,4998.280225
5.21112,1001,5009.820832
3.770081,747,5016.845569
3.380574,723,5023.442595
2.348173,1001,5032.27744
3.393647,834,5040.071756
9.850501,1001,5051.462551
10.702312,883,5059.276296
3.885403,485,5063.792691
10.138787,807,5070.950029
6.39957,1001,5079.763793
0.895805,193,5081.857701
18.331845,1001,5093.158199
2.952364,717,5099.581199
3.817289,970,5108.101351
4.216034,843,5115.543173
4.877258,555,5120.622129
12.566992,620,5128.827374
2.311038,1001,5137.609976
6.993897,519,5142.376325
3.156048,458,5146.663601
3.029661,675,5152.742835
5.352854,1001,5161.541117
6.137483,1001,5172.840734
6.883359,1001,5181.623606
5.389508,1001,5190.406047
12.532497,1001,5199.219997
10.586084,1001,5210.519014
10.499399,719,5216.988557
9.5503,1001,5225.898863
9.192036,1001,5234.762022
16.977058,1001,5246.267682
3.038252,423,5250.25236
9.111897,1001,5259.538793
1.858561,1001,5268.709447
2.674834,391,5272.542015
7.373073,1001,5284.392432
4.201519,1001,5293.467023
4.869432,1001,5302.475456
11.086903,650,5308.364669
7.330098,1001,5317.128388
9.793699,618,5325.320308
18.954521,1001,5334.186327
12.672271,1001,5343.069409
11.829766,1001,5351.959367
6.205332,538,5356.938853
7.569255,1001,5368.402227
3.796089,698,5374.677803
5.25882,859,5382.286648
5.046252,541,5387.230221
10.989417,1001,5396.086132
14.863689,1001,5407.42383
8.450899,889,5415.293361
2.884222,993,5424.13495
6.525443,1001,5433.002401
13.201237,1001,5444.507933
11.210161,774,5451.431918
11.460524,1001,5460.280033
2.807134,229,5462.74041
10.935716,1001,5471.652873
12.410962,1001,5483.335127
1.723442,453,5487.875015
15.589689,912,5496.314222
12.180016,914,5504.795992
6.736273,408,5508.817383
11.299156,1001,5520.533963
3.373913,610,5526.300986
8.446532,1001,5535.451799
13.069435,1001,5544.603603
17.614773,813,5551.917998
9.105028,1001,5563.837846
9.430559,855,5571.561059
10.394486,755,5578.419448
2.125159,281,5581.370887
5.028543,1001,5590.581728
15.516341,1001,5602.844916
4.882709,437,5607.198746
5.718901,586,5612.858341
6.960111,1001,5622.100931
9.5574,1001,5631.402862
7.031597,867,5639.482346
3.103595,369,5645.875218
9.338247,615,5651.583288
17.31101,1001,5660.438441
1.676685,293,5663.351967
22.535308,1001,5672.574
4.0426,624,5678.414348
10.829464,1001,5690.149046
16.023325,1001,5699.068909
17.809188,1001,5708.165693
20.378007,1001,5717.248073
5.071172,287,5720.193307
8.327016,1001,5732.037705
13.541599,1001,5741.237005
3.563641,475,5745.641773
4.109654,1001,5754.698875
17.587143,1001,5766.335863
10.558125,1001,5775.95117
15.763658,1001,5785.142474
4.488306,670,5791.213454
17.942791,1001,5800.16429
20.535589,1001,5812.124927
17.040274,919,5820.525635
10.506791,470,5825.053089
15.805672,1001,5834.075861
4.909642,435,5838.366919
12.974605,1001,5849.963922
10.366042,498,5854.589102
7.849174,1001,5863.588756
13.995863,1001,5872.511945
22.252422,1001,5883.873755
10.430076,1001,5892.625152
20.150242,1001,5901.517281
2.308428,1001,5910.415804
6.130861,957,5919.176956
18.903328,1001,5931.383346
16.099194,1001,5940.635928
20.781048,1001,5950.152481
15.633971,1001,5959.548722
10.347978,1001,5972.043851
11.480192,1001,5981.31328
16.090814,1001,5990.685544
19.083045,1001,6000.095894
12.210058,1001,6011.652479
1.922432,364,6015.232615
8.691415,924,6023.883142
11.433855,1001,6032.736623
12.908859,989,6041.442588
16.667364,1001,6052.827007
7.748849,417,6056.868179
2.116263,599,6062.473754
17.52853,1001,6071.499494
13.055916,1001,6080.61042
7.174067,1001,6092.255559
7.387284,571,6097.509049
15.783056,1001,6106.2495
22.050954,1001,6115.035204
19.985943,1001,6126.369283
21.679775,1001,6135.296858
16.46075,1001,6144.353042
12.501285,1001,6153.469187
16.07495,1001,6165.318808
3.943697,534,6170.285321
3.986897,437,6174.396924
15.844319,1001,6183.554739
3.924321,605,6189.320653
16.041237,1001,6198.575362
13.689877,1001,6210.652975
17.535542,1001,6220.087514
18.163517,1001,6229.655774
21.042123,1001,6238.655599
24.65915,1001,6250.106146
19.719756,1001,6259.091044
18.543599,1001,6267.904608
18.882037,1001,6276.765062
21.602595,1001,6288.467759
22.45455,1001,6297.668163
16.022232,1001,6306.654188
16.850249,1001,6316.043288
21.664281,1001,6327.921057
15.950709,1001,6337.124706
20.378236,1001,6346.568843
23.45921,1001,6355.866208
12.41878,572,6361.199322
3.814186,210,6366.153762
6.115797,735,6373.07604
27.309707,1001,6382.460515
20.138537,1001,6391.856154
19.316808,1001,6400.966524
6.213585,338,6406.920475
13.935063,902,6414.937103
15.131544,1001,6423.719682
14.769703,1001,6432.51795
16.039979,1001,6441.300331
15.380899,1001,6452.724729
20.225285,1001,6462.011957
20.227833,1001,6471.232682
23.213024,1001,6480.049018
17.564399,1001,6491.631441
19.29072,1001,6500.428133
17.575586,1001,6509.324692
28.019324,1001,6518.172288
16.826534,1001,6530.101122
17.71648,1001,6539.245667
15.016112,1001,6548.252896
19.083014,1001,6557.453104
4.941653,471,6564.48471
22.116881,1001,6573.342564
21.384052,1001,6582.360982
25.065676,1001,6591.22229
20.250098,1001,6602.607256
17.296887,1001,6611.428974
20.375034,1001,6620.274114
21.2605,1001,6629.197516
14.7263,1001,6638.053285
23.584688,1001,6649.458443
21.272633,1001,6658.501918
25.604832,1001,6668.183924
29.433004,1001,6677.431355
26.585915,1001,6689.296457
5.348009,412,6693.263625
25.698036,1001,6702.180558
22.43542,1001,6711.345131
23.055921,1001,6723.149883
2.322881,246,6725.827551
19.642077,1001,6735.108109
9.710335,1001,6744.081736
7.454624,571,6749.314528
22.644746,1001,6758.218405
8.270319,551,6765.878837
3.856218,682,6772.042281
25.170951,1001,6780.912686
19.262251,1001,6789.736791
21.772302,1001,6801.156997
27.618915,1001,6810.02479
9.753099,855,6817.622107
23.787611,1001,6826.663004
22.823638,1001,6835.578529
16.947228,1001,6847.015105
23.975578,1001,6855.873521
23.996283,1001,6864.738548
17.123288,716,6871.16575
18.158463,973,6882.46881
22.682896,1001,6891.387175
17.110463,1001,6900.252663
10.518438,1001,6909.089373
24.155802,1001,6920.523734
12.359694,746,6927.232998
24.059403,1001,6936.10658
23.318551,991,6944.879331
5.250396,491,6949.539026
11.058136,576,6957.438282
21.086145,1001,6966.287875
14.238558,634,6971.998761
25.463801,1001,6980.801024
24.021395,1001,6989.607913
23.309497,1001,7001.200729
26.794292,1001,7010.625778
17.784013,1001,7019.560973
26.949563,1001,7028.370041
26.263988,1001,7039.841436
24.764634,1001,7049.030184
2.080339,479,7053.541103
27.620709,1001,7062.621393
27.166802,1001,7071.607728
22.4918,1001,7083.077076
29.552986,1001,7091.949013
22.180833,1001,7100.807462
26.324372,1001,7109.623251
16.575436,1001,7121.083769
27.15416,1001,7129.971715
22.692073,1001,7138.810726
25.715471,1001,7147.691396
26.023251,1001,7159.53088
27.545649,1001,7168.769187
22.666877,1001,7178.19672
26.08034,1001,7188.221127
13.561769,958,7200.108905
20.276186,1001,7209.382048
25.43373,1001,7218.444342
23.582558,1001,7227.508674
27.512913,1001,7240.081593
21.980731,1001,7249.53044
24.269437,1001,7259.224081
26.9948,1001,7268.625605
14.839481,1001,7280.429724
11.270564,1001,7289.635162
25.022439,1001,7299.131403
23.947601,1001,7308.387248
27.206366,1001,7320.108443
23.499224,1001,7329.297838
28.965506,1001,7338.566577
25.788635,1001,7347.574594
28.902409,1001,7359.316717
24.22404,1001,7368.20845
21.838344,1001,7377.033862
25.83124,1001,7385.940333
26.695299,1001,7397.876755
31.24414,1001,7407.587185
18.718668,1001,7416.916157
26.551676,1001,7426.120643
25.549426,1001,7435.245225
27.071295,1001,7447.426687
28.455971,1001,7456.70772
24.042555,1001,7465.993556
24.937449,1001,7475.468304
25.223242,1001,7487.61609
29.188481,1001,7496.609145
27.920667,1001,7505.616909
24.096577,1001,7514.551388
26.76724,1001,7526.463452
27.635878,1001,7536.161698
29.926179,1001,7545.26833
26.105938,1001,7554.254394
25.664564,1001,7566.354699
24.777106,1001,7575.787185
15.942807,762,7583.076244
24.837296,1001,7592.634056
27.296018,1001,7604.760223
25.869806,1001,7614.244199
24.919773,1001,7623.652983
26.707017,1001,7633.135363
29.130571,1001,7645.217893
23.624305,1001,7654.736132
28.292302,1001,7664.003185
26.440334,1001,7672.999184
25.43886,1001,7684.463427
27.523117,1001,7693.416328
27.052015,1001,7702.338264
27.753547,1001,7711.236177
26.288062,1001,7722.764855
25.747533,1001,7731.71715
26.820333,1001,7740.893491
24.350429,1001,7750.024462
26.993449,1001,7762.036091
10.296677,935,7770.781077
27.089992,1001,7780.227865
24.095383,1001,7789.623582
28.147416,1001,7798.762583
31.11546,1001,7811.920572
26.021614,1001,7821.406303
28.027528,1001,7830.970539
28.939806,1001,7840.776103
22.214003,1001,7852.912922
22.163902,1001,7862.307698
7.725515,639,7868.443698
26.531855,1001,7877.983671
30.02176,1001,7889.833643
24.989021,1001,7899.172148
25.846188,1001,7908.643193
3.079985,340,7912.234686
27.878819,1001,7921.700435
31.247763,1001,7933.523318
28.017676,1001,7942.732069
28.67836,1001,7952.224825
26.446939,1001,7961.559458
28.042868,1001,7973.982609
26.6693,1001,7983.280953
26.808233,1001,7992.601399
18.81753,1001,8001.919934
31.432466,1001,8014.924284
28.511458,1001,8024.714242
26.125559,1001,8033.75268
24.943944,1001,8043.912305
28.470565,1001,8056.536812
29.504106,1001,8065.916891
26.94485,1001,8075.803055
27.286554,1001,8085.488473
25.730165,1001,8097.54808
29.741695,1001,8107.03581
29.579276,1001,8116.328979
29.710796,1001,8125.98807
6.743004,374,8130.131719
28.909846,1001,8143.00916
30.355501,1001,8152.821079
27.35489,1001,8162.631033
24.464607,1001,8172.39465
30.287735,1001,8185.026515
28.019917,1001,8194.798939
27.354258,1001,8204.745713
26.92304,1001,8214.616172
29.359852,1001,8227.254839
30.463441,1001,8237.420931
28.494526,1001,8248.017668
28.960176,1001,8257.884246
28.21553,1001,8270.635232
29.485795,1001,8280.650579
28.706209,1001,8290.365573
29.652838,1001,8300.290018
29.677777,1001,8312.239859
17.792151,722,8319.026144
29.78361,1001,8328.043752
29.652441,1001,8337.110271
30.957176,1001,8346.062302
31.050957,1001,8357.665617
31.47956,1001,8366.63342
27.873927,1001,8375.895122
29.143776,1001,8385.666157
27.115378,1001,8398.50982
28.353536,1001,8408.772668
31.102633,1001,8418.785474
28.834414,1001,8428.068819
29.945755,1001,8439.798158
29.831497,1001,8448.812538
30.494639,1001,8457.826436
30.128463,1001,8466.811905
30.500715,1001,8478.842223
32.713398,1001,8487.930187
28.189753,1001,8496.995467
30.667576,1001,8506.051245
30.240093,1001,8517.625723
30.386836,1001,8526.549095
29.701734,1001,8535.437847
31.338179,1001,8544.366344
29.119533,1001,8555.970657
31.719394,1001,8565.130373
20.269861,943,8573.67105
32.444457,1001,8583.244973
31.110413,1001,8595.701353
26.393637,1001,8605.353246
29.506838,1001,8614.698606
8.474104,384,8618.624899
28.317663,1001,8628.245335
31.206457,1001,8640.269067
28.524294,1001,8649.498495
31.976572,1001,8658.697252
30.651128,1001,8667.647685
29.9548,1001,8679.372522
28.742797,1001,8688.577357
27.042439,1001,8697.902589
27.213684,1001,8707.305103
28.897512,1001,8719.248091
27.561302,1001,8728.162476
30.07088,1001,8737.095181
29.707437,1001,8745.975669
31.568157,1001,8757.750653
31.997048,1001,8766.699446
31.531729,1001,8775.603622
30.687761,1001,8784.458185
30.371716,1001,8796.146972
16.895831,943,8804.543639
32.451146,1001,8813.380495
31.767219,1001,8822.361256
32.431687,1001,8831.273672
29.284687,1001,8843.08696
31.902441,1001,8852.04528
28.733014,1001,8861.13463
28.03334,1001,8870.075038
27.81739,1001,8881.980482
28.73434,1001,8891.099509
26.569289,1001,8900.015818
32.596085,1001,8908.962953
29.403402,1001,8920.941554
28.066063,1001,8929.945121
30.66013,1001,8939.141259
21.520232,893,8947.458546
30.291261,1001,8959.854855
31.208139,1001,8969.060167
31.338824,1001,8978.702197
30.189064,1001,8988.509836
31.006533,1001,9001.010184
31.161885,1001,9010.701471
29.727162,1001,9020.057456
26.688959,1001,9029.203001
28.366431,1001,9041.588297
30.791381,1001,9051.121905
29.337338,1001,9060.170758
16.861945,799,9067.901353
30.834075,1001,9080.581872
