#{"t_start": 1704852842.752612, "env_id": "None"}
r,l,t
1.511862,18,0.477682
1.832882,21,0.784443
1.638232,22,1.175652
1.400971,18,1.525393
1.903801,24,1.844069
2.643994,23,2.154909
2.317323,24,2.501115
1.852452,21,2.810106
24.64047,245,3.994559
1.642541,20,4.313906
1.513925,19,4.609305
1.807252,21,4.903352
1.658914,19,5.181727
2.026812,23,5.474205
1.506868,18,5.768561
2.086605,21,6.090387
1.745041,21,6.460547
1.805552,20,6.926787
2.214663,21,7.291544
17.524856,225,8.394665
32.480355,427,10.170747
1.801063,20,10.46397
1.998406,21,10.760642
11.746672,123,11.414785
1.611152,20,11.715483
1.509281,18,11.991524
2.447948,28,12.306121
1.71084,22,12.602324
1.891739,21,12.940165
1.475374,18,13.241627
1.733751,20,13.558783
44.464884,365,15.279564
13.039885,196,16.190936
1.80188,20,16.501103
1.80022,19,16.851659
2.192005,21,17.169999
1.452246,19,17.474885
14.097421,107,18.068954
1.767385,22,18.363862
1.761881,20,18.681974
2.281089,23,19.009229
1.613207,20,19.3115
1.427284,19,19.649975
17.083914,164,20.488493
1.783137,22,20.807149
2.211508,23,21.15825
1.414484,18,21.4835
1.561351,19,21.830769
1.471671,20,22.245922
1.666991,18,22.530684
2.199966,22,22.83967
1.485958,20,23.146582
1.555191,20,23.44685
1.925362,23,23.783673
1.613365,19,24.090732
1.599788,21,24.411541
2.258589,22,24.720433
1.879688,19,25.013205
8.464491,72,25.482106
1.904752,19,25.757628
2.563488,22,26.052341
14.413888,119,26.680721
2.211742,22,26.988521
9.443211,75,27.46948
1.977108,22,27.759422
39.009833,342,29.164329
2.693608,29,29.475667
2.123183,21,29.7604
2.31969,24,30.064829
1.79172,21,30.346882
1.449097,19,30.619236
2.211411,24,30.913696
2.200142,23,31.205772
14.663069,159,31.986769
1.682914,19,32.296099
1.51496,20,32.612497
7.359242,79,33.109022
1.987077,20,33.392174
1.360042,17,33.659281
2.077208,22,33.944859
1.816082,20,34.229334
2.546382,24,35.348903
33.06786,275,36.506197
1.719953,18,36.781554
1.613292,19,37.058278
1.757792,21,37.342509
1.665772,20,37.621279
1.934696,21,37.902944
1.50539,19,38.180292
7.896898,86,38.693698
1.596046,21,38.988974
53.864589,413,40.638312
1.563836,18,40.910113
1.879238,23,41.199425
1.613382,19,41.475991
1.609288,21,41.757298
1.711482,19,42.034992
1.672765,20,42.324124
52.049982,426,44.01164
1.556513,19,44.292633
1.948273,24,44.587934
2.317629,23,44.874985
2.151409,21,45.157437
1.859528,24,45.450284
5.437548,43,45.812463
5.708456,64,46.246598
1.782259,20,46.522645
1.470411,19,46.79626
1.682054,18,47.074724
46.480979,330,48.473895
1.680283,19,48.783326
1.629873,18,49.082794
1.61758,20,49.365734
1.916107,21,49.648032
1.618329,19,49.923726
2.066618,21,50.214823
1.977854,22,50.50909
1.53786,18,50.784395
1.578617,20,51.066622
1.409771,21,51.354269
2.339605,23,51.647264
15.713253,283,52.842718
1.820902,20,53.122157
2.124981,22,53.409724
12.380569,94,53.948662
2.126993,21,54.232528
2.211794,21,54.523839
5.764538,71,54.990072
1.762029,20,55.267925
1.854172,21,55.555193
2.162524,23,55.846975
20.072107,162,56.625223
32.766867,346,58.04391
36.959142,273,59.192409
8.030746,68,59.639431
2.42654,24,59.933432
16.703852,252,61.024826
1.778992,21,61.30636
1.480926,18,61.579091
1.966646,20,61.861163
1.445052,19,62.918851
3.20038,29,63.230581
11.399647,146,63.948033
20.526416,165,64.801608
58.614319,393,66.417711
1.542062,19,66.700246
17.824231,261,67.823158
2.184924,21,68.127521
2.01193,20,68.41938
2.017915,22,68.716661
1.944244,21,69.008282
29.705921,278,70.211746
20.187876,283,71.430384
2.053868,23,71.726898
57.677376,554,73.927251
2.234637,22,74.223442
26.807051,243,75.295044
14.256116,130,75.955251
31.882686,299,77.294039
1.765006,19,77.608441
1.891513,22,77.960109
1.449726,18,78.258532
1.983631,21,78.549762
14.907765,129,79.225993
7.824218,72,79.6974
1.472792,19,79.993849
8.444215,73,80.476316
10.514393,94,81.017673
2.478424,22,81.35208
1.761244,22,81.704169
1.565926,18,82.008554
1.593576,20,82.29509
1.829586,20,82.588966
22.289931,185,83.466536
1.899251,21,83.755049
34.110609,500,86.651175
7.028214,59,87.078404
1.576099,18,87.35423
1.351675,19,87.632205
29.574033,800,90.854658
2.128239,22,91.179325
10.338627,148,92.005525
1.727633,18,92.336304
25.382269,192,93.289429
25.15789,166,94.126191
1.848418,23,94.453975
1.952805,23,94.78444
2.076352,23,95.114655
16.483943,265,96.332701
28.533152,493,98.31412
2.022448,21,98.633227
1.730566,21,98.961589
2.055573,22,99.28523
74.017067,603,101.671529
2.443974,25,102.003838
1.720743,19,102.340214
43.924461,337,103.837935
2.451792,23,104.128951
2.112647,23,104.425521
2.639151,25,104.733978
39.230675,293,106.013601
2.099361,21,106.311181
14.669842,172,107.124488
1.849659,18,107.410168
1.916313,21,107.716826
3.05758,30,108.038011
23.365663,259,110.433169
6.335267,68,110.901855
1.520522,19,111.192931
2.28773,23,111.498848
13.552337,172,112.336451
26.944207,278,113.554651
35.047677,495,115.616781
29.146829,260,116.969818
40.79156,320,118.408375
30.444494,253,119.524287
43.590588,313,120.822736
2.034144,22,121.133793
18.079856,157,121.927534
13.624758,139,122.651336
1.614806,18,122.941322
1.484049,20,123.221265
32.302506,282,124.426503
10.987516,81,124.929964
19.841298,187,125.826667
1.805016,20,126.120754
1.802049,20,126.41296
4.710596,197,127.315504
1.358096,21,127.606604
15.785723,119,128.245525
16.629974,175,129.092946
1.539124,19,129.379129
53.687536,501,132.155664
1.684986,21,132.484256
2.161107,21,132.807336
39.721803,323,134.167132
5.072642,47,134.552634
1.526874,21,134.841597
1.727092,21,135.128746
1.680789,21,135.424457
10.971483,886,138.784643
33.244836,277,139.968331
36.060889,508,142.006668
1.928104,22,142.299928
56.157296,722,145.355917
103.899673,801,148.467386
2.302154,24,148.773496
2.472888,26,149.125076
38.411039,525,152.371555
17.024639,138,153.085967
1.75566,20,153.377094
39.444741,308,154.746584
1.539625,22,155.06174
8.867404,97,155.657448
29.668709,1001,159.423189
1.931175,22,159.720364
80.350209,697,162.464958
44.610314,455,164.377754
51.542879,434,166.277915
7.215823,90,166.870919
2.06692,20,167.186638
2.35349,25,167.505169
34.66093,242,168.593199
80.944208,1001,173.12831
19.845193,291,174.351132
7.131324,77,174.854045
16.759401,1001,178.699966
1.664299,22,179.000192
14.003856,1001,182.768006
33.317563,655,185.93701
1.587474,18,186.219427
2.34783,22,186.51627
1.837754,22,186.832481
36.047061,1001,191.736467
66.698135,577,194.050941
16.946233,177,194.873695
59.200071,1001,198.700745
1.995309,24,199.014117
55.931184,823,202.288055
1.427874,19,202.574897
30.050372,903,206.740883
58.119957,1001,210.504287
75.574598,553,212.681889
52.254829,374,214.193283
57.98648,974,217.964056
2.253637,21,218.252654
40.307672,706,220.968941
41.474286,1001,225.57428
21.306065,652,228.34344
34.55269,1001,232.243878
7.476526,56,232.665386
62.685188,1001,236.847579
21.975567,268,238.051638
1.732429,19,238.333527
30.530293,1001,243.137713
36.06758,437,245.060591
27.940621,521,247.156407
26.469518,1001,251.097085
57.176196,748,254.037478
55.409261,1001,258.722238
47.0664,1001,262.696785
40.708474,1001,266.708125
51.511187,1001,270.665999
57.772824,639,273.164049
48.265964,990,277.703808
96.558978,925,281.242811
121.936478,937,284.778502
45.916253,1001,288.557127
16.913074,146,289.304589
46.956356,1001,293.866782
36.424688,1001,297.593514
42.116591,1001,301.467748
41.712715,1001,305.363252
47.714148,1001,310.161096
50.836615,1001,313.901336
55.014006,1001,317.74978
31.256871,1001,321.62172
1.852804,22,321.921354
94.079033,1001,326.912235
19.354823,1001,330.838784
78.245559,1001,334.599867
63.305583,660,337.209112
34.692803,1001,341.706287
56.943307,1001,345.468769
45.021525,1001,349.227926
42.345055,1001,353.12107
40.29724,1001,357.647455
41.023714,1001,361.429829
40.088625,1001,365.159474
1.888026,21,365.442732
41.340224,1001,369.363914
1.928209,24,369.681331
26.731221,1001,374.234264
38.519128,1001,377.986773
90.947173,1001,381.752677
38.652952,1001,385.621076
55.866337,1001,390.470884
28.864056,1001,394.248278
17.797571,1001,398.001093
17.739235,1001,401.897204
1.758299,23,402.193191
141.851549,1001,405.925589
30.542055,1001,410.434967
48.374813,1001,414.2226
50.581962,1001,418.10257
31.125457,1001,421.818508
65.028193,1001,426.461734
35.445721,1001,430.447085
22.656374,395,432.096465
21.904823,576,434.46261
119.026092,1001,438.198213
68.828075,1001,442.724645
25.897511,1001,446.477992
23.724515,1001,450.319065
31.062486,1001,454.090874
13.096028,1001,458.659997
93.401704,1001,462.401281
61.7574,1001,466.289696
110.553883,1001,470.033584
149.803178,1001,474.524878
86.321358,816,477.628876
29.049605,791,480.613416
42.755974,1001,484.416549
44.468386,1001,488.94402
35.531607,1001,492.65362
48.442651,1001,496.355335
60.603232,993,500.19598
32.50894,1001,504.745087
64.61843,1001,508.64754
22.567947,1001,512.432449
33.658595,1001,516.265347
29.579594,1001,519.996951
14.102037,1001,524.527605
109.661133,1001,528.252119
143.024653,1001,532.120594
86.323603,1001,535.870587
23.523261,1001,540.366863
72.476994,1001,544.200165
74.855159,1001,548.055486
11.87137,1001,552.057607
29.467909,1001,556.604762
79.817897,1001,560.341299
67.712238,1001,564.092759
40.940721,1001,567.953708
27.828161,1001,572.498576
135.192589,1001,576.237815
121.229967,1001,579.984244
39.508865,1001,583.821127
15.204896,1001,588.36019
46.808478,1001,592.143449
79.213532,1001,595.93725
63.961526,1001,599.771966
29.65868,1001,604.274921
28.790208,1001,608.049314
29.013398,1001,611.767851
76.202799,1001,615.623141
23.760632,1001,620.159439
68.737192,1001,623.933435
27.036476,1001,627.896274
31.663812,1001,631.752339
59.105127,1001,636.265051
67.330176,1001,639.99795
49.214955,1001,643.792202
49.733798,1001,647.654183
35.11324,1001,652.190287
53.379506,1001,655.911528
106.248783,1001,659.67662
33.377779,1001,663.553751
16.987102,1001,668.145146
39.313002,1001,672.319337
86.668858,865,675.701877
27.663797,1001,679.598303
23.0628,1001,683.352091
41.588483,1001,687.888209
45.574743,1001,691.712934
46.274296,1001,695.581297
38.609863,1001,699.498434
44.964185,1001,704.071174
105.590718,1001,707.813634
15.786611,1001,711.602186
55.394177,969,715.388721
58.698525,1001,719.906353
51.959896,607,722.267797
29.13302,1001,725.979853
92.626981,818,729.16467
47.713498,1001,732.866872
27.825752,967,737.295327
51.408041,1001,741.020662
23.073329,516,743.110401
86.265884,644,745.704933
98.732779,1001,750.473548
25.698477,556,752.635902
30.252523,283,753.849067
97.0664,765,756.7837
38.84353,392,758.377509
26.71547,1001,762.244702
29.107525,866,765.478372
1.605311,21,765.774015
18.487353,710,769.336958
76.030907,678,771.959246
102.563239,885,775.32824
45.622094,832,778.608248
15.55229,735,781.40679
66.981842,508,784.335755
43.429421,459,786.185013
8.077355,198,787.121277
42.961605,347,788.564249
28.50024,1001,792.546261
17.058365,618,795.051465
25.944644,836,798.243663
12.238492,510,800.232744
30.277144,595,803.320118
62.131582,605,805.682926
20.077386,836,808.896331
35.042918,890,812.374955
74.892257,916,815.766075
19.711251,620,818.964753
36.806303,796,822.015142
102.194507,881,825.383606
54.29449,634,827.949256
27.788201,697,830.617275
29.136294,1001,835.193942
59.625475,753,838.051726
13.360116,613,840.397687
25.071735,1001,844.30655
101.330895,864,847.628711
19.077642,462,849.453606
3.90692,365,851.771025
11.349386,1001,855.538689
34.99725,942,859.114787
12.674162,482,861.116809
49.691015,921,864.642822
44.560102,909,869.464256
38.174053,568,871.692513
42.924566,971,875.349216
18.411784,689,878.174069
88.649807,789,881.239302
46.459905,801,885.078374
14.746116,596,887.38523
83.327733,931,890.942709
17.208441,485,893.012951
79.880861,869,896.309571
60.422658,644,898.801415
19.675964,949,903.151132
70.931347,916,906.637165
92.3705,920,910.314585
63.264744,556,912.572453
10.289032,928,916.247137
19.412151,1001,920.795655
16.578124,1001,924.523845
42.048043,753,927.530184
66.977786,717,930.293616
23.388624,1001,934.834731
39.773412,527,936.966474
91.209811,685,939.605737
49.419278,583,942.012531
27.840166,1001,945.800525
67.782917,913,949.265998
74.62568,647,952.54845
126.211332,934,956.100403
39.677763,742,959.047702
103.436784,917,962.544808
55.10183,1001,966.340828
56.262546,964,970.799264
10.461934,1001,974.742039
46.751234,723,977.472734
28.714526,843,980.713232
2.359375,22,981.002603
64.752118,734,983.877427
27.730718,841,987.881735
67.721294,1001,992.006701
21.611651,708,994.732759
38.994408,574,997.009066
22.742524,531,999.091361
20.35977,879,1003.190764
10.398012,612,1005.569865
77.622189,609,1008.041569
3.275581,32,1008.372815
87.743765,840,1011.537199
52.997955,625,1013.955944
13.664445,597,1016.291256
91.075046,1001,1020.892701
62.581647,791,1024.042466
63.05162,959,1027.647213
27.705864,821,1030.836567
40.87103,1001,1035.43612
92.188645,1001,1039.680011
74.004321,972,1043.483486
120.835619,926,1047.05981
20.583138,859,1050.297973
77.064519,1001,1054.904934
26.087589,1001,1058.827727
31.285111,1001,1062.693882
63.737567,846,1065.978869
19.97506,177,1066.809314
9.60651,1001,1071.402565
57.698234,633,1074.018752
72.628466,842,1077.209532
41.802221,713,1079.944967
13.70367,431,1081.724256
56.748732,1001,1086.314427
54.705484,1001,1090.20738
19.378803,784,1093.192567
72.807954,654,1095.737005
55.241914,474,1097.643138
32.888246,1001,1102.330103
64.137969,1001,1106.241732
29.785991,1001,1110.272992
118.508266,1001,1114.076673
28.374101,867,1117.448996
12.73553,666,1120.803501
8.030463,69,1121.260199
15.677389,560,1123.577547
109.934031,1001,1127.387247
17.159001,131,1128.068948
60.536387,1001,1131.830118
31.628351,782,1134.83598
22.289259,928,1139.213269
55.528829,1001,1143.006185
47.32316,1001,1146.827927
25.884911,1001,1150.61182
16.463946,1001,1155.386302
81.732586,919,1158.970579
57.821295,833,1162.048707
61.040045,1001,1165.910535
62.968451,929,1169.969965
87.478469,1001,1173.563554
72.319725,595,1175.770473
34.536971,1001,1179.396575
58.860599,636,1181.735773
17.545124,922,1185.777538
41.698021,974,1189.281696
27.725181,1001,1192.889542
28.384634,1001,1196.497683
109.86979,827,1200.221453
24.718242,606,1202.486439
34.962052,1001,1206.065462
57.046614,650,1208.451137
49.622693,799,1211.377066
63.31452,1001,1215.674081
12.950339,1001,1219.267658
17.704242,539,1221.266358
111.285561,858,1224.381561
10.959806,103,1224.939801
69.986465,1001,1228.545746
84.922654,1001,1232.850231
27.777389,1001,1236.440922
69.480916,1001,1240.066324
25.152877,1001,1243.688353
23.899049,1001,1248.015377
49.821782,931,1251.367002
50.922563,1001,1254.972037
61.3025,621,1257.265779
74.514051,1001,1260.864425
19.219212,1001,1265.151889
56.660823,1001,1268.79487
15.993498,885,1272.015456
16.881295,1001,1275.819615
40.217709,1001,1280.173515
32.32727,1001,1283.780948
18.380434,1001,1287.382867
61.393341,944,1290.813435
27.370194,1001,1295.128615
101.145201,1001,1298.757207
20.685258,1001,1302.368019
12.078966,803,1305.301522
2.510093,21,1305.591902
22.221061,172,1306.370312
82.311323,1001,1310.696458
38.328776,634,1313.074205
98.609118,1001,1316.705941
65.095537,1001,1320.326939
91.665791,1001,1323.937389
32.547538,1001,1328.233377
99.180265,747,1330.956595
15.202394,793,1333.826288
71.000393,1001,1337.445948
140.19821,1001,1341.7628
72.764169,1001,1345.40797
15.722916,1001,1349.020147
17.073717,1001,1352.662513
81.685966,1001,1356.941991
34.188773,1001,1360.535515
14.958251,944,1363.941893
51.852789,819,1366.923011
17.347768,761,1369.69818
79.045982,775,1373.230363
17.412277,650,1375.644577
25.748091,1001,1379.251859
17.965246,606,1381.590688
44.138983,1001,1385.19882
62.175078,1001,1390.0289
65.305089,1001,1393.640615
4.620687,45,1393.996201
20.421341,1001,1397.642204
69.05151,1001,1401.239091
25.801708,1001,1405.540552
143.855891,1001,1409.119266
78.822478,1001,1412.740309
151.242382,1001,1416.292088
20.214726,1001,1420.590354
31.285784,496,1422.468638
81.03388,643,1424.839541
89.368587,1001,1428.438057
80.116382,1001,1432.039623
28.064484,1001,1436.33099
15.771368,1001,1439.898656
70.469015,1001,1443.481977
51.501099,858,1446.583405
65.702783,1001,1450.897966
91.683684,1001,1454.480342
18.055471,1001,1458.153442
25.900066,1001,1461.898271
24.672975,1001,1466.338396
10.495879,1001,1470.130145
42.005427,1001,1473.841617
56.39776,1001,1477.606226
22.703809,1001,1482.358914
94.956536,1001,1486.16927
11.986221,1001,1490.047952
33.737336,1001,1493.689478
34.188698,1001,1498.352457
22.157886,1001,1502.31245
119.220633,950,1506.004898
40.910747,1001,1510.838191
10.201341,71,1511.353815
37.076042,1001,1515.139211
48.791263,1001,1520.007755
21.531075,1001,1523.887871
29.185825,963,1527.554997
136.007376,967,1531.334956
17.56096,1001,1536.166311
77.717193,1001,1539.924543
113.629011,1001,1543.642194
35.941542,1001,1547.333943
30.788582,1001,1551.753457
115.695933,1001,1555.34994
91.887226,1001,1558.987087
82.558425,1001,1562.726472
5.062788,53,1563.114166
40.462407,1001,1567.7274
62.590731,1001,1571.350572
149.353453,1001,1575.054151
59.475134,418,1576.738482
19.987925,1001,1581.171351
118.902687,1001,1584.843664
29.032388,1001,1588.574728
88.788065,1001,1592.647585
59.886194,1001,1596.692205
27.456155,1001,1601.454255
74.957334,1001,1605.527515
82.66992,1001,1609.459894
135.864534,1001,1613.509133
131.895218,1001,1618.499302
25.245315,1001,1622.495127
76.767989,1001,1626.59816
24.620678,1001,1631.169427
90.873487,1001,1636.495051
61.166578,1001,1640.546638
28.644347,1001,1644.316
128.525728,1001,1648.697999
61.553397,1001,1653.742056
118.434942,1001,1657.98505
24.315636,1001,1662.159512
9.958074,1001,1666.264088
103.420879,851,1670.728923
30.30561,1001,1674.893155
62.767199,1001,1679.104356
66.664439,1001,1683.396059
15.786728,1001,1688.528745
26.957601,1001,1693.172999
14.412756,1001,1696.891892
15.830537,1001,1700.560195
62.296459,1001,1704.996354
93.810722,1001,1708.748046
44.753592,1001,1712.381513
36.386052,1001,1716.070012
17.718187,1001,1720.419341
71.539177,1001,1724.000767
24.151687,1001,1727.579168
17.837664,1001,1731.17495
22.044356,1001,1735.436816
28.855482,1001,1739.009437
25.109424,1001,1742.629735
25.386318,1001,1746.254771
103.845746,1001,1749.944406
17.929476,1001,1755.228512
129.718243,1001,1759.088138
99.482995,1001,1762.829208
57.162511,1001,1766.579076
13.335044,1001,1771.066717
23.365518,1001,1774.775904
77.019457,1001,1778.51649
12.577607,1001,1782.240366
86.373562,951,1786.594536
84.208518,1001,1790.272745
20.686045,1001,1793.996276
140.839234,1001,1797.691189
70.754859,1001,1802.251284
19.308919,1001,1806.175621
28.034427,1001,1810.032304
22.550417,1001,1813.827605
24.890836,1001,1818.628119
22.09014,1001,1822.324552
102.019313,1001,1826.306472
39.954674,1001,1830.263775
63.911221,1001,1835.530073
30.130826,1001,1839.321648
22.528397,1001,1843.252192
106.686902,1001,1847.135933
96.235815,1001,1852.034037
73.254643,1001,1856.195327
28.079236,1001,1860.209127
26.412097,1001,1864.336949
53.297923,1001,1869.145862
55.64783,1001,1873.307254
76.821011,1001,1878.016909
99.00037,945,1882.260072
136.145821,1001,1887.422365
39.5444,1001,1892.298611
28.190497,1001,1897.081681
17.748375,1001,1902.030839
112.812121,809,1906.156189
32.116484,1001,1913.8432
22.841092,1001,1919.628059
118.562745,995,1924.778264
19.566877,1001,1930.043301
96.532224,1001,1936.524935
130.826454,1001,1940.921984
32.312837,1001,1945.013286
86.428136,1001,1949.314985
25.352266,1001,1954.251711
47.818475,1001,1958.404233
129.890899,1001,1962.595289
75.286737,717,1965.507128
137.225911,1001,1970.392887
36.549222,1001,1974.465696
124.965619,1001,1978.341895
9.420331,69,1978.801504
37.593671,1001,1982.577985
70.362459,1001,1987.510086
94.386416,713,1990.35468
40.669403,356,1991.889888
26.917355,1001,1995.993628
90.509755,1001,1999.926058
23.365159,1001,2005.012718
20.731915,1001,2009.267636
14.555661,1001,2013.29931
18.697133,1001,2017.766911
102.273901,1001,2022.604325
52.959274,1001,2027.195386
86.550902,1001,2031.152616
18.913371,1001,2035.562711
30.100637,1001,2040.330796
15.289995,990,2044.207326
27.178959,1001,2048.287245
45.394362,1001,2052.642514
45.901901,1001,2056.796876
13.882129,1001,2061.63598
98.966896,1001,2065.581621
125.341004,1001,2069.555537
101.15302,1001,2073.38035
69.614212,1001,2078.002143
34.756551,1001,2081.874509
5.663787,47,2082.266864
54.313434,1001,2086.163036
18.941241,592,2088.663936
95.427724,1001,2093.457958
25.338899,1001,2097.277389
15.195955,1001,2101.099247
85.044634,1001,2104.881361
43.204952,1001,2109.656333
65.523242,1001,2114.085122
19.802555,1001,2118.202283
35.235807,1001,2122.05279
20.262254,1001,2126.760774
49.890325,1001,2130.643877
94.304931,1001,2134.496
74.583284,1001,2138.475394
95.705877,1001,2143.506358
27.486945,1001,2147.389636
30.195921,1001,2151.198592
111.770422,1001,2155.063806
38.007125,1001,2160.103415
21.293037,1001,2163.940641
15.665163,141,2164.644308
51.471968,1001,2168.452098
31.695249,1001,2172.246806
77.004166,1001,2177.082227
25.104797,1001,2180.846387
49.667945,1001,2184.627095
90.390182,1001,2188.350209
93.641009,1001,2192.237699
39.190591,791,2196.053295
96.634668,1001,2199.854255
70.970446,851,2203.059499
25.697083,1001,2206.869867
34.992451,1001,2211.693328
27.937257,1001,2215.47496
29.305343,1001,2219.233891
27.062431,1001,2223.049166
23.986787,1001,2227.760499
88.507647,1001,2231.528057
131.587919,1001,2235.280847
39.148443,1001,2239.089532
28.761352,1001,2243.757958
102.4257,1001,2247.525327
90.59853,1001,2251.302415
101.029111,1001,2255.024944
22.551135,1001,2259.878222
56.072819,1001,2263.892894
57.218245,1001,2267.644903
128.601687,1001,2271.387771
94.597569,1001,2276.20561
59.69647,1001,2280.010232
101.564275,1001,2283.997943
108.260792,1001,2287.788455
22.608923,1001,2292.486376
131.9717,1001,2296.235826
22.434974,1001,2299.925761
83.603082,1001,2303.733454
20.923572,1001,2307.639885
25.499544,1001,2312.276157
100.54415,1001,2316.038654
44.6683,1001,2319.754683
35.348709,1001,2323.657549
14.293174,1001,2328.308763
77.539445,1001,2332.080535
141.088299,1001,2335.805422
18.317496,1001,2339.657888
88.60676,1001,2344.247727
47.917929,1001,2348.005678
24.684653,1001,2351.721798
25.545366,1001,2355.57284
27.941622,941,2359.930566
35.14979,1001,2363.673086
83.830853,1001,2367.455587
52.814574,1001,2371.280327
26.981231,1001,2375.850336
132.530929,1001,2379.624846
23.859148,1001,2383.409156
44.845697,1001,2387.501585
23.948704,1001,2392.04764
36.347091,1001,2395.842502
102.549093,1001,2399.775756
19.496291,1001,2403.68803
31.160289,1001,2408.213681
93.693754,1001,2411.928275
96.507256,890,2415.307766
105.876167,1001,2419.076731
42.462324,1001,2423.745405
92.449835,1001,2427.461565
38.388036,1001,2431.185667
134.027939,1001,2434.907691
89.01076,1001,2439.634994
117.79311,1001,2443.33597
75.232357,1001,2447.104966
26.232175,1001,2450.909009
106.17785,1001,2454.794808
18.717638,1001,2459.382374
36.891995,1001,2463.124993
83.359796,1001,2466.871452
94.909966,1001,2470.703591
101.536411,1001,2475.302986
104.279514,1001,2479.063992
100.245779,1001,2482.804011
30.297721,1001,2486.652651
60.172958,1001,2491.263829
26.539666,1001,2494.991943
36.787576,1001,2498.904685
45.615237,775,2501.96898
23.662611,924,2506.921812
109.947398,1001,2510.673833
18.208862,1001,2514.515412
108.179502,1001,2518.367759
99.037796,1001,2522.973188
42.358783,1001,2526.966155
83.479742,1001,2530.770411
90.984743,1001,2534.650621
111.330435,1001,2539.166765
116.661022,1001,2542.941422
113.10814,1001,2546.762278
32.813308,1001,2550.575094
51.077044,1001,2555.105067
90.260885,1001,2558.848434
38.559604,1001,2562.605904
42.396408,1001,2566.464615
97.504454,1001,2571.072954
34.484124,1001,2574.799355
71.637573,1001,2578.55935
43.222161,1001,2582.40261
105.775278,1001,2586.202775
25.155804,1001,2590.796597
76.026435,1001,2594.561271
36.797601,1001,2598.368892
24.475427,1001,2602.153391
33.672138,1001,2606.741812
22.791194,1001,2610.531126
32.845917,1001,2614.346211
76.066955,1001,2618.194549
61.384981,1001,2622.802324
99.162983,1001,2626.810906
96.19378,1001,2630.675919
43.079525,1001,2634.545683
48.238882,1001,2639.359308
13.721097,1001,2643.100156
36.326488,1001,2646.879647
111.564261,1001,2650.671366
78.96952,1001,2655.215383
87.352183,1001,2659.050282
134.897806,1001,2662.831301
53.67371,1001,2666.713839
43.282773,1001,2671.288165
61.496271,1001,2675.080172
116.085058,1001,2678.833863
19.071529,1001,2682.638415
77.472173,1001,2687.119449
29.846871,1001,2690.906872
73.034383,1001,2694.69675
28.606842,1001,2698.554917
21.929368,1001,2703.203815
51.132676,1001,2706.974626
23.503281,1001,2710.716627
123.836704,1001,2714.547599
98.937265,1001,2719.121832
37.06813,1001,2722.859782
25.295546,1001,2726.60318
30.302422,206,2727.57753
33.522082,1001,2731.39165
28.122368,1001,2736.017911
17.599598,1001,2739.813312
23.145635,1001,2743.646587
49.640779,1001,2747.715914
34.488631,1001,2752.355429
25.889776,1001,2756.317014
25.661715,1001,2760.120498
34.635351,1001,2764.012015
89.520513,1001,2768.586941
45.333115,1001,2772.349404
30.404585,1001,2776.146662
41.457602,1001,2779.997729
141.563601,1001,2784.553331
39.251357,1001,2788.330519
49.841217,1001,2792.090491
33.168941,1001,2795.912949
31.30629,1001,2799.637467
84.839185,1001,2804.17303
76.97459,1001,2807.954644
18.567897,1001,2811.795519
121.128327,1001,2815.537845
43.440931,1001,2820.122548
24.253218,1001,2823.905087
38.212997,931,2827.505871
26.725285,1001,2831.276629
40.797976,1001,2835.825219
134.567979,1001,2839.568779
39.338735,1001,2843.465895
99.761847,1001,2847.216626
37.088148,1001,2851.775588
29.881801,1001,2855.537459
24.286222,1001,2859.415001
36.643494,1001,2863.174501
107.296021,1001,2868.117579
84.717963,1001,2871.91282
103.518412,1001,2875.939973
24.941956,1001,2879.706351
137.203961,1001,2884.310038
62.965443,1001,2888.076404
34.27178,1001,2891.930252
102.309991,1001,2895.730272
52.203759,1001,2900.322558
39.57286,1001,2904.08093
49.509093,1001,2907.911178
37.595032,1001,2911.767729
26.341411,1001,2916.311127
34.767961,1001,2920.111838
51.592843,1001,2923.958271
97.667575,1001,2927.739451
89.482309,1001,2932.399669
32.052916,1001,2936.186344
113.075494,1001,2939.909506
119.416114,1001,2943.732804
31.373718,1001,2948.280143
89.716422,1001,2952.042964
40.488535,1001,2955.811009
35.870702,1001,2959.677219
48.568019,1001,2963.430121
79.944376,1001,2967.949879
31.838715,1001,2971.729034
58.234883,1001,2975.589812
53.027253,1001,2979.410153
32.976376,1001,2984.220621
77.835377,1001,2988.007302
28.166154,1001,2991.873433
94.744345,1001,2995.821581
86.195927,1001,3000.489878
25.192056,1001,3004.219261
66.263856,1001,3008.062059
49.26019,1001,3011.829881
30.799175,1001,3016.388158
81.13358,1001,3020.186458
57.176296,1001,3024.076447
89.990269,1001,3027.858278
92.725626,1001,3032.49004
113.033195,1001,3036.228963
131.073436,1001,3040.120351
46.578055,1001,3043.834985
28.894381,1001,3048.400463
30.400135,1001,3052.152561
50.209236,1001,3056.052652
120.549554,1001,3059.786877
37.466109,1001,3064.351618
35.712805,1001,3068.122626
86.610249,1001,3071.970697
32.223273,1001,3075.704046
75.994645,1001,3080.304355
91.901928,1001,3084.080045
34.873871,1001,3087.893839
77.903339,1001,3091.627045
70.565064,1001,3096.203928
39.465333,1001,3099.990253
45.460595,1001,3103.88611
104.941134,1001,3107.861928
41.280721,1001,3112.512194
31.55622,1001,3116.410867
104.694235,1001,3120.25656
70.83895,1001,3123.965864
35.10356,1001,3128.535104
37.448602,1001,3132.286832
49.63654,1001,3136.187322
32.466639,1001,3139.961793
95.798764,1001,3143.720962
92.844511,1001,3148.301818
83.939767,1001,3152.159409
90.558763,1001,3155.904953
47.544678,1001,3159.647199
35.257696,1001,3164.267572
27.859986,1001,3168.123824
89.319729,1001,3171.905208
22.825251,1001,3175.630786
49.415836,1001,3180.195034
105.228129,1001,3184.014995
111.337856,1001,3187.824178
111.087563,1001,3191.582762
103.833115,1001,3196.135374
78.632561,1001,3199.847388
37.780663,1001,3203.725526
52.88302,1001,3207.449609
115.408442,1001,3212.05253
88.449567,1001,3215.767472
63.90502,1001,3219.726931
126.502045,1001,3223.458061
112.766522,1001,3228.266923
101.286816,1001,3232.064133
33.103563,1001,3236.088859
91.860843,1001,3239.841685
40.211119,1001,3244.447235
93.580972,1001,3248.233783
44.864015,1001,3252.057292
49.614535,1001,3255.853034
44.070943,1001,3260.381467
102.178133,1001,3264.153598
82.265893,1001,3268.072768
39.396004,1001,3271.818856
78.850706,1001,3276.390589
56.335393,1001,3280.154465
91.864381,1001,3284.063517
103.588266,1001,3287.81961
49.00994,1001,3292.435271
83.433147,1001,3296.180472
103.665195,1001,3300.061124
113.361037,1001,3303.814733
117.038952,1001,3308.354476
105.112373,1001,3312.079979
41.714367,1001,3315.958701
30.863592,1001,3319.736252
45.096201,1001,3323.489942
116.401303,1001,3328.038717
90.903502,1001,3331.903533
95.056857,1001,3335.686126
43.427732,1001,3339.494939
89.062057,1001,3344.122464
48.373279,1001,3348.18228
94.250163,1001,3351.989839
87.133862,1001,3355.956265
49.319712,1001,3360.501477
35.778609,1001,3364.31441
25.409349,1001,3368.050645
104.340685,1001,3371.828122
111.280795,1001,3376.388733
33.89071,1001,3380.265066
77.458721,1001,3383.978066
65.174106,1001,3387.708591
87.023861,1001,3392.345963
96.155556,1001,3396.2063
41.177429,1001,3399.916109
46.798204,1001,3403.651363
81.197,1001,3408.28837
78.534248,1001,3412.183184
31.12166,1001,3415.91542
110.042577,1001,3419.654195
106.059376,1001,3424.294021
31.465792,1001,3428.143815
51.534973,1001,3431.911048
51.238062,1001,3435.63309
57.774708,1001,3440.206078
26.030982,1001,3444.044873
77.37005,1001,3447.78188
116.411638,1001,3451.562807
68.388749,1001,3456.131302
19.921551,1001,3459.990352
88.007995,809,3463.107966
112.018371,1001,3467.14043
110.975972,1001,3470.958202
111.60889,1001,3475.821711
46.819691,1001,3479.686572
121.902096,1001,3483.465071
49.814708,1001,3487.236354
26.893642,1001,3491.887809
101.904114,1001,3495.806487
44.507598,1001,3499.567196
91.129189,1001,3503.332967
109.203905,1001,3507.915411
34.546262,1001,3511.761463
28.490814,1001,3515.498103
25.978251,1001,3519.261908
94.825481,1001,3523.823958
122.634497,1001,3527.684765
40.426772,1001,3531.454522
44.450933,1001,3535.230508
36.898131,1001,3539.810653
23.40991,1001,3543.664731
97.865071,1001,3547.412341
37.237686,1001,3551.145053
93.80032,1001,3555.714666
84.060387,1001,3559.514047
117.624563,1001,3563.273974
96.603153,1001,3567.020153
105.234871,1001,3571.646505
81.560631,1001,3575.601079
43.272253,1001,3579.443619
22.349593,1001,3583.287127
42.34571,1001,3588.018392
119.596677,1001,3592.065195
127.631009,1001,3595.805728
34.174615,1001,3599.524825
29.322724,1001,3604.101274
33.400894,1001,3607.967386
39.080054,1001,3611.691289
36.478839,1001,3615.428982
95.614377,1001,3620.017329
31.365457,1001,3623.798999
36.51124,1001,3627.63845
107.340744,1001,3631.417888
80.539529,1001,3635.147554
82.487044,1001,3639.696104
94.542417,1001,3643.558218
112.871856,1001,3647.333526
29.786584,1001,3651.095573
35.091771,1001,3655.684703
77.448554,1001,3659.576137
108.209857,1001,3663.294481
36.800094,1001,3667.027125
35.262785,1001,3671.61519
56.452815,1001,3675.43743
91.879869,1001,3679.19984
38.169999,1001,3682.967108
86.398083,1001,3687.505867
52.455788,1001,3691.338138
26.409316,1001,3695.051584
105.420057,1001,3698.858293
28.65865,1001,3703.440318
114.74414,1001,3707.533554
46.712745,1001,3711.496937
103.101474,1001,3715.301255
40.342076,1001,3719.96166
32.65339,1001,3723.860567
106.451079,1001,3727.614856
43.529512,1001,3731.399916
90.052318,1001,3735.987286
87.961206,1001,3739.864745
43.251535,1001,3743.655431
93.423756,1001,3747.396523
61.056396,1001,3751.947204
90.096418,1001,3755.793284
123.420738,1001,3759.567031
60.305047,1001,3763.335224
63.402108,1001,3767.908289
76.663341,1001,3771.781905
28.650192,1001,3775.553917
29.990292,1001,3779.305508
104.129551,1001,3783.891964
96.797574,1001,3787.722195
57.51942,1001,3791.450642
101.789445,1001,3795.152818
78.794834,1001,3799.705584
100.026004,1001,3803.560302
33.68513,1001,3807.279792
19.134828,1001,3811.045251
36.030631,1001,3814.77352
115.235801,1001,3819.417581
25.351862,1001,3823.275866
19.407422,1001,3827.186834
118.009055,1001,3831.087723
24.405801,1001,3835.766526
99.948826,1001,3839.481553
33.075333,1001,3843.217959
31.779147,1001,3846.936241
86.63555,1001,3851.536371
35.389586,1001,3855.276503
64.70226,1001,3859.010244
37.739363,1001,3862.772625
63.068851,1001,3867.325396
22.25856,1001,3871.099742
42.028559,1001,3874.838848
114.678342,1001,3878.568955
130.932615,1001,3883.158032
38.595366,1001,3886.94373
62.857618,1001,3890.729204
126.082704,1001,3894.498857
97.644882,1001,3899.16036
31.305775,1001,3902.998506
77.177347,1001,3906.761115
29.038522,1001,3910.529643
30.898233,1001,3915.42403
96.636615,1001,3919.296708
111.384466,1001,3923.107508
37.568999,1001,3926.878718
70.689526,1001,3931.531635
65.707764,1001,3935.391426
33.491694,1001,3939.192271
117.817717,1001,3942.979653
37.742431,1001,3948.161382
80.875919,1001,3952.081908
46.995894,1001,3955.88884
33.755665,1001,3959.634423
37.712872,1001,3964.183001
64.388234,1001,3968.006859
121.10135,1001,3971.750041
92.515127,1001,3975.548385
34.816341,1001,3980.106288
88.075092,1001,3984.152961
92.742336,1001,3988.119906
94.825742,1001,3991.933138
32.085336,1001,3995.724826
94.319397,1001,4000.49152
130.485245,1001,4004.381528
102.230742,1001,4008.237728
33.235698,1001,4012.096216
35.869597,1001,4016.847463
21.064201,1001,4020.611538
35.520783,1001,4024.394009
23.249931,1001,4028.186554
83.161343,1001,4032.903447
119.587034,1001,4036.621043
73.707898,1001,4040.364944
31.103509,1001,4044.128664
90.836802,1001,4048.78027
37.782204,1001,4052.54025
47.437471,1001,4056.298138
94.584249,1001,4060.229561
121.813408,1001,4064.924045
26.573118,1001,4069.032269
97.099255,1001,4072.799178
108.398577,1001,4076.544805
32.462522,1001,4081.242653
31.622278,1001,4084.96505
27.836065,1001,4088.735647
49.336245,1001,4092.444081
113.684406,1001,4097.162615
102.408209,1001,4100.872127
47.437545,1001,4104.597369
117.890802,1001,4108.378656
