#{"t_start": 1702768662.751023, "env_id": "None"}
r,l,t
0.806712,312,1.297151
1.573041,237,2.165294
0.698339,235,3.040733
1.299454,322,4.243415
2.003902,281,5.261902
4.769762,426,6.704994
22.386393,1001,9.786576
2.460115,503,11.451283
29.280647,1001,15.281726
1.746889,264,16.239825
32.751578,1001,19.346737
2.119102,540,21.097519
30.100801,1001,24.166895
1.367728,356,25.398359
26.31777,1001,29.246446
0.774693,295,30.29343
4.352829,535,32.074467
5.37911,720,34.363812
1.628734,294,35.415086
0.233749,112,35.931373
1.763479,595,37.927634
1.893083,331,39.100813
0.893023,303,40.155438
2.446837,559,41.93871
1.242387,634,44.741011
0.648789,421,46.128235
7.553357,700,48.311787
7.06183,1001,51.355113
0.739512,104,51.854851
34.473261,1001,54.909522
0.955054,568,57.528909
0.370637,204,58.316977
1.954738,585,60.178742
0.961315,140,60.779495
18.616886,1001,63.833848
0.875763,314,64.937402
0.561368,409,66.310108
10.007992,1001,69.345402
1.960935,406,71.498815
29.204273,1001,74.562633
3.28498,708,76.791239
1.738324,494,78.398541
0.735824,1001,81.434661
1.359027,347,82.621737
1.887856,956,86.362667
27.830041,1001,89.438033
30.064451,1001,92.498402
32.93453,1001,95.566919
1.247848,357,96.786022
2.984065,332,98.794221
2.107261,1001,101.868356
0.812644,291,102.961926
0.807373,516,104.655223
1.857002,249,105.574284
2.791822,740,107.888821
0.44546,191,108.645937
0.561613,179,109.36476
0.602601,827,112.704424
36.058242,1001,115.780123
30.165871,1001,118.840141
20.63193,1001,121.917619
0.606254,568,123.731315
0.821379,510,126.11026
2.01968,1001,129.179495
1.251031,822,131.732359
0.220598,112,132.249981
33.041382,1001,135.329858
1.41465,310,136.422233
0.890255,229,137.277387
30.031514,1001,141.08514
0.520674,223,141.929372
0.500302,268,142.904614
1.434043,411,144.279356
0.588354,248,145.192777
0.682877,148,145.814029
0.098154,113,146.347495
0.820679,288,147.376956
21.902498,1001,150.447147
30.859161,1001,154.354083
29.310179,1001,157.428156
4.653414,411,158.805567
33.862408,1001,161.878037
34.79045,1001,164.948312
0.17833,531,166.665441
3.206032,393,168.812173
0.597098,402,170.166894
17.69378,877,172.886251
33.800386,1001,175.954699
35.797065,1001,179.01447
0.615834,679,181.992609
2.614563,545,183.744074
0.634648,260,184.688167
2.413978,492,186.295728
1.162341,462,187.81091
1.559489,928,190.652204
0.684015,203,191.430619
1.417903,244,192.324792
2.334838,1001,196.196051
32.482859,1001,199.269896
27.032359,1001,202.332505
3.620434,425,203.752248
0.292146,225,204.605466
0.951028,314,205.712269
0.003109,290,206.756193
2.550446,274,207.74364
32.436946,1001,211.623758
28.060414,1001,214.685908
32.757672,1001,217.74091
2.804534,391,219.052703
1.380833,155,219.700447
34.653885,1001,223.565506
1.705363,472,225.111832
1.129023,242,226.001882
36.471409,1001,229.069181
0.756674,493,230.6837
1.070783,196,231.439783
26.382414,1001,234.504462
2.427093,285,235.520929
1.074823,249,236.43194
26.934233,1001,240.345584
1.811597,326,241.468906
1.106831,312,242.555539
3.554205,1001,245.615008
1.088024,517,247.286422
32.66205,1001,251.105908
1.546523,494,252.71615
0.526907,154,253.363819
2.91148,1001,256.413776
0.503697,635,258.430571
1.287995,291,259.462027
0.519446,294,260.500973
2.339834,367,261.748876
1.774089,407,263.112909
2.205171,455,265.444308
2.393233,814,267.97318
1.063747,207,268.762522
0.574041,740,271.064229
0.911109,219,271.896821
2.433373,568,273.785655
0.902604,607,275.714309
0.686253,379,276.997921
31.263572,1001,280.913582
34.660429,1001,283.989538
1.952512,592,285.892432
1.490257,341,287.077378
1.954149,741,289.395841
22.596487,1001,293.214742
1.343002,1001,296.268919
2.139645,440,297.726931
1.342443,512,299.387378
0.502823,270,300.357395
0.806103,164,301.030066
0.679781,234,301.896164
33.300133,1001,304.974584
1.293699,344,306.161816
29.894958,1001,310.033741
3.207332,315,311.131583
31.668105,1001,314.193117
1.32092,200,314.964414
1.262878,574,316.810624
35.690274,1001,319.875688
17.81583,1001,323.789509
0.7097,189,324.526395
28.262048,1001,327.590561
2.923491,278,328.583031
30.831007,1001,331.650705
34.810533,1001,335.547619
1.10864,243,336.441423
4.339578,1001,339.485616
3.888713,626,341.474523
30.760054,1001,344.537527
33.368931,1001,348.359549
33.17692,1001,351.432278
1.980436,329,352.564304
0.665057,250,353.472777
35.092164,1001,356.530038
0.705351,170,357.220192
30.190685,1001,360.289893
0.625287,288,362.155375
32.514144,1001,365.221727
1.195307,210,366.022708
1.393351,151,366.649675
33.053877,1001,369.72399
1.577668,365,370.956652
2.887986,258,371.894295
30.435465,1001,374.960428
2.523649,670,377.919179
33.908843,1001,380.997161
35.702866,1001,384.07412
37.04526,1001,387.293713
0.755693,163,387.998305
32.222202,1001,391.84587
5.270473,720,394.472276
36.126828,1001,397.680854
37.042364,1001,400.768152
3.967081,612,402.728385
36.683699,1001,406.956677
35.322494,1001,410.38593
34.85949,1001,413.699107
1.451919,192,414.49193
1.472368,1001,417.684161
37.137846,1001,421.682147
35.255354,1001,424.882227
1.76886,360,426.138474
1.384611,498,427.777637
0.711125,231,428.707712
3.057212,345,430.027602
36.903637,1001,434.021355
4.74465,443,435.550539
2.088158,348,436.75809
0.924729,271,437.732086
2.220587,303,438.801601
2.229251,188,439.548106
35.428533,1001,442.651427
1.291701,567,444.544162
29.766977,1001,449.008116
0.407028,186,449.8594
2.784061,365,451.232439
33.50475,1001,454.559938
35.039758,1001,458.10845
0.140902,164,458.864063
1.210098,935,461.989962
35.494856,1001,466.019118
36.501818,1001,469.41871
35.631897,1001,473.02428
19.868866,1001,476.192145
1.523073,343,478.222463
32.366729,1001,481.358797
33.950026,1001,484.541447
0.712602,181,485.308582
0.761727,187,486.089814
1.086027,275,487.123818
1.053672,567,488.988037
12.967707,1001,492.870113
35.766203,1001,495.935961
2.27319,209,496.740016
2.149263,151,497.370516
2.172637,350,498.586563
3.257981,481,500.17102
0.696932,165,500.844739
35.210413,1001,503.973129
1.46169,285,504.993119
37.76385,1001,508.811392
36.207857,1001,511.928397
34.464454,1001,515.136358
2.367068,262,516.112873
2.04477,218,516.961497
0.367635,92,517.476423
0.976655,266,518.52732
4.577497,403,519.960697
0.304953,489,522.633804
2.605175,383,523.995026
1.030575,220,524.876441
34.91945,1001,528.051149
1.353271,283,529.09827
1.360333,423,530.555599
0.607555,238,531.456678
0.223248,162,532.210838
2.027629,308,533.305059
0.642989,357,534.527813
3.457224,443,536.767512
35.183862,1001,539.98304
2.083177,388,541.497804
32.849823,1001,544.818769
1.030657,334,546.103876
30.277608,1001,549.468539
32.805545,1001,553.508837
1.462266,964,556.622907
36.961133,1001,559.717211
3.354376,885,562.46027
0.635061,327,563.603595
31.174067,1001,567.558385
1.632004,253,568.489829
1.282185,220,569.32338
2.573885,505,570.986254
4.119008,912,573.864261
1.532614,204,574.67798
2.992511,953,578.075771
0.799755,432,580.585491
33.709835,1001,583.966749
1.143961,316,585.091207
36.410177,1001,588.20422
35.549437,1001,591.346118
2.694281,426,592.765029
35.167535,1001,596.647084
3.09445,702,598.85459
5.846415,1001,601.913281
1.057686,143,602.526794
2.795511,413,603.904863
34.625697,1001,607.745852
34.624907,1001,610.832556
2.476535,1001,613.989005
36.645535,1001,617.102391
1.803897,579,619.18595
34.543025,1001,623.810249
34.226697,1001,627.507449
4.801856,1001,630.809285
36.588124,1001,634.017165
35.821766,1001,637.918743
3.007605,1001,641.050551
36.115581,1001,644.311484
2.683445,198,645.127172
1.832184,228,645.990177
37.076003,1001,649.183958
8.706778,580,651.85362
36.021049,1001,654.998385
3.502926,1001,658.16707
3.483281,1001,661.796967
33.905036,1001,665.77251
1.814777,366,667.013799
5.300876,621,668.990017
3.708719,561,670.830673
34.351819,1001,673.943995
1.407421,488,675.583557
27.918978,1001,679.439143
3.800877,383,680.770524
36.351111,1001,683.853117
1.719501,917,686.666225
0.753614,342,687.837629
1.998152,347,689.017547
34.806099,1001,693.12978
1.175596,268,694.121977
1.180741,350,695.361223
37.97666,1001,698.452064
10.219822,522,700.192157
2.194562,324,701.341189
33.661728,1001,704.771221
19.341414,1001,709.057991
24.424206,1001,712.227615
1.77098,270,713.255486
4.329179,404,714.736448
2.524417,608,716.686636
4.132398,892,719.567449
4.24934,633,722.636444
21.379334,1001,726.063983
37.073293,1001,729.253574
22.497019,1001,732.413295
34.914754,1001,736.271185
1.267571,317,737.37905
2.921328,551,739.14702
35.335508,1001,742.215158
3.506144,407,743.577821
1.807706,511,745.249963
1.806387,260,746.193073
6.814368,818,748.709504
2.731827,377,750.733562
2.660591,399,752.076326
4.621624,426,753.488124
34.260073,1001,756.65587
35.048715,1001,759.710847
36.928711,1001,763.61982
0.965766,123,764.174164
1.041192,213,764.985153
38.14033,1001,768.034838
2.066616,1001,771.080025
32.776323,1001,774.135133
35.566865,1001,778.048898
2.369524,524,779.739922
23.75832,1001,783.018994
6.39234,882,785.866743
1.959143,601,787.787953
2.948512,380,789.110666
2.845504,542,791.64692
1.908807,210,792.451734
5.170559,568,794.271014
2.447022,339,795.436909
35.398021,1001,798.506098
1.8916,168,799.18324
1.204625,806,801.762047
36.614463,1001,805.737759
1.294092,673,807.929001
34.755275,1001,811.051692
35.158985,1001,814.183608
29.496462,1001,817.253411
1.536436,652,820.283999
3.077872,417,821.713951
34.549784,1001,824.840108
1.498899,344,826.073583
36.447289,1001,829.227327
19.569829,1001,833.259513
1.189834,257,834.299843
28.936712,1001,837.46031
37.677687,1001,840.547761
30.309692,1001,843.618625
1.333525,272,844.600423
34.311338,1001,848.420256
3.9206,1001,851.466325
1.813924,1001,854.529783
3.091118,288,855.545421
1.471746,179,856.264645
2.013907,737,858.56655
8.035627,675,861.506605
32.295204,1001,864.575632
2.425794,239,865.457035
2.674871,430,866.900725
27.980266,1001,869.972508
1.80685,243,870.860496
34.991479,1001,874.665519
1.087512,225,875.524919
3.281807,214,876.333724
36.009543,1001,879.410577
4.737399,659,881.503111
35.197724,1001,884.560536
36.189447,1001,888.42224
35.515346,1001,891.489166
2.562119,830,894.078687
36.742529,1001,897.123822
0.65935,235,898.009225
2.474054,206,898.794153
3.123448,1001,902.630442
6.695773,679,904.767305
1.133547,408,906.141413
2.426695,797,908.60218
34.282189,1001,911.66776
33.903315,1001,915.549911
1.468516,157,916.197128
36.14188,1001,919.268958
35.325133,1001,922.33088
1.95603,631,924.335225
3.456799,996,927.385635
3.000077,842,930.73806
35.078782,1001,933.953194
10.659443,1001,937.069027
3.493636,982,940.086806
1.57177,216,940.911258
33.648703,1001,944.786343
2.210633,340,945.968462
29.867959,1001,949.052732
34.788801,1001,952.141458
1.432825,344,953.326862
1.253031,208,954.125987
35.227168,1001,958.004654
1.982481,462,959.518989
33.798239,1001,962.672982
2.062647,334,963.947182
4.334538,697,966.177987
35.067756,1001,969.361844
34.883519,1001,973.36959
1.796069,300,974.465585
4.504325,816,977.04784
33.450459,1001,980.156186
2.721087,530,981.885719
2.752154,690,984.830583
32.578246,1001,987.951676
2.107185,240,988.844847
11.6066,1001,991.926001
31.359376,1001,995.054789
17.325615,1001,998.954697
35.072146,1001,1002.035471
25.89205,1001,1005.141064
3.127382,543,1006.949852
34.738698,1001,1010.115496
5.011011,756,1013.345927
1.223756,323,1014.467399
0.986594,158,1015.130682
18.243275,1001,1018.179306
37.002292,1001,1021.247048
36.769644,1001,1024.309077
35.896876,1001,1028.380896
1.60187,311,1029.482696
2.463198,286,1030.514171
1.861635,632,1032.518306
32.116324,1001,1035.575395
0.944948,454,1037.064292
33.154114,1001,1040.949393
6.921472,1001,1044.014487
2.525302,259,1044.95699
2.697477,374,1046.236059
0.839332,190,1046.978179
2.76276,459,1048.481211
0.894088,254,1049.398955
34.611352,1001,1052.493766
0.6717,376,1054.587253
34.11797,1001,1057.669017
1.637328,591,1059.553187
32.495669,1001,1062.602627
3.076889,490,1064.19199
5.700702,985,1068.153398
32.267134,1001,1071.255681
2.806263,403,1072.740941
33.028113,1001,1075.893775
32.915383,1001,1079.29578
4.120894,280,1080.352541
1.809145,480,1082.708721
30.612517,1001,1085.888041
36.997371,1001,1089.892034
0.538613,503,1091.923864
1.222512,207,1092.819838
2.123914,197,1093.670698
2.526658,538,1095.432452
36.28577,1001,1099.307442
3.668875,518,1101.053213
34.038771,1001,1104.366838
1.596819,222,1105.204746
1.692678,263,1106.176944
2.985664,439,1107.642085
3.38781,806,1110.149573
33.848586,1001,1114.045208
33.013836,1001,1117.145276
30.884682,1001,1120.266711
10.462881,1001,1123.356002
2.336398,296,1124.4215
1.706777,143,1125.837524
2.112032,335,1127.018588
4.335658,742,1129.370562
2.106006,838,1131.980252
35.574687,1001,1135.137742
32.313278,1001,1138.336141
3.248868,672,1141.289401
1.26007,421,1142.713722
32.59827,1001,1145.806013
27.212699,1001,1148.93337
30.488222,1001,1152.087241
35.948327,1001,1156.101477
2.582833,674,1158.302144
33.108278,1001,1161.429944
1.026521,171,1162.143659
4.646392,1001,1165.355047
1.315009,521,1167.918503
3.070255,467,1169.729552
1.989571,677,1171.933059
32.920442,1001,1175.237856
31.449739,1001,1178.535583
34.263484,1001,1183.044887
1.363604,385,1184.503674
36.345178,1001,1187.932136
1.30865,189,1188.74236
35.604574,1001,1192.12245
3.954965,393,1193.596529
1.764486,465,1195.295145
30.707476,1001,1199.698888
34.32206,1001,1203.537946
2.056953,795,1206.67744
0.902971,222,1207.716056
3.157968,294,1208.911609
1.620892,241,1209.936139
31.917374,1001,1213.961543
1.639928,914,1216.766288
1.081634,302,1217.826617
35.591596,1001,1220.903054
2.628318,314,1221.99499
28.782983,1001,1225.052398
1.728485,694,1227.96311
22.898253,1001,1231.009975
36.970681,1001,1234.074184
2.004802,192,1234.823008
34.379825,1001,1237.88219
22.086867,1001,1241.832198
3.452582,467,1243.371419
5.364461,1001,1246.435248
3.139652,806,1248.928244
36.958108,1001,1251.992406
2.317075,452,1253.490335
34.053178,1001,1257.40981
31.618463,1001,1260.477987
1.009864,194,1261.233287
3.069529,592,1263.12278
34.8306,1001,1266.177064
1.818217,1001,1270.009477
0.610973,251,1270.933979
2.180559,238,1271.813839
33.335426,1001,1274.889742
30.029287,1001,1277.965536
1.303006,281,1278.964459
1.033352,155,1279.605686
3.706574,285,1280.623973
36.737372,1001,1284.560602
34.111943,1001,1287.642449
31.083539,1001,1290.709008
4.711969,369,1291.969694
1.151626,226,1292.813181
35.230977,1001,1296.639747
1.026331,193,1297.392918
34.491643,1001,1300.456985
34.394999,1001,1303.514554
34.448107,1001,1306.595728
34.745273,1001,1310.48944
1.87322,333,1311.642443
1.590211,412,1313.01172
1.582878,290,1314.035021
0.923327,165,1314.704772
2.597842,436,1316.150251
0.329522,134,1316.733707
1.914181,650,1318.781412
32.791416,1001,1321.860667
34.148964,1001,1325.686641
33.568243,1001,1328.759839
2.102253,487,1330.342957
35.200807,1001,1333.413993
32.949099,1001,1337.359616
1.043413,156,1338.005118
37.533751,1001,1341.088698
33.296917,1001,1344.155287
32.127478,1001,1347.22101
28.380556,1001,1351.121309
25.962182,1001,1354.186994
34.56985,1001,1357.244588
2.803716,606,1359.165691
2.906497,397,1360.495353
0.496064,643,1362.523605
21.306332,1001,1366.300858
3.119485,674,1368.434456
35.108001,1001,1371.505238
18.649272,1001,1374.576589
1.38589,220,1375.412196
30.121667,1001,1379.331775
35.876571,1001,1382.399309
2.58476,337,1383.573175
0.777002,117,1384.108236
1.511535,1001,1387.164995
32.715852,1001,1390.227051
36.191696,1001,1394.188558
2.108345,269,1395.1589
32.706957,1001,1398.220541
35.205826,1001,1401.267106
36.032387,1001,1405.196327
37.378743,1001,1408.282448
33.858279,1001,1411.350243
37.281431,1001,1414.431925
32.849641,1001,1417.521964
0.922283,268,1419.248175
31.601608,1001,1422.330798
1.836021,838,1424.916903
35.917092,1001,1427.988154
1.921972,587,1429.849711
32.037257,1001,1433.806514
3.105769,381,1435.093478
32.979911,1001,1438.153662
36.126525,1001,1441.22874
1.698511,603,1443.159503
36.370749,1001,1447.139906
3.26475,743,1449.45752
36.053364,1001,1452.527057
33.42505,1001,1455.587948
33.894597,1001,1459.549817
4.010997,441,1461.01381
0.902472,126,1461.576137
5.006804,851,1464.210277
33.538598,1001,1467.277423
35.015353,1001,1470.363465
28.801895,1001,1474.339075
36.689287,1001,1477.419536
2.133119,161,1478.079256
30.74981,1001,1481.147323
34.187528,1001,1484.216137
2.168439,558,1486.909563
2.355408,898,1489.674636
37.502505,1001,1492.750139
20.658436,1001,1495.805525
36.1874,1001,1498.905949
1.888794,434,1501.247824
34.852222,1001,1504.334761
3.043824,462,1505.869488
33.0315,1001,1508.948732
3.423681,483,1510.531158
1.625458,207,1511.319321
1.944554,380,1512.608062
4.671262,542,1515.162649
1.186553,165,1515.840252
2.509637,332,1516.99563
35.91048,1001,1520.060296
37.096114,1001,1523.141649
34.094849,1001,1526.213454
22.017091,1001,1530.188118
36.852222,1001,1533.260547
27.651604,1001,1536.331343
36.992393,1001,1539.407731
36.396146,1001,1543.360189
2.006115,401,1544.704177
33.688979,1001,1547.770386
1.496668,243,1548.667524
3.125378,369,1549.929059
34.06011,1001,1552.99866
36.132874,1001,1556.969866
33.441729,1001,1560.044823
17.58663,1001,1563.111484
30.272419,1001,1566.194404
33.588244,1001,1570.179209
33.720945,1001,1573.264021
33.845565,1001,1576.33635
32.930899,1001,1579.423955
37.768687,1001,1583.382538
36.469612,1001,1586.453518
35.15882,1001,1589.520999
18.416329,1001,1592.593122
38.227294,1001,1596.568164
36.212007,1001,1599.635708
34.300264,1001,1602.706761
35.643274,1001,1605.789365
2.120013,272,1606.768902
35.961312,1001,1610.734651
2.077337,302,1611.791968
35.213606,1001,1614.868878
35.653625,1001,1617.949353
37.082144,1001,1621.015261
36.966863,1001,1624.958553
1.551534,408,1626.328472
38.049529,1001,1629.404615
36.309346,1001,1632.481983
31.436297,1001,1635.553093
2.207608,638,1638.344687
36.961341,1001,1641.448549
32.915028,1001,1644.508558
1.849457,271,1645.47989
36.404635,1001,1648.549799
1.242235,160,1649.21243
1.725298,551,1651.864417
34.953148,1001,1654.930578
38.129901,1001,1658.015516
33.93491,1001,1661.0823
35.964934,1001,1665.025933
24.62474,1001,1668.095742
37.442653,1001,1671.163503
2.065953,189,1671.903418
2.258858,436,1673.344925
1.537448,316,1674.450783
33.009195,1001,1678.285753
0.714035,134,1678.882685
27.33067,1001,1681.949176
33.625222,1001,1685.021769
37.685853,1001,1688.109069
38.281074,1001,1692.103386
29.498797,1001,1695.168225
36.136834,1001,1698.246191
37.047107,1001,1701.326388
35.836478,1001,1705.289089
35.704347,1001,1708.35366
33.934955,1001,1711.424406
34.62951,1001,1714.49549
2.998259,914,1717.314965
38.361697,1001,1721.138575
34.903414,1001,1724.20351
35.038922,1001,1727.280066
36.802636,1001,1730.34398
1.455995,383,1732.419715
36.493577,1001,1735.495545
38.176496,1001,1738.590356
34.207178,1001,1741.695297
35.871834,1001,1745.532916
1.230029,228,1746.389619
31.514183,1001,1749.462291
33.951995,1001,1752.541813
38.185663,1001,1755.613901
32.830301,1001,1759.567577
13.772457,594,1761.482801
3.061341,327,1762.619408
35.106429,1001,1765.69847
36.228357,1001,1768.775105
0.968271,282,1769.781116
36.154733,1001,1773.7338
36.2031,1001,1776.816469
2.389471,328,1777.952707
35.811169,1001,1781.024142
29.096224,1001,1784.085224
36.41003,1001,1787.950104
28.531603,1001,1791.023594
37.813992,1001,1794.103936
36.286549,1001,1797.175505
37.06953,1001,1801.044845
33.362535,1001,1804.117296
38.159308,1001,1807.211138
4.343251,370,1808.484324
34.05942,1001,1811.563543
2.364219,470,1813.998445
19.798125,1001,1817.072607
35.815835,1001,1820.135356
35.372621,1001,1823.206721
37.561005,1001,1827.168007
6.451789,454,1828.666318
38.582509,1001,1831.743967
33.183626,1001,1834.818263
36.780467,1001,1837.893974
36.852464,1001,1841.752015
2.739419,396,1843.089063
36.740547,1001,1846.180846
3.410561,732,1848.478573
36.445665,1001,1851.550857
38.004938,1001,1855.470411
31.625997,1001,1858.529402
3.841157,1001,1861.597848
38.416683,1001,1864.677842
36.397854,1001,1868.626271
38.529761,1001,1871.71025
36.646562,1001,1874.787404
36.915849,1001,1877.853242
34.497997,1001,1881.785599
37.686364,1001,1884.862197
1.231311,324,1885.991513
38.647917,1001,1889.063001
37.288287,1001,1892.134245
5.655445,1001,1896.023021
37.003022,1001,1899.097677
30.465281,1001,1902.173005
35.837802,1001,1905.240749
36.246399,1001,1909.187214
1.030755,132,1909.767192
1.330248,274,1910.761585
21.723719,1001,1913.832922
36.188808,1001,1916.914717
34.008899,1001,1919.983064
36.704269,1001,1923.952929
30.283387,1001,1927.018487
37.362593,1001,1930.090935
37.422891,1001,1933.164539
37.847926,1001,1937.13797
37.192618,1001,1940.231878
35.064615,1001,1943.312242
1.525649,184,1944.042255
33.750427,1001,1947.113395
5.124803,322,1949.094995
5.122341,451,1950.578989
35.183913,1001,1953.646104
39.004043,1001,1956.727435
31.057782,1001,1959.805647
29.546441,1001,1963.571608
3.430965,420,1964.968876
38.64033,1001,1968.059408
3.936099,395,1969.400899
36.658154,1001,1972.469699
34.905866,1001,1976.421698
35.765257,1001,1979.468214
37.842089,1001,1982.527879
2.315107,307,1983.610874
36.530027,1001,1986.677242
0.752635,278,1987.676874
37.95745,1001,1991.622712
1.884786,282,1992.637817
33.338897,1001,1995.707116
36.850027,1001,1998.770435
3.493234,460,2000.290094
28.930535,1001,2004.272679
36.041268,1001,2007.3492
36.100619,1001,2010.428354
36.080294,1001,2013.500444
36.234662,1001,2017.380559
36.662732,1001,2020.456703
36.239162,1001,2023.529717
36.518486,1001,2026.608782
37.017322,1001,2030.44558
2.881096,321,2031.571743
36.849592,1001,2034.666115
37.897064,1001,2037.761505
37.148674,1001,2040.8386
32.640076,1001,2044.765209
36.206886,1001,2047.849558
2.679475,612,2049.804942
35.795549,1001,2052.875646
37.236826,1001,2055.949757
37.070439,1001,2059.887849
36.475486,1001,2062.9546
37.703843,1001,2066.019834
1.752211,541,2067.772221
35.700432,1001,2071.63645
10.396357,764,2074.025825
4.783669,941,2076.932562
37.697226,1001,2080.00641
35.887187,1001,2083.951606
35.308895,1001,2087.026498
1.744429,1001,2090.079158
38.008625,1001,2093.166905
36.483261,1001,2096.239267
37.120761,1001,2100.07567
37.685785,1001,2103.16179
35.502003,1001,2106.247989
3.897087,1001,2109.330561
33.170132,1001,2113.165622
36.878405,1001,2116.257636
20.342234,1001,2119.316959
34.203017,1001,2122.41052
5.000302,567,2125.138673
36.648738,1001,2128.232753
0.786573,373,2129.50091
36.978452,1001,2132.582915
33.527865,1001,2135.674434
35.437776,1001,2139.680712
35.739903,1001,2142.758786
0.867097,245,2143.654684
35.791348,1001,2146.728973
36.059974,1001,2149.793379
37.108878,1001,2153.649256
8.501873,462,2155.176295
1.869885,456,2156.684379
25.467416,1001,2159.756458
34.37859,1001,2162.828799
37.113597,1001,2166.697672
35.444332,1001,2169.769049
5.778622,409,2171.148624
38.267146,1001,2174.225147
34.012899,1001,2177.310846
36.21755,1001,2181.28179
37.323555,1001,2184.368489
9.02783,1001,2187.440931
35.925681,1001,2190.50039
7.304331,365,2192.653897
37.197754,1001,2195.714505
2.947604,590,2197.594547
37.193761,1001,2200.673235
37.496588,1001,2203.748032
3.132521,927,2207.399827
3.711821,699,2209.596705
38.365016,1001,2212.716209
4.499744,291,2213.775547
25.73078,1001,2216.904216
36.430416,1001,2220.757098
36.28986,1001,2223.829335
36.504077,1001,2226.890036
7.604569,618,2228.86231
3.034412,457,2230.38009
36.825243,1001,2234.341831
37.575399,1001,2237.441582
36.37215,1001,2240.516557
1.345464,370,2241.773517
36.302979,1001,2244.844134
37.27159,1001,2248.682071
33.080559,1001,2251.760932
36.074092,1001,2254.821771
36.243,1001,2257.892143
35.013406,1001,2261.839911
35.603357,1001,2264.905786
35.054573,1001,2267.982662
37.902039,1001,2271.075928
10.757217,1001,2274.912653
34.968741,1001,2277.968194
4.281991,761,2280.339433
36.018687,1001,2283.415858
36.39338,1001,2287.39199
36.696205,1001,2290.457123
38.480072,1001,2293.519748
1.101988,450,2295.011015
37.170319,1001,2298.085272
33.927473,1001,2301.936834
37.683091,1001,2305.005304
37.894111,1001,2308.082552
34.022309,1001,2311.147908
37.487856,1001,2315.018386
38.881761,1001,2318.084418
30.317566,1001,2321.145346
34.665196,1001,2324.211986
37.132422,1001,2328.181739
36.587179,1001,2331.241531
37.757085,1001,2334.325358
0.802365,277,2335.321339
1.328365,1001,2338.389254
35.030552,1001,2342.397968
37.232087,1001,2345.474898
1.414304,268,2346.434233
1.29702,388,2347.763881
32.948004,1001,2350.834781
36.450844,1001,2354.682391
35.24816,1001,2357.773172
36.018416,1001,2360.841429
32.601147,1001,2363.904946
36.098608,1001,2367.848257
33.347818,1001,2370.918008
3.574084,400,2372.275399
1.970371,229,2373.132321
36.810019,1001,2376.21227
33.76741,1001,2379.285562
36.301237,1001,2383.1249
34.034523,1001,2386.184882
35.375666,1001,2389.258447
35.743095,1001,2392.337251
36.745923,1001,2396.193395
34.591481,1001,2399.268163
36.318627,1001,2402.352562
36.701167,1001,2405.4204
35.070983,1001,2409.385949
2.380937,575,2411.219413
37.238245,1001,2414.292649
7.465007,369,2415.553737
37.121885,1001,2418.648083
34.227967,1001,2422.59494
0.637012,364,2423.840791
1.707393,525,2425.546128
1.564995,457,2427.066119
38.483986,1001,2430.136648
33.854211,1001,2433.245079
35.540433,1001,2437.209633
8.666872,491,2438.820792
30.915621,1001,2441.896283
0.908419,182,2442.624835
0.368012,297,2443.673869
2.833169,236,2444.556321
37.074194,1001,2447.63882
38.675174,1001,2451.467481
36.000996,1001,2454.553978
33.363669,1001,2457.630216
34.564606,1001,2460.690592
0.444205,159,2461.345824
0.166517,321,2463.356655
38.022927,1001,2466.426419
2.085248,282,2467.432087
20.655509,1001,2470.50809
32.676887,1001,2473.57048
0.701065,203,2474.353882
33.374549,1001,2478.301717
38.974837,1001,2481.384163
37.884105,1001,2484.456266
0.565157,213,2485.267275
36.323992,1001,2488.333275
37.474746,1001,2492.286453
2.294316,598,2494.181281
2.270041,428,2495.607513
1.257814,299,2496.664741
6.41702,455,2498.161171
34.512086,1001,2501.227041
37.329239,1001,2505.066078
35.568239,1001,2508.141044
0.985439,824,2510.693246
20.301677,710,2512.935385
36.177747,1001,2515.992925
32.228044,1001,2519.930999
0.080591,92,2520.396317
0.567172,161,2521.056274
33.823294,1001,2524.128984
37.200947,1001,2527.209319
34.24235,1001,2530.297122
35.30332,1001,2534.178243
2.103473,871,2536.887187
0.409558,122,2537.440755
4.710029,451,2538.935403
37.15167,1001,2542.006417
35.168365,1001,2545.888496
4.185858,641,2547.922299
36.170967,1001,2551.009066
34.63165,1001,2554.087076
36.064294,1001,2557.164662
37.346965,1001,2561.000648
34.318017,1001,2564.090299
37.496402,1001,2567.158427
34.626404,1001,2570.246749
0.995888,433,2572.488283
36.052074,1001,2575.56717
38.181034,1001,2578.64054
2.125287,399,2579.984323
35.415931,1001,2583.050192
36.800814,1001,2587.005825
36.477034,1001,2590.070997
1.337314,1001,2593.136659
0.787702,184,2593.869777
38.713972,1001,2596.938161
0.821584,283,2597.934725
37.5449,1001,2601.872892
37.54537,1001,2604.931651
0.684656,258,2605.877826
37.257019,1001,2608.959014
1.073291,380,2610.247664
0.101645,121,2610.80168
37.30543,1001,2614.740101
0.651904,289,2615.772587
1.21903,333,2616.940827
36.183794,1001,2620.010341
2.491386,712,2622.248546
25.446139,1001,2625.29997
37.007933,1001,2629.270509
35.301921,1001,2632.3555
37.850641,1001,2635.452992
37.998,1001,2638.509201
34.286523,1001,2642.440809
3.528708,401,2643.785714
5.204216,577,2645.639108
35.659727,1001,2648.70391
4.643036,593,2650.592151
37.123854,1001,2654.524851
33.056982,1001,2657.58661
1.999483,640,2659.605442
36.640399,1001,2662.678845
1.830987,184,2663.408912
36.828747,1001,2666.496876
3.438186,651,2669.431678
37.942267,1001,2672.507105
32.543957,1001,2675.559834
34.964962,1001,2678.628087
1.538956,279,2679.625964
35.19306,1001,2683.540643
36.109754,1001,2686.606039
35.359776,1001,2689.692958
36.464196,1001,2692.752474
15.12403,1001,2696.696364
36.662717,1001,2699.767974
2.730917,632,2701.783775
33.63858,1001,2704.852314
36.210827,1001,2708.81579
33.210022,1001,2711.989904
1.785186,272,2712.967597
0.685196,183,2713.685732
32.390813,1001,2716.762674
4.682053,427,2718.1814
34.472889,1001,2721.260854
35.224559,1001,2725.170858
0.052962,99,2725.657724
37.437301,1001,2728.733591
35.845004,1001,2731.802491
37.800226,1001,2734.903907
36.78684,1001,2738.706385
35.868541,1001,2741.7856
37.100373,1001,2744.85586
36.854448,1001,2747.923334
36.178954,1001,2751.812371
36.474116,1001,2754.91816
34.199511,1001,2757.989958
4.232393,1001,2761.044169
35.764245,1001,2764.94493
36.7341,1001,2768.055258
38.362721,1001,2771.121569
36.467162,1001,2774.193029
37.743796,1001,2778.075123
38.072508,1001,2781.145789
35.487928,1001,2784.212212
36.280357,1001,2787.278742
31.857795,1001,2791.138451
34.361841,1001,2794.209456
0.850352,315,2795.318381
38.224838,1001,2798.387921
35.071676,1001,2801.456787
34.504277,1001,2805.371825
1.057894,172,2806.075635
36.838426,1001,2809.169774
31.707403,1001,2812.241107
36.272373,1001,2815.299432
37.434564,1001,2819.217396
2.78366,257,2820.167441
3.218251,408,2821.547655
35.03129,1001,2824.626711
1.527329,553,2826.401357
35.614723,1001,2829.46434
1.519012,493,2831.961661
36.821912,1001,2835.042407
8.816499,440,2836.500449
36.241134,1001,2839.566636
36.162739,1001,2842.6377
35.376328,1001,2846.490156
37.041682,1001,2849.555589
35.540524,1001,2852.612553
1.449892,1001,2855.669584
37.146056,1001,2859.719968
38.275143,1001,2862.78826
34.787599,1001,2865.855921
34.411591,1001,2868.936764
5.665439,740,2872.124538
0.596866,137,2872.716019
38.614576,1001,2875.765714
35.729088,1001,2878.839192
0.85524,198,2879.604895
34.162335,1001,2882.666056
2.205952,530,2885.15031
36.085585,1001,2888.230268
35.390159,1001,2891.297921
37.385199,1001,2894.355574
37.589075,1001,2897.416473
36.963858,1001,2901.267511
33.837624,1001,2904.342485
36.26472,1001,2907.401596
34.560634,1001,2910.486299
4.400449,343,2912.437983
38.68625,1001,2915.497273
32.680229,1001,2918.576427
37.798918,1001,2921.640582
37.053946,1001,2925.600771
36.266815,1001,2928.65573
37.91422,1001,2931.740153
37.186944,1001,2934.821007
31.92144,1001,2938.762959
36.734406,1001,2941.839543
8.145519,1001,2944.897869
26.756841,978,2947.887004
34.479795,1001,2950.955961
33.296617,1001,2954.887335
37.676162,1001,2957.973202
33.882673,1001,2961.038314
37.514572,1001,2964.099169
32.975798,1001,2968.069237
34.017642,1001,2971.138798
35.789952,1001,2974.19473
32.17419,1001,2977.276736
37.631179,1001,2981.019607
35.20292,1001,2984.088577
37.167575,1001,2987.13829
36.016465,1001,2990.215101
35.534638,1001,2994.224283
2.078397,459,2995.73182
35.528447,1001,2998.790278
38.065001,1001,3001.860756
37.301698,1001,3005.855369
35.521021,1001,3008.959791
37.017754,1001,3012.022258
0.955379,178,3012.742027
34.591159,1001,3015.805412
37.361705,1001,3019.687626
34.878254,1001,3022.753344
38.685592,1001,3025.824871
38.68823,1001,3028.904073
0.860297,249,3029.828997
32.261663,1001,3033.711981
38.061559,1001,3036.78787
38.453688,1001,3039.859215
35.700131,1001,3042.930254
34.436383,1001,3046.911223
38.278221,1001,3049.982092
37.145098,1001,3053.055167
29.947665,1001,3056.186258
34.327218,1001,3060.119754
36.617257,1001,3063.224822
26.991028,1001,3066.294695
37.365303,1001,3069.380441
36.853595,1001,3073.244611
37.911939,1001,3076.3281
36.277818,1001,3079.398642
36.075573,1001,3082.468246
36.2648,1001,3085.543139
35.147031,1001,3089.522872
35.000832,1001,3092.581107
38.089192,1001,3095.650097
34.987548,1001,3098.718959
37.16138,1001,3102.703049
38.879038,1001,3105.75831
36.059891,1001,3108.840437
38.012613,1001,3111.920883
1.116738,189,3112.662529
30.726929,1001,3116.42085
35.859957,1001,3119.497522
5.92567,687,3121.660946
31.640254,1001,3124.741316
37.359514,1001,3128.737806
28.52514,1001,3131.828915
37.694551,1001,3134.90824
36.301049,1001,3137.980008
1.471706,570,3139.811529
36.090592,1001,3143.665995
1.790827,182,3144.389181
36.481322,1001,3147.454808
37.072796,1001,3150.517895
34.368882,1001,3154.375331
38.140928,1001,3157.452753
36.361319,1001,3160.52389
38.991247,1001,3163.600576
36.287175,1001,3166.673675
35.517813,1001,3170.547417
2.192357,187,3171.287183
34.903571,1001,3174.348732
38.232556,1001,3177.441268
38.371723,1001,3181.186889
38.187375,1001,3184.249506
35.530241,1001,3187.330872
33.064937,1001,3190.408635
35.8623,1001,3193.477634
37.14724,1001,3197.271947
36.255874,1001,3200.338627
37.744109,1001,3203.42052
36.463557,1001,3206.49334
35.687822,1001,3210.360577
35.050363,1001,3213.43696
37.21314,1001,3216.497444
26.632084,1001,3219.557008
36.702718,1001,3223.441161
32.587737,1001,3226.519746
35.779556,1001,3229.59017
39.101439,1001,3232.651632
38.075062,1001,3236.516025
36.464196,1001,3239.588762
37.789928,1001,3242.64598
34.615823,1001,3245.71269
37.178233,1001,3249.576927
37.82221,1001,3252.63694
1.009157,212,3253.44559
37.0917,1001,3256.504215
35.844186,1001,3259.573228
37.17432,1001,3263.595128
22.4358,1001,3266.660378
36.401141,1001,3269.740027
1.191245,180,3270.461325
1.227559,1001,3273.51159
32.477701,1001,3277.504454
35.496449,1001,3280.56689
37.105835,1001,3283.633112
37.586903,1001,3286.700066
36.747063,1001,3290.554969
37.915964,1001,3293.624917
39.150086,1001,3296.692475
36.600518,1001,3299.763777
38.128971,1001,3303.775053
36.42166,1001,3306.840919
34.524806,1001,3309.91888
36.834951,1001,3312.9731
33.725195,1001,3316.715579
35.466694,1001,3319.782377
37.025076,1001,3322.845415
37.482193,1001,3325.933541
33.877876,1001,3329.837552
36.906501,1001,3332.901965
38.882407,1001,3335.97842
35.87644,1001,3339.037852
37.682801,1001,3342.979647
36.809197,1001,3346.046671
38.089502,1001,3349.115126
39.716692,1001,3352.193273
37.769299,1001,3356.049831
37.441108,1001,3359.115568
1.295642,299,3360.166298
32.841484,1001,3363.238532
37.304681,1001,3366.317293
