#{"t_start": 1704854669.228755, "env_id": "None"}
r,l,t
0.132368,19,0.46355
16.642377,254,1.577068
0.870711,23,1.874936
0.735924,20,2.166189
0.29337,21,2.468998
0.596256,23,2.777787
0.29086,18,3.056952
0.18508,21,3.365613
0.137302,18,3.677618
0.364545,21,3.987572
15.815707,424,5.921326
0.374514,21,6.236675
0.177268,18,6.575189
9.275879,122,7.33419
0.280604,23,7.66014
0.381576,24,7.97656
0.178584,18,8.281428
0.390031,24,8.587098
0.138232,19,8.873781
0.574032,23,9.17912
0.299133,18,9.453602
24.436641,261,10.5677
0.750251,23,10.864211
0.387915,19,11.143148
4.915484,71,11.607017
0.277829,18,11.884061
0.475843,24,12.18413
0.982257,70,12.645556
7.847403,110,13.24459
0.473867,21,13.533259
0.15972,20,13.841462
6.2336,118,14.566216
0.850776,24,14.885371
0.069135,18,15.177458
8.256779,144,15.899144
12.91923,233,16.925843
0.583814,21,17.212353
0.247694,20,17.498894
0.142161,19,17.779714
0.294678,19,18.068677
0.184061,19,18.346827
0.45582,20,18.632085
16.428224,413,20.325312
0.225062,19,20.618664
0.688562,19,20.927374
0.254864,20,21.226484
0.086031,20,21.522202
2.396063,78,22.058255
5.747955,121,22.756009
0.120191,20,23.064337
0.501297,25,23.367258
0.460995,19,23.688033
0.114798,23,24.043111
0.185758,18,24.353318
0.093351,18,24.634114
0.198502,19,24.920088
0.207973,23,25.220068
0.862058,19,25.502193
10.143121,538,27.736634
0.479729,22,28.037316
0.209053,20,28.319692
0.788882,25,28.636868
0.293382,21,28.973934
0.40395,21,29.319132
0.240067,18,29.707709
0.252747,19,30.01762
0.293934,20,30.31595
0.33929,19,30.608628
0.679495,24,30.923055
0.156472,20,32.087724
31.574855,362,33.606758
0.168395,19,33.905484
0.706677,21,34.212657
0.975285,22,34.520494
0.111635,21,34.813369
4.251476,69,35.297156
0.510626,21,35.627546
0.380112,21,35.972094
7.400239,146,36.738009
0.465284,20,37.043492
0.394277,19,37.343633
0.318766,21,37.638803
0.280584,20,37.937142
0.180232,20,38.233996
0.061177,18,38.522512
0.096514,19,38.810982
0.18251,19,39.10405
0.549325,22,39.399471
3.615541,69,39.879451
2.033123,63,40.343551
0.056611,22,40.63929
0.156218,23,40.952102
0.234285,20,41.279145
0.172081,22,41.639067
0.593829,22,41.954774
0.467244,23,42.258628
0.080178,19,42.54842
1.186616,24,42.854627
0.37414,21,43.142363
0.427682,21,43.443122
16.087179,181,44.368583
0.700571,23,44.6784
0.292408,19,44.973218
0.503097,22,45.280063
0.100251,18,45.571655
0.298502,19,45.879175
0.465109,25,46.253647
0.319264,24,46.598789
0.736714,21,46.947149
0.104414,20,47.259551
0.468857,22,47.601044
0.179602,21,47.944963
0.266583,19,48.269507
0.433192,20,48.604368
27.077521,470,50.77503
0.637846,22,51.301494
31.533719,327,52.853418
20.317113,224,54.225202
29.407935,356,55.827342
0.692677,21,56.129556
0.219291,23,56.475368
0.324483,19,56.88843
0.220879,20,57.21884
0.264571,21,57.564818
0.447005,20,57.885961
3.176318,61,58.483951
17.119948,220,59.513262
0.217909,21,59.815778
4.735812,67,60.321157
0.403354,22,60.659857
8.656191,436,62.855601
10.523668,155,64.956711
5.683953,112,65.725334
0.146009,19,66.078407
3.930026,69,66.639534
0.169506,20,67.009745
9.930263,139,67.893455
0.481024,19,68.247199
0.063268,19,68.611297
0.698925,25,68.998783
23.524039,248,70.397547
22.959234,315,72.094148
17.725994,222,73.366672
0.383373,19,73.737702
3.295389,108,74.521546
0.395507,18,74.895248
0.52246,20,75.290767
0.122621,23,75.764028
38.845428,601,78.861079
0.492396,22,79.247508
3.105595,151,80.240135
0.235686,20,80.7282
10.186137,127,81.924332
0.313145,20,82.418869
5.492607,77,83.214249
1.20101,76,83.936373
0.388346,23,84.350287
0.111014,21,84.707896
0.32962,21,85.097137
0.09349,19,85.476567
0.384523,23,85.86319
0.513623,21,86.23162
0.025028,21,86.607235
0.288916,20,86.992452
5.309742,435,89.327872
2.743312,69,89.989255
16.684923,186,91.346411
0.314248,20,91.866077
0.138581,19,92.367449
10.555933,408,94.798157
4.449376,201,97.367013
0.122002,19,97.738213
0.677772,25,98.150458
0.364124,19,98.543388
1.062533,27,98.985961
17.433163,201,100.221627
33.339335,380,102.330816
23.753291,639,106.027435
5.088698,92,106.722818
31.772691,461,108.820124
16.585511,688,111.850143
20.711209,235,113.094505
23.889497,430,114.993718
2.266674,87,115.557713
0.164598,20,115.867851
0.442828,21,116.180608
0.188402,19,116.485931
0.555557,19,116.792265
0.115052,18,117.093877
0.502271,23,117.415429
0.752331,23,117.739023
0.28201,18,118.048846
0.608951,22,118.369879
27.580565,284,119.754277
0.472219,21,120.09484
0.722357,22,120.439096
0.216538,18,120.746288
0.113232,20,121.059764
15.028566,227,122.159437
1.353305,26,123.326819
0.646607,24,123.66311
3.551873,68,124.161336
0.343541,20,124.484302
0.891093,27,124.861324
0.088864,23,125.228225
0.359373,23,125.575552
0.2579,21,125.88747
0.211553,19,126.190732
0.299818,24,126.512572
14.87475,459,128.460943
5.18686,72,128.958278
0.272862,21,129.276323
7.734802,97,129.870008
5.983084,711,133.026123
18.11375,259,134.266801
7.861105,99,134.860256
32.075916,485,136.857327
0.368854,22,137.157891
0.301833,20,137.452262
0.364245,21,137.756826
0.252924,21,138.061851
0.048467,20,138.371039
12.076037,189,139.306989
9.972318,184,140.200437
0.536447,21,140.520639
0.181276,19,140.823464
0.199203,23,141.136523
0.278491,18,141.43157
30.47016,1001,145.675549
0.299188,21,145.961713
16.665468,301,148.093664
7.589572,196,149.060997
34.373289,402,150.751449
27.207995,498,152.72469
20.126391,294,153.967229
32.815728,327,155.344145
0.031821,20,155.619319
0.393638,22,155.930706
3.673757,111,156.543916
30.836829,264,157.719125
20.419657,224,158.748033
46.326442,1001,162.730395
0.895957,22,163.023426
0.478389,22,163.322026
0.057841,18,163.618558
15.538439,166,164.482331
0.125222,20,164.780295
20.097979,420,167.843381
23.084543,1001,171.544544
0.252351,22,171.849358
0.27236,19,172.144269
23.892267,1001,176.299799
0.384428,20,176.602934
0.423125,19,176.90764
5.790052,230,178.071056
0.316211,22,178.383538
16.899314,238,179.468833
46.477916,824,182.987031
9.273431,99,183.567486
25.961998,294,184.854056
3.732819,109,185.485454
16.839644,205,187.608015
13.615875,1001,191.952809
11.398256,237,193.092589
20.335534,224,194.175838
4.303408,48,194.586568
19.922511,1001,199.124349
0.424199,21,199.45092
12.581819,144,200.325473
36.536153,354,201.900858
0.299095,20,202.192837
26.688969,271,203.400717
0.094854,20,203.703875
55.504366,568,205.955223
10.274088,581,209.875666
21.124361,852,213.206567
0.269703,21,213.590848
14.814843,133,214.308219
5.420531,69,214.77587
47.093183,1001,218.624478
24.137441,1001,222.676269
33.139573,817,227.388308
21.348068,215,228.466033
25.053555,1001,232.431747
9.658596,232,233.512663
42.062022,748,236.488352
62.746626,664,239.169929
19.853144,171,240.07054
0.264279,23,240.373492
17.587362,256,241.580178
9.5737,178,242.44539
66.290628,1001,247.091597
17.421702,1001,250.941818
14.173391,233,252.001927
15.265271,145,252.752816
20.179624,222,253.779048
0.30011,19,254.070729
0.24534,21,254.36521
21.726464,211,255.315429
15.195644,1001,259.172445
38.622935,1001,264.056768
53.193976,479,266.107024
15.832485,178,266.955474
15.363052,1001,270.725248
1.585242,70,271.199312
54.270997,790,274.236559
23.03145,903,277.65053
0.189805,19,277.934001
111.088122,1001,282.701107
45.417617,409,284.392009
16.051257,176,285.276033
26.19245,1001,289.815261
32.895563,1001,293.704515
20.493976,1001,298.232559
25.918678,289,299.595087
23.103806,1001,303.375327
19.521834,178,304.253001
37.066003,1001,308.06334
7.804029,193,309.003159
11.032557,663,311.693555
26.971172,1001,316.776444
6.488109,596,319.172817
41.152485,1001,322.93567
19.863823,1001,326.794428
33.48776,1001,332.106914
9.861786,1001,336.002969
44.109483,1001,339.751246
18.091387,1001,343.562629
10.397422,459,345.355091
78.611054,1001,350.236545
22.069063,1001,353.94957
34.826234,1001,357.703094
17.892049,1001,361.382005
9.358884,771,365.13257
15.759942,835,368.410061
11.724332,1001,372.13063
26.077705,228,373.169471
26.693843,1001,376.904918
14.661478,1001,381.657869
22.513071,1001,385.476849
13.763248,634,387.909437
21.246705,525,389.972644
27.263421,1001,393.713481
11.069611,1001,398.347535
16.889784,715,401.204412
39.953745,1001,404.924409
37.377396,1001,408.655289
36.554137,1001,412.354744
4.604523,1001,416.960456
42.081839,1001,420.68784
18.433118,1001,424.411376
29.734822,1001,428.104613
7.900868,1001,432.843994
109.862242,1001,436.791566
27.604067,1001,440.501608
105.482114,1001,444.19306
29.23841,1001,448.9465
49.402002,736,451.833899
28.010076,1001,455.734628
23.138594,1001,459.502857
51.939992,1001,464.034964
19.728838,1001,467.85768
40.260406,1001,471.527485
15.643679,1001,475.210696
31.81665,1001,479.825597
29.308811,1001,483.693919
96.300041,1001,487.423411
55.939831,1001,491.154163
7.927779,614,493.523661
30.001543,1001,498.202112
14.504236,1001,501.994067
30.996123,1001,505.704917
28.054638,1001,509.388999
13.690666,1001,513.921047
7.878868,1001,517.74737
9.710769,1001,521.432356
41.361159,1001,525.106886
18.722629,1001,529.760141
27.096704,1001,533.584925
39.777489,1001,537.319463
9.864008,1001,541.094445
53.602363,1001,545.752272
10.066225,1001,549.552593
64.711501,1001,553.276328
30.00329,1001,557.004001
41.991485,1001,561.807663
28.689463,1001,565.675184
14.314901,1001,569.435388
60.378711,1001,573.333571
6.752482,1001,577.873932
33.53253,1001,581.6603
19.249296,1001,585.375797
65.040147,1001,589.144956
64.021569,1001,593.606024
33.271992,1001,597.447253
48.861016,327,598.813334
19.113137,175,599.627994
24.176012,1001,603.316182
20.359793,1001,606.999544
20.765798,1001,611.611668
35.942046,1001,615.434295
16.123748,1001,619.140056
63.665546,1001,622.872096
18.517905,1001,627.451134
71.644784,1001,631.211714
126.719604,1001,634.893381
19.740406,155,635.638917
39.36325,1001,639.33144
41.14814,1001,643.911723
21.920537,1001,647.736709
16.391798,1001,651.428779
41.998443,1001,655.154069
40.84324,1001,659.725271
157.06453,1001,663.519258
35.335401,1001,667.226286
37.12992,1001,671.023829
34.188335,1001,675.783434
16.725576,1001,679.840801
28.15384,1001,683.537782
11.151497,1001,687.328837
10.838839,1001,691.874362
37.995401,1001,695.696843
48.533274,1001,699.618763
55.079387,1001,703.368356
25.237067,1001,707.923428
26.801013,1001,711.718895
30.22061,1001,715.454354
27.026198,1001,719.219907
12.83087,1001,723.702432
22.90735,1001,727.411923
18.760064,1001,731.197122
33.345994,1001,734.92376
58.732944,1001,738.663179
14.033256,1001,743.142463
32.748082,1001,746.928652
17.346277,1001,750.635552
32.105294,1001,754.307649
28.89726,1001,758.895078
33.460089,1001,762.678781
9.857609,1001,766.459442
16.250589,1001,770.142648
40.693262,1001,774.842769
45.258748,1001,778.604642
15.650219,1001,782.307469
16.691819,1001,785.997728
41.499037,1001,790.596691
30.33528,1001,794.441257
39.588825,1001,798.195167
48.315483,1001,802.102142
26.370191,1001,806.722175
23.831927,1001,810.647434
16.796872,1001,814.477786
21.147061,1001,818.190005
12.92082,1001,822.74463
37.34236,1001,826.494715
20.665281,1001,830.260663
20.760875,1001,834.00531
131.823893,1001,838.525302
58.335029,1001,842.222696
11.409573,1001,846.026839
11.666474,1001,849.753452
22.143691,1001,854.339257
25.040148,1001,857.991175
14.164639,1001,861.777118
37.706914,1001,865.4742
33.22348,1001,870.070071
23.795574,1001,873.78117
16.313903,1001,877.636331
19.554827,1001,881.371829
66.662241,415,883.043544
27.024608,1001,887.518917
51.2153,1001,891.227061
16.0123,1001,895.037346
17.52251,1001,898.727153
90.064422,1001,903.336605
24.593053,1001,907.105242
40.073229,1001,910.900963
80.016336,1001,914.67533
25.358267,1001,919.631657
70.272772,1001,923.349348
83.596323,1001,927.183268
14.124798,1001,931.05906
8.640414,880,935.185445
43.595667,1001,938.897034
33.692881,1001,942.693831
24.880615,1001,946.395469
10.403913,1001,950.920656
7.62128,1001,954.606679
22.121607,1001,958.427943
0.49233,20,958.713506
134.960208,1001,962.409704
21.362844,1001,966.129447
24.565467,464,968.747257
57.486228,1001,972.408118
61.021408,1001,976.200926
68.245884,1001,979.925032
0.062731,19,980.199417
16.192433,1001,984.655684
29.13513,1001,988.350519
37.387556,1001,992.140403
28.577027,1001,995.903666
16.508777,1001,1000.544727
45.206815,607,1002.873994
23.946836,1001,1006.651542
51.946528,1001,1010.33703
48.070533,1001,1014.067916
52.348563,1001,1018.626422
26.142084,1001,1022.346075
97.147767,1001,1026.169424
26.960813,1001,1029.899581
39.804294,1001,1034.611055
36.799878,514,1036.59152
77.652835,990,1040.622097
29.476118,1001,1044.345044
26.469736,177,1045.205648
7.246187,1001,1050.277595
62.477553,1001,1054.02087
16.068781,1001,1057.86964
16.124579,1001,1061.597042
143.331227,1001,1066.207661
57.241898,1001,1069.982852
46.049312,1001,1073.790454
71.476107,1001,1077.500521
42.778242,1001,1082.015591
47.780266,1001,1085.7879
13.446391,1001,1089.606427
13.234072,1001,1093.351757
69.312397,1001,1098.000092
25.606535,1001,1101.69565
20.297181,1001,1105.546095
11.15448,1001,1109.296703
35.265982,1001,1112.961173
41.465105,1001,1117.638443
50.093899,1001,1121.395689
23.529242,1001,1125.133649
14.156931,1001,1128.855299
9.299259,1001,1133.424734
16.22676,1001,1137.149636
9.537177,1001,1140.94765
7.231233,623,1143.344608
38.405977,1001,1147.82919
28.482796,1001,1151.578112
44.299023,1001,1155.442641
23.483716,1001,1159.369751
106.118119,1001,1164.023563
27.18363,1001,1167.789679
67.33936,1001,1171.768319
20.814716,1001,1175.519277
69.315998,1001,1180.084065
99.017584,1001,1183.779039
53.324831,1001,1187.611683
23.519542,1001,1191.329947
64.969167,1001,1195.999179
67.737715,1001,1199.712346
49.428728,1001,1203.529032
22.762396,1001,1207.300508
26.563281,1001,1211.772382
8.484439,1001,1215.46688
7.843808,1001,1219.130322
6.224742,62,1219.594404
59.113927,1001,1223.375892
63.810814,1001,1227.049486
15.636218,1001,1231.643961
50.533034,1001,1235.36746
39.300135,1001,1239.183117
29.40549,1001,1242.884308
12.572497,829,1246.900244
59.275637,1001,1250.594701
0.2153,18,1250.876055
14.55596,1001,1254.664909
12.108098,1001,1258.366743
15.357346,1001,1262.820487
23.751432,1001,1266.510808
6.751574,633,1269.06057
25.49899,1001,1272.802802
44.92035,1001,1277.290543
16.640818,1001,1281.244842
9.584507,1001,1285.074682
76.44003,1001,1288.98445
9.901848,1001,1293.533003
66.793705,1001,1297.245339
88.512112,1001,1300.95047
20.156759,1001,1304.760385
16.269552,1001,1308.516042
14.713269,1001,1313.12356
11.605768,1001,1316.861113
28.646797,1001,1320.667927
25.322368,1001,1324.404822
27.117136,1001,1328.984149
14.73085,1001,1332.678789
36.353062,1001,1336.504621
30.510456,966,1340.136114
76.557757,1001,1344.730398
58.819777,1001,1348.428578
49.780949,1001,1352.238666
45.623864,568,1354.430634
43.112798,1001,1358.951235
26.34894,1001,1362.676338
8.030212,1001,1366.380136
52.122958,1001,1370.137912
16.479936,1001,1374.725891
21.070862,1001,1378.459892
37.334861,1001,1382.156069
35.108156,1001,1385.989565
22.256172,1001,1390.491115
21.090276,726,1393.323478
13.815292,1001,1397.023976
34.105436,1001,1401.142325
17.704663,1001,1404.899724
51.606497,1001,1409.95263
49.550735,1001,1413.648298
46.560372,1001,1417.527168
36.462142,1001,1421.257868
143.492711,1001,1425.745157
38.046853,1001,1429.471347
11.713553,1001,1433.257617
19.169493,1001,1437.020947
14.827742,1001,1441.647396
76.631874,1001,1445.354367
39.450505,1001,1449.169329
18.636961,1001,1452.868861
10.940571,1001,1457.417229
41.99518,1001,1461.106018
17.18542,1001,1464.8163
20.722258,1001,1468.590837
16.856982,1001,1473.2051
69.700798,1001,1476.893094
22.247383,1001,1480.609569
31.850317,1001,1484.393734
21.725435,1001,1488.978567
36.078175,1001,1492.710864
59.225205,1001,1496.365505
18.135873,1001,1500.191861
23.456447,1001,1504.779541
51.961916,1001,1508.498258
38.133321,1001,1512.226543
61.165743,1001,1516.071138
13.941118,1001,1520.919676
17.511483,1001,1524.67357
55.556003,1001,1528.577079
41.507661,1001,1532.404168
11.225325,1001,1536.113271
17.192651,1001,1540.579101
16.745618,1001,1544.346745
73.590366,1001,1548.133371
34.470512,1001,1551.897821
12.150806,1001,1556.40802
102.263683,1001,1560.104303
59.821683,1001,1563.905663
16.25271,1001,1567.66056
63.229349,750,1571.300543
14.00967,1001,1574.975205
34.474349,1001,1578.715757
37.67591,1001,1582.584728
20.183304,1001,1587.092548
37.107738,1001,1590.80703
36.252149,1001,1594.543944
33.081908,1001,1598.337294
38.922045,1001,1602.850502
36.157537,1001,1606.584701
77.269979,1001,1610.247568
10.828242,1001,1614.024267
34.861032,1001,1618.632002
20.19098,1001,1622.348466
29.158645,1001,1626.099203
88.194767,1001,1629.879314
54.526168,1001,1634.533383
39.162776,1001,1638.253623
21.489848,1001,1642.196099
50.622036,1001,1646.25007
37.923973,1001,1650.82105
33.467114,1001,1654.567057
38.670104,1001,1658.301214
54.185175,1001,1662.061356
50.063656,1001,1665.848541
63.401544,556,1668.797795
41.003233,1001,1672.526444
20.147448,1001,1676.244366
53.535552,1001,1680.063424
7.906562,152,1680.825951
23.766541,1001,1685.387006
22.350703,1001,1689.096656
30.564288,1001,1692.837934
58.717108,1001,1696.620135
12.693348,1001,1701.22542
23.858477,1001,1704.936556
5.585925,48,1705.322912
70.480164,516,1707.34498
37.321671,1001,1711.107977
12.663553,1001,1714.852243
16.916999,1001,1719.422598
8.342606,697,1722.056055
98.668147,1001,1725.766456
9.984549,823,1728.960639
17.422549,1001,1733.542471
59.479,1001,1737.276912
14.912243,1001,1740.989647
16.060922,1001,1744.799863
8.06153,257,1745.915907
23.496458,1001,1750.527936
73.69482,1001,1754.293563
47.671798,976,1758.207957
108.870958,1001,1762.097528
43.112487,1001,1766.997146
30.547568,995,1770.683442
40.965836,1001,1774.403398
35.285562,1001,1778.218
14.451018,1001,1782.817239
61.826767,1001,1786.485243
18.110293,573,1788.692377
43.177588,432,1790.442117
17.917723,1001,1794.247761
22.280436,1001,1798.767737
47.984678,1001,1802.496116
6.980113,614,1804.847983
21.837233,830,1807.962937
28.476265,1001,1811.761011
101.77913,572,1814.731555
16.446496,1001,1818.403355
6.809277,1001,1822.133671
60.486661,1001,1825.969896
12.235213,105,1826.56826
31.944638,1001,1831.129521
24.612698,1001,1834.788411
17.275998,1001,1838.458585
12.851623,1001,1842.214466
12.225409,1001,1846.826716
7.47975,1001,1850.51065
19.734136,1001,1854.268198
13.591423,1001,1857.977128
63.667322,1001,1862.493224
40.839959,1001,1866.20082
31.98699,1001,1869.89518
20.355639,1001,1873.641246
11.732124,1001,1877.482904
17.424406,1001,1882.304879
22.139836,1001,1886.174304
92.610108,653,1888.691816
32.528446,1001,1892.532824
54.675059,864,1896.568787
27.265414,1001,1900.274349
28.145701,1001,1903.977947
29.297937,1001,1907.767336
10.700598,538,1909.869457
8.982193,1001,1914.480977
17.3643,1001,1918.161865
24.780552,1001,1921.871657
22.093338,1001,1925.637461
16.956,1001,1930.102326
14.098875,1001,1933.833695
42.646581,1001,1937.554068
44.932209,1001,1941.375952
11.928735,1001,1945.882367
20.271852,1001,1949.596468
61.20556,1001,1953.295701
10.645706,130,1953.967783
127.024666,1001,1957.761345
66.566245,1001,1962.197858
23.390419,1001,1965.881437
81.535029,1001,1969.557552
20.155975,1001,1973.360741
52.019091,1001,1977.869567
45.347997,1001,1981.547076
24.769857,1001,1985.28339
15.656482,1001,1989.048738
21.73119,1001,1993.714177
21.480578,1001,1997.640498
15.620599,1001,2001.456942
18.445177,858,2004.775751
11.838655,1001,2009.407088
13.970292,431,2011.111215
26.55526,1001,2014.820697
36.787283,930,2018.280161
57.78187,1001,2022.064666
0.849142,21,2022.365945
42.925047,1001,2026.847233
27.31222,1001,2030.55371
24.240781,1001,2034.271999
95.52536,1001,2038.090516
47.702337,1001,2042.645848
51.300073,978,2046.258197
21.912182,1001,2049.961842
29.342968,1001,2053.682443
112.197539,1001,2058.248366
47.949786,1001,2061.993758
28.976263,1001,2065.709762
55.263442,1001,2069.402012
13.092526,1001,2073.998676
17.195463,1001,2077.747844
29.11231,1001,2081.466191
20.76346,1001,2085.207404
66.71082,1001,2090.111125
23.760654,989,2093.825533
34.721761,1001,2097.595859
14.215583,390,2099.194652
36.720919,1001,2102.941485
16.300109,1001,2107.593307
35.216904,1001,2111.340926
31.073762,1001,2115.078759
11.932656,1001,2118.880822
44.63424,1001,2123.846267
25.644418,723,2126.628878
18.075203,1001,2130.411277
16.675369,1001,2134.12226
2.452718,26,2134.421557
18.633732,1001,2138.229334
62.966579,1001,2142.709342
25.276279,1001,2146.424654
11.937996,507,2148.441518
35.56071,1001,2152.121585
24.412208,1001,2156.989614
48.304687,1001,2160.822886
19.328917,1001,2164.742554
18.824817,1001,2168.466047
23.03179,1001,2173.121477
23.783262,1001,2176.931653
26.437538,1001,2180.668406
28.885628,1001,2184.50325
24.648387,1001,2189.265162
24.950621,1001,2192.973614
29.70783,1001,2196.728557
20.011158,1001,2200.504722
44.048442,1001,2205.220689
63.852458,1001,2208.936714
32.541932,1001,2212.636358
72.174605,1001,2216.355515
18.20588,969,2220.052294
19.015549,1001,2224.616494
23.782165,1001,2228.359296
11.92584,1001,2232.066046
47.233757,1001,2235.922259
24.231918,1001,2240.988943
26.115432,1001,2244.742085
28.646213,1001,2248.493211
24.530725,788,2251.452883
29.136674,1001,2256.091599
26.907879,1001,2259.778232
136.98487,1001,2263.470696
25.266916,1001,2267.166603
45.785338,1001,2271.81272
15.972226,1001,2275.477334
29.374999,1001,2279.169603
5.191825,399,2280.758305
25.546964,764,2283.659047
26.842379,1001,2288.205372
22.870287,1001,2291.749143
27.780965,1001,2295.573462
43.920533,1001,2299.123718
27.766157,1001,2303.486775
16.15906,1001,2307.018025
119.793105,1001,2310.554749
75.99288,1001,2314.087783
29.242327,1001,2318.467161
36.201593,1001,2321.996705
37.20388,692,2324.510399
35.002914,1001,2328.047911
15.327157,1001,2331.578388
37.777578,1001,2335.986419
72.685465,1001,2339.518609
94.794026,1001,2343.059597
42.438476,1001,2346.607966
20.122641,1001,2350.969544
16.967726,1001,2354.53802
10.638877,1001,2358.087523
24.723583,1001,2361.794674
65.203799,1001,2366.082094
34.933956,1001,2369.622187
26.893169,1001,2373.173345
48.905922,1001,2376.7096
28.772685,1001,2381.05345
78.463883,1001,2384.596241
39.013907,1001,2388.129422
5.346615,259,2389.19547
36.545887,1001,2392.722789
33.373365,1001,2397.120688
13.613131,1001,2400.644262
24.366185,1001,2404.195669
16.320074,1001,2407.724623
73.444439,1001,2412.306004
54.854774,1001,2415.865142
51.901044,1001,2419.41289
60.937727,1001,2422.947596
36.050668,1001,2427.293127
69.145682,1001,2430.83113
29.390435,1001,2434.383068
20.637688,1001,2437.9178
38.569281,1001,2442.302199
48.38834,1001,2445.843843
46.177815,795,2448.704501
15.455304,1001,2452.231334
44.365288,1001,2456.623376
33.858241,1001,2460.171343
40.004561,1001,2463.727437
43.486933,1001,2467.326865
24.271815,1001,2471.599505
53.083251,1001,2475.315269
50.174462,1001,2478.867582
107.930241,1001,2482.401605
35.0844,1001,2486.68889
40.245558,1001,2490.232923
39.419875,1001,2493.785971
27.30238,1001,2497.322471
39.724421,1001,2501.660139
36.063577,1001,2505.201015
26.180653,1001,2508.751922
24.651861,1001,2512.291542
27.370809,1001,2515.842336
11.162201,1001,2520.193407
6.872946,74,2520.645815
30.76859,1001,2524.175265
18.777028,1001,2527.718623
18.794835,1001,2531.240973
65.308891,1001,2535.663851
33.290264,1001,2539.212329
22.970094,1001,2542.740859
50.821378,1001,2546.278006
34.434359,1001,2550.540503
35.357125,1001,2554.111609
28.609029,1001,2557.652037
12.708783,1001,2561.179809
39.922195,1001,2565.465413
18.854718,1001,2568.986976
64.996361,1001,2572.53499
17.291545,1001,2576.130803
45.77825,1001,2580.411978
16.551771,1001,2584.152376
19.999261,1001,2587.699783
65.541243,1001,2591.236067
27.305648,1001,2595.539521
48.810445,1001,2599.059221
10.620644,100,2599.592292
111.079876,1001,2603.124451
85.783285,1001,2606.670186
40.142222,1001,2611.000987
28.79631,1001,2614.540517
17.50423,1001,2618.150687
41.092134,462,2619.901214
19.91104,1001,2623.436962
89.081846,1001,2627.745442
42.46535,1001,2631.273882
19.89406,1001,2634.826608
21.363661,1001,2638.371998
51.10484,1001,2642.696045
38.698289,1001,2646.240126
41.243002,1001,2649.825396
33.066579,1001,2653.372215
34.22716,1001,2657.767021
1.702979,26,2658.062328
23.765179,1001,2661.636718
21.390726,506,2663.531802
59.646422,1001,2667.057419
19.167299,1001,2671.377339
49.168168,1001,2674.919239
6.094448,212,2675.82525
30.703771,1001,2679.376826
31.364007,1001,2682.915783
75.705821,1001,2687.230158
27.857613,1001,2690.855793
17.000555,919,2694.138353
26.870345,1001,2697.854031
34.067142,1001,2702.162722
34.254658,1001,2705.717117
33.226404,1001,2709.271933
29.057271,1001,2712.812155
51.546784,1001,2717.134184
23.507709,1001,2720.676817
23.003471,1001,2724.246641
38.964147,1001,2727.811873
13.971155,98,2728.341798
46.545034,1001,2732.729507
24.363466,448,2734.428727
24.947961,1001,2737.950475
27.559808,1001,2741.485957
22.892178,1001,2745.018783
45.017717,1001,2749.389982
40.600205,1001,2752.913353
118.794931,1001,2756.469777
1.027448,25,2756.758522
29.024759,1001,2760.299255
38.520944,1001,2764.601667
70.625249,1001,2768.155012
42.913854,1001,2771.701599
49.891745,1001,2775.256329
31.547776,1001,2779.69191
45.067104,1001,2783.238254
28.950317,1001,2786.771339
33.317398,1001,2790.333525
30.197528,1001,2794.761377
9.913414,65,2795.181789
29.665874,1001,2798.715216
46.016012,1001,2802.290798
99.79428,1001,2805.862554
13.506207,338,2807.201488
49.952981,1001,2811.767565
41.534641,485,2813.601196
54.6974,704,2816.185715
50.580632,1001,2819.74994
55.01034,1001,2823.284374
33.822731,1001,2827.666035
21.727094,1001,2831.21287
17.024428,1001,2834.763279
30.875197,1001,2838.307436
41.436859,1001,2842.607515
10.247578,101,2843.148568
26.522164,1001,2846.697994
2.985007,32,2847.011142
30.20023,1001,2850.561473
5.44808,58,2850.960274
55.780376,1001,2854.536833
16.55288,1001,2858.884535
13.448159,167,2859.644597
23.148731,1001,2863.174054
33.948115,1001,2866.719176
43.573898,1001,2870.251291
49.115139,1001,2874.545725
15.274655,153,2875.262809
54.204633,1001,2878.801142
32.943524,1001,2882.36641
31.677274,1001,2885.923277
22.607553,1001,2890.31832
28.848904,589,2892.481155
28.286904,1001,2896.023733
27.518512,1001,2899.559778
19.602754,1001,2903.830431
28.186496,1001,2907.370252
39.060339,1001,2910.916161
28.192897,549,2912.964088
50.157584,1001,2916.570782
30.791787,744,2920.070605
0.985294,25,2920.366151
40.803585,1001,2924.074708
23.483229,1001,2927.610012
25.105337,1001,2931.158457
15.066933,1001,2935.557893
24.531894,1001,2939.104322
18.792047,1001,2942.62646
26.753221,1001,2946.166414
13.345347,268,2947.275382
71.220648,1001,2951.636112
22.410391,1001,2955.161356
48.19039,1001,2958.703265
36.979443,1001,2962.232564
10.244855,683,2965.499544
33.724423,1001,2969.052682
31.442561,1001,2972.582622
25.161107,1001,2976.134891
31.597199,1001,2980.443126
14.706968,1001,2983.971976
29.53062,1001,2987.524569
54.268621,1001,2991.0659
39.173338,1001,2994.627421
46.738619,1001,2999.039776
27.258679,1001,3002.57694
38.536563,1001,3006.105256
42.211619,1001,3009.655554
93.454663,610,3012.722832
102.873913,1001,3016.257225
60.592087,1001,3019.804378
12.629958,120,3020.408137
35.86395,1001,3023.945088
43.972414,1001,3028.38322
33.348402,1001,3031.966985
15.891331,1001,3035.526432
29.395993,1001,3039.200673
25.740059,1001,3043.637349
26.815405,765,3046.378662
15.991986,197,3047.234356
33.326806,692,3049.742629
27.103069,1001,3053.273432
22.37113,1001,3056.796155
89.331587,1001,3061.20948
55.690052,1001,3064.747885
75.446563,1001,3068.274134
31.643668,645,3070.641994
29.772141,1001,3075.017148
44.221769,1001,3078.555253
55.77261,1001,3082.107515
125.465072,1001,3085.668043
23.310648,1001,3089.986002
61.650095,1001,3093.574727
22.612344,1001,3097.124322
32.7725,1001,3100.662065
30.955758,1001,3105.02209
25.765744,1001,3108.579612
42.678621,271,3109.700504
16.172257,843,3112.714673
6.58028,101,3113.258738
20.843801,1001,3116.78662
49.238864,1001,3121.05161
101.962731,1001,3124.579685
102.119862,1001,3128.110252
7.192643,147,3128.812478
40.736643,1001,3132.33735
15.717642,307,3133.576963
45.403426,844,3137.504741
10.962727,76,3137.9643
30.963162,1001,3141.525768
15.154665,399,3143.08497
26.479399,1001,3146.698953
52.351857,1001,3151.192949
47.011128,1001,3154.766723
19.018911,161,3155.504089
35.218835,232,3156.498895
26.968048,899,3159.69948
7.823883,157,3160.429893
17.560723,111,3161.023845
28.135843,1001,3164.559651
50.185225,1001,3168.872698
21.049371,1001,3172.416716
31.681581,1001,3175.951527
19.680161,1001,3179.495957
49.281964,1001,3183.854007
23.343325,1001,3187.385212
10.660528,111,3187.953372
40.567772,1001,3191.474424
60.729244,367,3192.895006
29.219443,1001,3196.424437
70.842099,1001,3200.689658
26.621731,1001,3204.224017
33.105782,1001,3207.768795
74.370818,1001,3211.320063
18.870025,132,3211.964562
17.325987,758,3215.560068
53.014584,1001,3219.090285
18.432416,1001,3222.640222
34.954462,634,3224.949416
46.914676,1001,3229.286718
25.253046,901,3232.492745
134.085928,1001,3236.029858
21.390843,1001,3239.579947
21.384563,1001,3243.176218
14.760502,360,3245.408243
13.213946,436,3247.076673
70.497044,407,3248.634885
13.333718,224,3249.583516
22.59779,1001,3253.11844
19.886002,338,3254.447598
18.037833,206,3255.333672
27.327559,1001,3258.942403
33.946096,1001,3263.279106
7.380905,159,3264.006021
11.045509,614,3266.442983
27.72447,1001,3269.978667
50.116098,495,3271.824851
10.963271,718,3274.443039
112.314808,1001,3278.712918
26.058502,1001,3282.231
19.552792,1001,3285.779243
1.897087,26,3286.086991
27.500772,1001,3289.612028
18.982847,136,3290.273936
59.763858,1001,3294.541561
10.729623,528,3296.495515
20.31767,1001,3300.038366
47.870258,391,3301.550069
10.39374,88,3302.053263
18.511596,1001,3305.594185
93.327891,1001,3309.981783
11.425737,508,3311.875365
22.914195,1001,3315.415554
47.460711,1001,3318.97524
2.633933,26,3319.267147
66.097674,1001,3323.70961
8.798995,138,3324.381945
29.44182,1001,3327.931586
69.665219,1001,3331.464048
52.350832,1001,3335.006625
27.040796,1001,3339.380707
16.829528,1001,3342.903334
26.209294,1001,3346.428059
20.151132,496,3348.27462
108.832883,1001,3351.822589
18.297493,1001,3356.113702
43.933617,1001,3359.63437
57.558264,1001,3363.155798
18.795934,1001,3366.691746
24.186881,1001,3371.025378
23.801316,568,3373.172741
30.769613,1001,3376.740128
63.48272,1001,3380.424868
54.836002,1001,3383.997047
63.662414,1001,3388.319461
23.199355,1001,3391.863989
28.215925,1001,3395.433824
18.604942,470,3397.206562
2.175793,28,3397.500461
29.730134,1001,3401.86474
13.865299,238,3402.860307
1.69814,25,3403.149894
51.246421,1001,3406.674549
43.375546,1001,3410.208336
28.041352,1001,3413.728378
69.729474,1001,3418.147653
28.316437,1001,3421.691723
55.091905,1001,3425.235766
43.166774,1001,3428.780018
50.147241,1001,3433.141729
31.565113,1001,3436.689902
9.572933,170,3437.458182
47.412757,1001,3441.011633
20.442539,1001,3444.559771
24.082338,1001,3448.839992
34.458495,1001,3452.417142
84.109728,487,3454.265132
7.933013,155,3454.990999
15.980912,593,3457.174322
28.059101,1001,3460.717301
46.656895,1001,3465.062542
1.727739,24,3465.344186
49.594852,1001,3468.869874
26.954262,1001,3472.395083
22.69359,1001,3475.937435
29.857367,1001,3480.331215
66.534736,1001,3483.86697
19.050866,1001,3487.472005
110.813739,1001,3491.122581
78.781245,1001,3495.502958
22.236736,145,3496.194298
25.102193,1001,3499.747952
4.895022,260,3500.818791
89.411336,1001,3504.360546
1.576306,25,3504.646936
28.134056,1001,3508.206661
36.272141,1001,3512.584604
17.103583,1001,3516.128833
25.443684,1001,3519.662717
50.58173,1001,3523.204468
19.78396,1001,3527.566971
28.445358,1001,3531.122395
32.591864,1001,3534.663713
34.336444,1001,3538.189699
36.466904,1001,3542.488272
23.325291,1001,3546.043643
10.90695,513,3547.955103
19.846481,1001,3551.50416
59.328752,1001,3555.913427
73.067956,401,3557.477258
67.182603,1001,3561.014638
34.250448,624,3563.308726
17.693792,1001,3566.844102
28.059052,1001,3570.388554
21.519625,1001,3574.722232
49.420336,1001,3578.251753
23.265216,868,3581.340481
36.836978,336,3582.674576
47.878927,309,3583.903919
25.33058,1001,3588.128267
11.236425,497,3589.977947
118.69948,1001,3593.513473
48.778529,1001,3597.049003
13.522275,577,3599.243996
44.82673,1001,3603.613068
57.494445,1001,3607.35662
29.604906,1001,3610.899547
30.370469,1001,3614.429824
72.932358,1001,3618.709221
23.440162,1001,3622.250257
56.729602,1001,3625.780063
0.9637,21,3626.056149
33.309438,1001,3629.575665
35.420049,911,3633.544007
48.198606,1001,3637.11195
24.934686,324,3638.394294
141.282894,1001,3641.922636
16.35512,1001,3645.477986
36.226814,1001,3649.783596
82.024683,1001,3653.326178
42.97908,1001,3656.834887
24.087634,1001,3660.373909
24.686356,1001,3664.817947
29.990361,1001,3668.373146
50.453549,1001,3671.899244
34.369852,1001,3675.439546
41.473413,1001,3679.744951
20.231448,470,3681.508173
27.618553,1001,3685.061712
61.250899,1001,3688.595696
1.654082,23,3688.878576
21.98972,1001,3692.442685
65.323742,1001,3696.762853
29.192582,1001,3700.287656
37.645241,1001,3703.821443
23.562047,1001,3707.357702
24.429477,1001,3711.642161
98.437192,1001,3715.232171
50.787618,1001,3718.93719
24.134483,838,3721.971273
24.070108,1001,3726.279525
108.67114,1001,3729.844062
8.026965,332,3731.146144
22.155867,1001,3734.681802
15.626057,870,3737.782789
36.13448,962,3741.915424
39.531396,1001,3745.43629
53.412452,1001,3748.978482
17.375195,342,3750.330172
35.179732,1001,3753.877792
59.578629,433,3755.523922
31.146195,1001,3759.889961
21.115349,1001,3763.408017
14.858023,1001,3766.941322
28.737655,1001,3770.474898
25.932903,1001,3774.780048
70.834475,1001,3778.321918
48.880783,1001,3781.847536
48.130714,1001,3785.382594
36.661075,1001,3789.667938
13.66717,578,3791.80095
70.221105,1001,3795.3296
31.686924,1001,3798.871502
19.444047,939,3803.010767
60.610423,1001,3806.552225
17.806236,1001,3810.101897
19.872513,1001,3813.633171
19.625886,1001,3818.031025
37.773364,1001,3821.556525
20.367961,1001,3825.173134
38.843663,1001,3828.740969
24.041437,1001,3833.291213
48.092147,1001,3836.833834
1.560052,22,3837.12027
21.121821,1001,3840.682873
33.444433,1001,3844.225744
45.572895,1001,3847.758982
70.431657,447,3850.262809
36.488552,1001,3853.799645
21.198046,1001,3857.34835
30.02673,1001,3860.89579
26.794116,1001,3865.226766
79.186873,1001,3868.752495
44.993003,1001,3872.543527
67.69289,423,3874.32113
24.672113,1001,3877.897135
67.46686,1001,3882.226201
27.5349,1001,3885.785401
64.811246,1001,3889.522494
35.320648,1001,3893.083737
18.725612,1001,3897.51544
117.963517,1001,3901.084741
21.216996,1001,3904.650145
47.163934,1001,3908.211118
60.463388,1001,3912.652646
53.114341,1001,3916.217835
30.490282,1001,3919.772478
27.256592,1001,3923.375096
32.575313,990,3927.802442
35.280503,1001,3931.342721
15.435503,1001,3934.894332
20.052982,1001,3938.517563
35.569346,1001,3942.900315
17.200239,228,3943.9225
17.929931,1001,3947.623605
30.436673,1001,3951.21829
15.660408,1001,3954.846705
1.872849,25,3955.140581
43.366665,1001,3959.807394
41.565947,1001,3963.476822
17.014852,1001,3967.38657
26.866729,1001,3971.143519
8.197779,262,3972.230053
51.533481,1001,3976.634636
18.087874,730,3979.274378
24.340822,891,3982.454765
33.61222,1001,3985.997627
1.059298,22,3986.284673
