#{"t_start": 1704908560.146571, "env_id": "None"}
r,l,t
0.204072,21,0.483037
0.282705,21,0.785812
0.361418,23,1.099662
0.444085,27,1.422427
4.977219,198,2.422662
0.158894,22,2.734197
0.155035,19,3.037317
0.116799,19,3.324375
0.2411,22,3.637652
9.108952,299,5.076734
0.075592,20,5.385255
2.761443,247,6.517883
0.735403,339,8.059408
0.27017,22,8.405443
0.214213,19,8.697214
0.049585,19,9.00049
0.107296,19,9.302287
0.247484,19,9.632807
0.193736,24,9.955954
0.086097,22,10.265082
0.032116,19,10.559648
0.19321,26,10.890891
9.990181,283,12.340436
0.14712,20,12.637971
0.085814,20,12.930749
0.071848,23,13.247146
0.180992,21,13.558698
0.430341,27,13.883932
2.61791,68,14.343823
0.143193,19,14.631695
0.060145,19,14.915
0.123734,18,15.204643
0.08937,19,15.489063
8.72679,200,16.507164
0.477575,195,17.528982
0.121175,22,17.823467
3.613881,111,18.440562
0.222342,21,18.740012
0.192072,22,19.037294
3.265207,159,19.838702
0.066919,19,20.144085
0.225187,19,20.436164
0.036041,20,20.741468
0.137357,18,21.044728
0.071587,22,21.368377
0.023333,22,21.698744
1.340618,67,22.146548
6.445864,268,23.324144
3.388348,71,23.980599
0.45862,23,24.301362
0.166729,21,24.642051
0.050247,20,24.958722
0.243584,20,25.330847
5.151481,107,26.190345
0.148824,19,26.476361
0.080461,21,26.773553
0.511863,27,27.097018
0.16226,22,27.390765
0.079727,19,27.750492
2.388169,242,29.057703
0.036447,20,29.41972
0.053054,18,29.802472
6.736407,141,30.672579
0.078681,23,31.028844
0.056142,19,31.374373
0.116027,19,31.697363
0.098009,22,32.049545
0.135513,20,32.38968
9.962498,284,35.400241
0.051375,20,35.76312
0.07733,20,36.127235
0.332168,24,36.500512
5.967785,442,38.798074
0.333933,26,39.188168
0.255062,21,39.556218
0.092279,19,39.920885
0.238068,22,40.289165
0.160061,19,40.638689
2.598808,71,41.230254
3.237302,198,42.356083
0.058174,19,42.705137
0.245952,25,43.08339
0.053851,18,43.423188
0.152608,20,43.766687
0.032957,19,44.11378
0.070777,18,44.455809
0.062614,24,44.839364
0.164998,19,45.176401
0.091101,20,45.508192
0.075429,20,45.857151
0.29712,21,46.215118
0.083074,18,46.557856
0.239301,22,46.91956
0.113276,21,47.273918
12.598656,482,49.760707
0.025623,18,50.108803
3.482128,115,50.904706
0.094155,20,51.280787
0.133621,21,51.657244
0.132472,20,52.05746
0.107221,23,52.475536
4.565971,215,53.681611
0.193197,19,53.986237
0.135147,26,54.380249
1.625881,64,54.860241
0.070713,21,55.149908
0.183697,22,55.460379
0.124264,18,55.754676
0.100172,20,56.050017
0.086585,20,56.332893
0.136639,20,56.61233
0.354383,23,56.901634
0.073498,25,57.200481
0.054608,20,57.479383
2.591425,89,58.042905
0.48515,23,58.381548
0.786266,66,58.84868
0.26497,22,59.135492
0.045446,20,59.411414
0.120173,23,59.701784
0.445907,23,59.99642
0.039632,19,60.289642
0.420342,22,60.593816
0.142418,20,60.890489
0.143582,22,61.195314
0.107574,20,61.491805
0.751732,104,62.097716
0.066776,18,62.379672
0.121533,19,62.662268
0.10124,21,62.978454
0.046003,20,63.263556
0.182749,23,63.565052
0.159434,20,63.85668
0.313742,23,64.161996
0.186954,23,64.492784
0.0608,21,64.83473
0.087969,20,65.12542
0.11921,21,65.413731
8.326686,309,66.729126
0.093051,18,67.013366
0.058217,21,67.314004
0.138846,22,67.609475
0.188028,23,67.909743
0.157517,19,68.195043
0.023578,18,68.479758
6.782155,210,69.439664
0.052979,20,69.722223
0.091402,19,70.001061
0.048332,21,70.285717
0.048643,20,70.561815
0.076098,22,70.843927
0.020912,22,72.00304
0.066459,19,72.270685
0.172405,21,72.552425
2.88119,82,73.058272
7.690061,174,73.882811
0.341421,24,74.191935
0.110775,20,74.480148
0.186136,23,74.781528
0.075729,20,75.068145
0.085745,21,75.357988
0.208788,23,75.654255
0.093893,21,75.946155
0.161968,18,76.223275
0.043861,23,76.515102
0.167872,19,76.794294
1.638859,45,77.169873
0.153027,24,77.467093
0.08551,19,77.747635
6.491276,149,78.561422
13.269938,286,79.810221
0.330886,23,80.104177
0.545246,28,80.416746
0.286693,22,80.70528
0.452396,23,81.001894
11.625518,593,83.325406
0.104849,19,83.594025
0.112951,21,83.875388
0.138774,21,84.162953
0.536321,31,84.477281
0.144462,21,84.75926
0.180013,23,85.051554
0.217254,18,85.323473
0.037354,18,85.599995
0.073196,22,85.890124
0.163522,21,86.17958
0.32241,20,86.459078
0.10565,21,86.740639
0.323554,20,87.020211
0.145742,22,87.300244
6.928016,558,89.467208
0.037319,20,89.752139
0.104969,18,90.027271
0.176827,25,90.325357
0.153965,23,90.615859
0.069275,19,90.897606
0.148892,21,91.185826
11.0354,311,92.497883
3.920066,170,93.307363
0.036934,18,93.574841
0.233648,20,93.849696
0.273926,24,94.149389
1.814063,263,95.28436
1.3932,68,95.726032
0.266227,22,96.032922
1.024454,99,96.669753
0.286994,21,96.950195
0.181089,20,97.24127
0.303995,23,97.534134
0.116916,22,97.826314
4.34395,158,98.595192
2.64144,72,99.058065
0.059407,22,99.344915
0.254662,21,99.632598
0.469296,25,100.88624
4.489309,99,101.449557
0.105431,20,101.731464
8.290004,150,102.468904
0.088956,21,102.755882
6.507304,120,103.384474
3.502367,135,104.069218
1.834479,127,104.726611
1.208392,71,105.193304
0.026113,21,105.478799
0.252154,23,105.774218
0.27665,24,106.06514
0.019764,19,106.337615
0.44242,238,107.381308
0.101819,20,107.654697
0.103161,20,107.928484
0.241587,19,108.201077
9.652343,248,109.281524
0.219923,24,109.583525
0.184962,22,109.886261
2.250003,69,110.340125
7.810548,305,111.628448
2.664202,73,112.096365
0.028386,24,112.389001
0.344169,25,112.679865
0.082369,19,112.951034
0.594468,160,113.720846
0.186149,22,114.004366
0.083688,18,114.29593
0.024443,20,114.617086
0.203556,25,114.948786
1.850865,66,115.395181
7.967029,291,116.625245
0.17391,21,116.909209
5.964548,282,118.11277
5.27012,177,118.943807
0.042117,19,119.222465
0.122502,19,119.499626
0.213704,18,119.777303
17.368721,352,121.228424
0.252529,21,121.515395
0.053703,20,121.795347
7.805557,219,122.783703
0.169911,23,123.085673
2.131941,141,123.789317
0.162626,25,124.09046
0.045135,19,124.370493
0.472377,27,124.67551
0.067264,18,124.952315
0.051403,19,125.233197
0.090512,20,125.515207
0.119396,21,125.800322
0.247244,20,126.081627
0.325022,24,126.382414
4.60829,113,127.94378
0.096646,19,128.223755
0.177353,19,128.505381
0.106432,18,128.777564
0.188264,24,129.070462
11.459848,176,129.893655
0.272209,25,130.191135
0.049267,19,130.465379
6.2784,165,131.316977
0.46049,23,131.669581
3.061914,115,132.308316
0.080882,22,132.600017
0.122756,20,132.880613
0.083632,18,133.156477
7.58131,240,134.213644
0.276048,21,134.503797
0.288637,20,134.788217
1.558985,58,135.200896
0.187405,25,135.495497
0.08336,22,135.787226
0.097716,19,136.068069
2.179829,79,136.560664
2.318696,73,137.029522
0.113368,20,137.311769
0.17186,19,137.591949
0.107375,22,137.881366
0.066762,20,138.161837
0.232669,18,138.436952
0.198624,20,138.716605
2.94032,97,139.270866
2.421766,92,139.809964
9.104462,237,140.861224
0.266383,24,141.154245
7.352152,399,142.786536
0.090667,20,143.076337
0.286254,23,143.364991
0.076616,20,143.646443
0.245464,19,143.921491
0.082951,19,144.19613
0.057858,19,144.474613
0.317209,20,144.755869
7.510368,181,145.602439
0.217449,22,145.893333
0.051317,21,146.186814
0.361222,22,146.478509
0.074243,24,146.769196
0.122579,23,147.067774
11.470494,229,148.096863
0.088762,21,148.390057
5.547694,171,149.201203
0.274317,22,149.513164
4.997572,231,150.629775
0.374945,25,150.932917
0.078953,23,151.232442
0.045577,31,151.557029
1.297495,346,152.988713
5.201599,115,153.605496
0.178814,20,153.886318
0.074382,19,154.166616
0.070201,21,154.452262
0.047788,19,154.732325
3.090807,75,155.209776
0.299635,22,155.501819
0.127611,22,155.793697
0.190759,21,156.944135
0.032545,18,157.221848
0.356184,69,157.680476
0.55791,85,158.188459
0.094614,19,158.467572
0.262609,20,158.747735
0.057003,17,159.018735
7.002344,137,159.716515
0.221976,22,160.002788
0.109236,20,160.279156
5.652463,102,160.848656
0.168671,22,161.1398
0.204541,88,161.670119
0.37325,22,161.99176
0.088905,23,162.282381
0.084856,21,162.58721
5.449824,190,163.477341
2.540426,80,163.971461
0.222061,25,164.266267
0.137366,22,164.55396
1.175208,101,165.128902
0.103753,22,165.41671
0.39536,22,165.706571
8.151883,179,166.547135
2.725756,136,167.260416
0.234743,27,167.606948
2.582384,109,168.236707
7.112832,177,169.065622
0.050821,19,169.339722
0.313379,23,169.629491
0.366569,20,169.919753
0.089454,18,170.192697
0.256225,22,170.476651
2.746682,126,171.136813
12.658002,519,173.236191
3.462736,189,174.20398
6.867819,169,175.033065
0.050615,19,175.315254
6.264052,164,176.144844
0.215318,20,176.42711
1.01522,61,176.875619
0.252638,26,177.192849
2.003375,81,177.717521
3.959603,82,178.214169
0.065244,20,178.490697
0.115812,19,178.770524
21.092574,524,180.899884
3.207614,118,181.568644
0.159549,21,181.863239
0.14784,19,182.14072
0.044406,21,182.436445
0.26199,19,183.618652
3.798565,210,184.695683
9.504232,190,185.760887
12.818828,294,187.292355
12.436167,301,188.673021
0.109125,20,188.968693
7.284511,150,189.713926
8.146171,324,191.077382
0.919858,33,191.558165
1.808674,97,192.240142
1.626921,158,193.070785
0.058041,21,193.374676
11.52651,213,194.496298
0.058048,21,194.824549
5.968397,226,195.855578
6.445845,122,196.512262
6.110426,187,197.381222
10.823931,258,198.515186
11.782541,225,199.514409
6.346216,171,200.34519
0.060306,23,200.642403
0.209694,21,200.92899
0.130574,24,201.22936
0.113224,22,201.516981
7.31243,134,202.202799
2.403243,325,203.675157
0.203668,20,203.96016
6.345089,174,204.78461
0.288609,21,205.070266
4.086097,203,206.873656
0.064486,23,207.171117
5.352992,111,207.771294
1.277079,113,208.376413
5.666345,145,209.097955
9.365705,267,210.248284
15.180376,423,211.953284
6.413129,256,213.119602
10.163637,235,214.23373
11.051643,268,215.392077
11.92148,206,216.341654
4.404467,112,216.966451
14.559496,280,218.171016
17.218856,562,220.457609
0.863142,61,220.893278
7.023535,176,221.726939
7.491957,222,222.72316
0.137883,21,223.016134
13.890773,438,224.761339
2.298914,59,225.176474
0.117494,20,226.482601
15.939911,420,228.179344
22.061481,494,230.168278
1.223125,257,231.299497
3.081168,277,232.525828
14.395314,237,233.586311
6.122957,101,234.155966
29.789458,563,236.513947
0.110202,21,236.813078
0.20911,21,237.108773
7.37911,130,237.783804
3.415464,146,238.514921
2.849565,154,239.271149
3.389637,105,239.852513
5.417074,220,240.836764
13.486813,373,242.370516
1.896391,342,243.785367
10.183304,186,244.640871
0.054029,22,244.936035
20.533419,1001,249.569891
1.027189,67,250.017911
2.075225,332,251.397603
3.540109,120,252.022206
0.108565,23,252.319894
5.322383,116,253.018165
3.989425,287,254.235717
7.018402,271,255.399342
6.598132,576,257.685463
9.532151,156,258.456934
16.625735,518,260.519209
2.986818,133,261.19976
14.064802,257,262.314262
0.4112,22,262.607341
8.62256,405,265.033024
4.739427,120,265.667674
6.582562,118,266.290536
0.240477,24,266.588121
3.635354,90,267.126923
17.647796,424,268.825117
15.098078,265,270.06581
14.697079,258,271.177663
5.094112,92,271.716845
0.228917,19,271.997034
15.81814,953,275.56077
24.552797,984,279.246604
5.134707,131,279.914336
1.160132,349,281.348807
5.961563,422,283.905305
29.564568,628,286.491269
20.807697,665,289.033374
16.729877,424,290.730335
10.736471,271,291.898738
0.238703,20,292.1818
0.176441,21,292.469578
11.923161,239,293.518781
9.288068,207,294.456359
24.809015,475,296.333146
22.246355,532,298.411173
0.243918,21,298.697587
27.077998,674,302.428242
11.613809,557,304.715091
4.859709,114,305.356455
11.905274,190,306.274994
0.234599,26,306.597438
6.566155,160,307.414499
5.71092,135,308.129176
15.116516,492,310.187419
25.634573,418,311.914932
14.537757,893,315.602508
0.18538,19,315.899743
18.174462,388,317.488402
0.827673,28,317.799866
20.67557,622,321.258945
0.152091,18,321.543738
27.870679,546,323.670787
10.167695,206,324.615118
0.096309,21,324.906261
13.960191,293,326.140671
7.981384,331,327.512419
20.843355,345,328.931669
4.284471,216,329.90057
37.080175,587,332.163198
3.853388,651,334.85406
19.274646,506,337.012626
17.849593,421,339.552778
4.190653,429,341.369527
30.371362,548,343.50344
10.32261,246,344.569082
10.558518,316,345.893574
15.356204,928,349.362677
13.865863,299,350.686793
14.421483,277,351.871655
14.273761,252,353.079579
22.397024,389,354.659929
13.414032,1001,359.252956
20.361592,330,360.625163
29.593262,575,362.85396
24.434521,1001,366.597801
14.257241,261,367.727239
8.977884,412,369.504383
7.440754,140,370.205848
16.69848,471,372.948561
31.09476,588,375.212373
20.257706,1001,378.954421
23.207759,388,380.544174
1.861534,78,381.021137
23.332913,423,382.705519
10.430233,403,384.332458
17.333849,1001,388.2076
22.54043,1001,392.839261
16.71291,416,394.511606
20.592394,1001,398.240458
4.988956,87,398.753005
0.128488,22,399.041259
8.070425,959,402.744968
22.293126,701,405.411898
14.79727,528,408.422227
12.311929,246,409.498627
15.099367,1001,413.218184
25.719393,761,416.099945
10.620092,1001,419.964896
7.925378,801,423.926227
6.984234,129,424.587263
10.243434,562,426.786914
25.952165,1001,430.530623
17.400111,379,432.071778
0.198022,22,432.365197
20.336976,559,434.60446
17.336284,839,437.812933
20.899617,361,439.284626
8.875456,392,441.779904
13.29314,757,444.636319
18.072491,511,446.642987
8.197554,821,449.722655
34.970924,1001,453.581367
23.568349,949,458.053319
5.083149,141,458.755112
12.037226,224,459.750703
12.316503,250,460.84101
13.376755,230,461.855542
24.045599,1001,465.587446
3.830491,77,466.081624
11.603678,620,468.575231
10.288427,239,469.630773
13.690918,820,472.721075
19.823815,748,476.489231
12.318077,854,479.714796
21.884087,1001,483.489034
13.444622,712,486.275108
12.565102,1001,490.844187
72.599687,1001,494.567043
20.055695,1001,498.28373
27.446506,1001,502.115249
25.082413,265,503.245331
23.22673,547,505.368966
20.789524,1001,509.968258
16.742846,611,512.425544
20.623084,1001,516.305287
14.638354,1001,520.072128
16.580828,1001,524.66802
4.825686,93,525.203895
21.128874,1001,528.964729
12.886072,628,531.390792
25.42872,1001,535.197386
21.280519,291,536.425396
16.323774,1001,540.980065
7.83758,1001,544.704992
22.706854,252,545.804199
25.037923,879,549.208428
12.811297,889,552.544516
13.597379,157,553.305332
3.781842,899,557.529095
12.364721,1001,561.260612
20.644075,483,563.1577
11.430953,1001,567.020833
18.666712,596,569.317304
11.276583,941,573.69522
4.979406,1001,577.437222
26.661888,522,579.476304
3.541372,958,583.176239
13.828186,192,584.057979
4.764385,95,584.605302
19.13761,935,588.089555
5.017777,159,588.86274
29.020617,909,593.155281
22.4704,1001,596.947746
61.297562,1001,600.770177
49.000054,1001,604.491216
8.542014,1001,609.042013
11.492652,499,611.012368
8.347348,942,614.627427
29.883067,563,616.823938
22.950516,1001,620.564017
25.489321,306,621.844193
17.471528,546,624.803954
23.860982,854,628.030059
16.008603,1001,631.891981
14.13484,1001,635.66267
32.605447,1001,640.272752
13.017204,1001,644.007214
13.942521,1001,647.865694
21.475642,1001,651.631643
16.268843,1001,656.230886
13.363628,1001,660.011926
7.711783,148,660.743072
31.094804,522,662.882916
13.584824,1001,666.677398
9.901799,156,667.437741
35.829073,631,669.853227
12.123092,673,673.287997
33.961334,412,674.970953
17.513438,544,677.137426
15.219735,1001,680.976786
14.799934,1001,684.675852
3.990984,156,685.439622
42.738867,1001,690.04521
17.031435,1001,693.786177
17.197351,1001,697.618781
21.362462,1001,701.320631
17.571452,285,702.535082
1.593033,1001,707.162694
19.810336,453,708.966516
14.596869,1001,712.788972
51.867077,1001,716.518107
21.072458,1001,720.319743
6.909122,1001,724.961515
15.073992,857,728.217527
14.713384,1001,732.039838
15.757812,1001,735.790623
9.134568,104,736.363658
13.973511,585,739.463748
44.65434,1001,743.184858
23.3849,1001,747.046379
12.219531,218,748.019038
17.539635,814,751.090449
16.926138,1001,755.643897
30.831703,1001,759.452
15.551645,223,760.457551
62.832344,1001,764.504165
18.149339,344,765.93094
7.013859,942,769.585863
7.282296,238,770.640942
16.9238,931,775.007949
15.298188,856,778.353461
7.280038,1001,782.069538
6.881371,1001,785.807083
11.622119,670,789.295179
17.024729,1001,793.329518
24.832436,860,797.135351
7.750029,811,800.817465
15.523541,1001,805.174287
56.671756,1001,811.0786
19.722285,927,815.775496
11.911247,1001,820.574563
7.682447,719,824.071431
14.490818,1001,830.178628
10.350162,846,834.566061
22.486624,872,838.348805
23.348257,1001,842.324573
14.439896,1001,846.300484
10.142439,1001,851.829384
30.842194,1001,856.540256
12.972239,1001,861.079725
20.713336,347,862.88917
17.812402,1001,868.673502
26.001864,1001,873.437595
20.625964,986,878.233978
13.809507,1001,882.920055
13.357892,1001,889.179151
21.530193,419,891.526379
7.887621,1001,896.285829
9.215651,1001,900.151532
29.889718,1001,904.022228
14.316609,378,905.591199
45.483689,1000,910.30065
22.924924,533,912.407407
28.423557,1001,916.206726
8.045817,285,917.420332
11.867391,1001,921.149577
53.691421,1001,925.698343
30.707883,1001,929.563131
15.922385,1001,933.292408
24.922922,1001,937.016859
11.768155,445,938.782198
16.050727,840,942.839791
25.742771,989,946.649627
4.656229,888,949.997937
13.92073,266,951.137723
29.483748,1001,954.866318
17.979453,194,955.75551
16.420276,293,957.906524
25.651373,660,960.449065
32.220218,517,962.572072
10.034473,824,965.748635
18.56837,610,968.110953
10.653247,1001,971.872089
10.858135,1001,976.540965
25.496258,889,980.059771
23.905561,260,981.18377
23.957641,910,984.611794
16.515972,1001,988.367756
15.36089,368,990.722535
13.405041,525,992.774436
15.904035,895,996.233272
16.511867,452,998.036887
9.19798,872,1001.341851
20.109667,222,1002.327582
6.748898,1001,1006.114324
7.49851,835,1010.288099
31.035192,1001,1014.057039
48.82962,1001,1017.800071
22.908716,1001,1021.541447
38.551611,352,1022.990769
16.622576,1001,1027.881431
21.930404,243,1028.942226
16.900452,482,1030.856414
29.568593,402,1032.48495
6.912939,1001,1036.228615
30.405478,1001,1040.852296
10.91938,307,1042.144357
4.994535,397,1043.850374
22.100806,1001,1047.640081
27.649521,568,1049.843792
25.164867,380,1051.39183
9.135915,403,1053.023207
13.26759,1001,1056.81596
26.903016,1001,1061.625745
26.835908,1001,1065.404881
30.039898,1001,1069.178732
12.213112,450,1070.961104
15.351858,1001,1075.596625
30.903542,1001,1079.381414
21.4532,451,1081.177547
33.378737,741,1084.017978
18.076753,754,1086.904437
20.689183,1001,1091.484723
23.883644,576,1093.847081
23.883616,520,1095.886899
10.058349,515,1097.927698
20.524283,1001,1101.714616
18.314359,241,1102.797351
23.64389,1001,1106.542797
57.296883,521,1109.588196
23.579189,672,1112.160787
22.422262,608,1114.533626
19.282187,294,1115.775605
25.510516,1001,1119.542165
19.374733,511,1121.538654
29.716149,272,1122.698933
15.359678,419,1125.382224
14.953988,938,1128.935724
25.88723,1001,1132.670909
21.290597,622,1135.063649
5.485384,829,1138.228288
10.157129,347,1139.655681
16.409487,280,1141.93608
53.095522,551,1144.070688
22.87435,451,1145.852851
11.724103,359,1147.360451
26.383018,1001,1151.158442
64.839061,677,1153.726711
18.154995,560,1155.900423
9.481164,312,1157.252108
17.326252,328,1159.513991
31.090659,493,1161.469668
27.076444,749,1164.325136
11.355421,188,1165.198036
17.860681,809,1168.27235
56.017774,666,1170.828263
14.992927,370,1172.324522
15.390964,298,1173.631225
12.519221,696,1177.198936
22.929451,277,1178.371305
53.376961,559,1180.548745
14.357787,707,1183.286848
21.858475,1001,1187.036556
31.615933,1001,1190.923164
18.65017,759,1194.72028
30.907314,901,1198.120175
11.70925,216,1199.089375
23.188566,445,1200.867424
71.58648,899,1204.230419
12.17724,919,1207.855127
42.507758,788,1211.740571
48.462638,364,1213.230382
14.16533,161,1214.002249
43.137995,1001,1217.753102
5.339395,468,1219.605163
23.468084,523,1221.694595
20.251895,480,1223.706441
26.008344,383,1225.279442
60.157055,672,1228.79164
1.29782,32,1229.115768
30.792055,1001,1232.857841
62.287227,1001,1236.615277
51.457022,749,1239.555143
30.618917,556,1241.746565
70.549684,649,1245.106195
53.898014,1001,1248.858233
49.576805,440,1250.617178
19.904247,209,1251.571485
48.924136,1001,1255.429239
38.633086,424,1257.204141
12.627992,1001,1261.96022
33.892565,1001,1265.714522
18.235044,528,1267.807145
14.752929,331,1269.178352
24.979301,613,1271.550846
13.039172,243,1272.733432
11.20574,259,1273.844919
16.334265,870,1278.057764
16.60907,1001,1281.818451
63.995524,1001,1285.576496
21.399312,300,1286.839357
67.902704,1001,1290.72404
27.615607,302,1292.002163
14.543572,347,1294.3797
20.978191,359,1295.848969
30.368589,1001,1299.623752
31.52726,1001,1303.389591
30.134531,477,1305.379324
13.854752,1001,1309.158762
18.544896,204,1310.992243
12.359878,723,1313.768084
26.577584,1001,1317.566776
60.865941,448,1319.348069
14.49286,176,1320.175546
86.977058,1001,1324.075212
48.813386,1001,1328.990199
52.866073,1001,1332.731771
14.815959,165,1333.520758
26.943505,950,1337.200896
29.968173,1001,1341.055639
19.525731,660,1343.606975
12.992254,228,1345.523452
52.538675,1001,1349.315557
31.744438,593,1351.670593
32.421582,762,1354.663895
6.736055,189,1355.536155
14.878345,158,1356.307491
33.674298,963,1359.928295
10.695059,803,1363.926212
16.165624,163,1364.719416
66.69736,1001,1368.498331
12.830941,173,1369.316967
20.478693,267,1370.563524
60.34989,443,1372.334568
22.997434,670,1374.916418
25.057579,374,1376.441129
64.938848,1001,1381.117945
41.228388,448,1382.897664
20.596074,373,1384.423068
41.258349,558,1386.757021
71.338386,1001,1390.506762
40.615045,596,1392.860035
19.292391,280,1394.049671
30.39409,1001,1398.767149
18.304016,488,1400.712358
26.885404,294,1401.95896
71.947706,650,1404.561443
66.342601,1001,1408.320797
17.902104,449,1410.121801
34.136841,1001,1414.762056
22.599267,702,1417.496021
29.473106,250,1418.60897
59.545586,1001,1422.43193
72.09321,568,1424.641999
50.633941,502,1426.624179
18.747794,898,1431.025954
27.820451,512,1433.02664
25.872994,527,1435.148326
36.18313,565,1437.416581
2.970886,65,1437.858315
38.648673,489,1439.781943
69.632873,942,1443.361474
27.739842,413,1445.032439
69.94507,622,1448.443596
33.593676,399,1450.048226
26.28876,784,1453.140105
54.33563,526,1455.197647
37.912627,1001,1458.979746
14.731662,805,1462.0686
52.232405,555,1465.132305
53.924178,1001,1468.979368
15.947582,491,1470.952947
17.362013,185,1471.820107
47.903693,1001,1475.68819
19.902198,1001,1479.60179
32.959549,1001,1484.283675
23.554673,1001,1488.128501
27.848451,588,1490.413435
19.755555,284,1491.632883
60.48555,1001,1495.409998
38.336584,614,1498.563408
17.10988,836,1501.885696
27.552909,273,1503.054965
26.044552,640,1505.549082
43.084266,974,1509.26332
31.762533,334,1510.675836
33.024122,842,1514.748641
18.148114,218,1515.720698
14.690395,260,1516.851703
60.217537,611,1519.319374
69.876606,650,1521.806562
25.679786,298,1523.067552
16.429093,233,1524.091413
25.422979,807,1527.1865
40.336974,467,1529.055706
60.575195,1001,1533.817382
25.595405,269,1534.986279
13.192052,125,1535.635724
33.215021,344,1537.05423
31.205416,286,1538.269426
4.237637,213,1539.221978
41.354052,674,1541.823846
17.472445,865,1545.088257
16.303237,198,1545.995858
21.688589,930,1550.532425
14.857018,154,1551.282356
49.117683,830,1554.403172
23.002031,286,1555.615743
19.782194,305,1556.905867
27.278371,990,1560.68088
16.554489,194,1561.572467
54.971856,520,1563.606995
58.333738,599,1566.967248
36.709533,1001,1570.720839
109.824524,1001,1574.488944
45.428448,1001,1578.266245
27.451635,1001,1583.118436
42.373137,446,1584.903325
39.405632,672,1587.5038
21.724445,321,1588.841196
56.200283,921,1592.344084
45.230032,1001,1596.104583
14.459688,535,1598.241386
39.360228,814,1602.407203
13.031552,256,1603.514778
33.677737,812,1606.634717
16.343813,421,1608.331496
32.369527,615,1610.713287
50.035706,999,1614.475763
45.510673,625,1617.961853
14.870818,238,1619.005542
54.039325,523,1621.050661
35.97742,302,1622.312755
18.943762,552,1624.501948
29.758921,501,1626.574132
50.201487,595,1628.947029
35.274472,624,1631.405524
54.455547,1001,1636.188428
29.061983,464,1638.051162
16.09363,209,1638.994973
21.451245,652,1641.54568
49.627198,885,1644.914236
35.437259,1001,1648.846583
53.194229,965,1653.388125
17.018662,167,1654.192169
17.232264,227,1655.202441
23.55079,243,1656.266207
20.101352,206,1657.249294
20.525467,576,1659.508166
30.515632,323,1660.854065
37.018834,620,1663.257268
18.930051,262,1664.402124
28.784835,915,1668.854148
46.057778,1001,1672.643257
19.48869,174,1673.462047
48.472176,430,1675.19156
17.80874,153,1675.92958
9.572697,961,1679.55485
41.641172,466,1681.50161
5.872238,101,1682.068002
41.572533,351,1683.519196
23.854538,195,1684.418101
23.959086,253,1686.388294
6.512837,88,1686.913598
53.881797,473,1688.788062
16.026118,169,1689.592685
28.636729,228,1690.602103
50.055141,590,1692.90453
46.739412,532,1695.020376
19.655824,217,1695.988635
37.670669,418,1697.785862
59.708632,468,1699.651979
42.103859,467,1701.545142
37.098701,371,1703.992665
57.705285,530,1706.103672
16.46279,136,1706.80103
62.669118,581,1709.064853
42.148999,350,1710.502919
51.378159,710,1713.245894
15.661576,151,1714.118767
27.726048,725,1716.956862
51.173412,640,1719.432072
53.496447,319,1721.674943
39.551544,346,1723.101914
13.302559,177,1723.944967
28.052311,294,1725.20167
16.160986,154,1725.963652
62.805107,1001,1729.82498
70.569659,781,1732.938758
32.015447,942,1736.585227
46.20606,934,1741.129097
28.180058,496,1743.166939
36.020442,797,1746.295533
13.32579,237,1747.451435
32.741113,247,1748.531432
57.306989,511,1750.570764
31.321031,250,1751.694365
26.123223,282,1752.931062
54.29608,460,1754.787648
38.677782,262,1756.840615
31.36661,274,1758.037644
27.034417,444,1759.854398
42.739902,930,1763.457914
40.253624,606,1765.912397
51.795691,466,1767.783229
80.01316,728,1770.59204
26.474888,254,1771.72057
25.638149,201,1772.640675
42.121219,583,1775.9
24.176565,395,1777.504106
36.036221,266,1778.659716
46.037595,426,1780.495024
16.808494,212,1781.44932
52.398925,394,1783.036552
65.907965,946,1786.626081
24.078101,388,1788.215348
57.472439,435,1789.947059
31.312564,369,1792.483275
31.268957,265,1793.626154
71.830131,556,1795.794809
13.872625,186,1796.766288
70.128822,618,1799.160465
28.161643,416,1800.841512
20.572246,236,1801.881783
31.222104,238,1802.948841
13.68328,231,1803.982465
30.827146,296,1805.243174
59.035212,1001,1810.167618
39.048841,408,1811.808008
44.662416,1001,1815.705417
33.371235,519,1817.766927
42.708831,324,1819.163942
79.476686,819,1822.310672
23.798634,215,1823.285756
23.389041,265,1824.436176
7.178053,84,1824.954717
33.114443,250,1826.035616
52.667462,822,1830.438149
76.430634,654,1832.973351
42.914784,297,1834.241665
85.970931,572,1836.463117
26.743731,548,1838.647365
35.115532,380,1840.238989
24.165736,200,1841.149996
37.705659,301,1842.404422
29.828941,312,1843.735993
41.592047,1001,1848.562396
67.085712,543,1850.680208
40.148552,274,1851.854488
25.44373,753,1854.782538
29.746062,354,1856.285699
24.552928,253,1857.391799
73.076983,477,1859.278174
43.851222,1001,1864.284306
26.749503,222,1865.281918
29.224452,449,1867.21209
50.13621,540,1869.521663
61.067342,631,1872.102243
18.53439,204,1873.072027
48.144812,329,1874.458822
36.37672,529,1876.827715
35.258195,1001,1882.482856
43.294917,307,1883.999809
57.68807,1001,1888.599808
78.549452,1001,1893.320219
18.302695,154,1894.286775
76.07467,1001,1899.073955
63.9842,553,1903.046844
34.584928,285,1904.644461
28.427704,308,1906.353207
36.441709,427,1908.631042
58.650072,472,1910.957667
35.302134,396,1913.077888
57.467774,1001,1917.946918
32.040256,1001,1922.934691
36.588554,1001,1929.085099
21.052182,285,1930.648588
39.730642,708,1933.906581
38.678582,1001,1937.89124
38.630958,330,1939.367909
44.416623,481,1941.450958
61.088273,719,1945.489115
56.549932,430,1947.326793
77.919297,1001,1951.302052
47.983628,472,1953.308518
43.537218,426,1955.02099
44.520342,277,1956.222677
31.326055,751,1959.477231
49.501647,1001,1964.265664
58.133394,615,1966.701041
58.470664,1001,1970.603189
57.604727,482,1972.594406
49.96571,350,1974.1438
51.808178,569,1976.586733
26.37894,241,1977.676324
32.44799,994,1982.580798
31.175929,328,1984.016958
16.21285,195,1984.936901
67.308008,1001,1988.900854
47.794625,648,1991.631353
45.653704,1001,1995.707608
80.918346,1001,2000.573917
33.206871,326,2001.995341
57.365976,730,2004.915664
22.095519,228,2005.93998
30.409025,382,2007.624063
26.061028,221,2009.133342
44.237105,318,2010.643761
73.422341,883,2014.176418
34.026042,261,2016.363988
36.053874,372,2018.114402
47.374115,608,2020.805593
55.952888,583,2023.526614
17.548874,136,2024.363698
37.473409,1001,2029.064322
32.684048,284,2030.636221
32.895292,281,2032.178374
17.585804,372,2034.18659
24.589895,462,2038.000324
56.329125,382,2040.368615
85.654772,1001,2045.186383
33.460905,265,2046.733148
26.905319,293,2048.55605
39.370331,339,2050.52932
49.830215,398,2052.821597
33.633969,304,2054.350892
30.217592,277,2055.610777
18.326223,226,2056.682946
33.829415,264,2057.89522
71.946606,1001,2062.735783
83.841028,570,2065.064489
44.513279,1001,2068.929605
59.889336,543,2071.110964
36.749652,304,2072.419976
60.023899,670,2075.030179
19.955425,173,2075.862963
41.636096,483,2078.96687
44.184959,292,2080.220867
36.832717,873,2083.58748
32.750016,617,2085.997071
33.696173,322,2087.348217
77.625612,607,2089.735708
43.227805,811,2092.969505
79.693394,1001,2097.726835
30.373624,593,2100.064697
11.707421,138,2100.776156
34.907373,1001,2104.618404
56.703394,528,2106.712192
83.057046,1001,2111.527884
46.769971,261,2112.649856
70.759381,764,2115.587724
33.877138,1001,2119.422389
15.793189,174,2120.338809
52.26009,537,2122.511002
29.406651,354,2123.974779
48.377971,1001,2128.885833
52.738848,529,2130.975721
17.670112,237,2132.032051
29.214837,243,2133.110731
23.549924,156,2133.913157
50.64587,406,2135.546821
40.960599,1001,2139.364094
30.108044,401,2141.00294
35.667078,240,2142.057499
87.335223,1001,2146.855203
69.799672,731,2149.709311
64.454805,512,2151.724433
43.488358,492,2153.798431
15.016129,132,2154.481169
18.952563,216,2155.448306
48.507397,454,2157.274645
43.185659,343,2158.708513
16.443356,130,2159.382877
37.373719,388,2160.95817
46.979755,344,2162.397441
50.270674,382,2164.898519
56.417378,371,2166.414758
74.343275,746,2169.298687
28.287561,220,2170.281607
99.28778,957,2173.913109
16.724748,153,2174.665074
36.774163,364,2176.154815
37.183495,555,2178.363645
75.442916,682,2182.237677
15.362188,115,2182.862076
28.181616,913,2186.330269
62.620732,658,2188.900338
98.307965,1001,2192.695958
28.446421,1001,2196.53744
43.081704,468,2199.365392
47.087941,1001,2203.173303
40.96215,497,2205.177637
25.491577,237,2206.227018
17.805548,168,2207.02532
51.151192,483,2209.060709
17.152259,315,2210.387805
43.433301,1001,2214.198496
43.273372,305,2216.550815
38.993101,460,2218.397365
96.312468,1001,2222.176378
83.050734,603,2224.516733
30.820559,431,2226.257874
25.183227,202,2227.174722
49.576008,452,2228.997667
63.434156,390,2230.590135
94.456546,1001,2235.641327
57.096628,1001,2239.427814
30.452238,306,2240.71202
66.674679,1001,2244.491551
14.5047,144,2245.206712
76.575004,404,2246.829416
60.685521,581,2249.094736
40.845365,530,2252.173466
36.346655,1001,2256.107476
56.798901,443,2257.909449
78.710718,517,2259.963724
34.580862,307,2261.310481
69.730824,462,2263.164262
38.570219,494,2265.12467
66.185547,437,2266.901852
61.992431,406,2269.652991
100.704088,939,2273.179774
40.035133,253,2274.302421
48.361863,490,2276.373974
57.24091,649,2278.904079
78.71957,678,2281.526311
119.275187,1001,2286.338569
40.442654,1001,2290.151349
95.723621,723,2292.92325
26.518862,302,2294.30357
35.09635,265,2295.460557
81.278715,688,2298.135767
96.912878,1001,2302.954356
46.808788,443,2304.74021
55.146735,1001,2308.54207
38.262838,263,2309.691522
29.535424,192,2310.572755
47.388952,499,2312.664334
22.541659,199,2313.586181
69.516497,512,2315.616862
68.951502,581,2317.896067
36.405863,553,2321.136349
24.311906,166,2321.930262
38.872818,248,2323.017782
21.685697,167,2323.812824
69.563253,1001,2327.598331
70.071618,456,2329.539337
57.241697,488,2331.497999
83.520974,482,2333.41041
23.54609,297,2334.656642
43.969713,264,2335.79951
103.216174,604,2339.282841
0.873671,23,2339.584399
13.995143,148,2340.314902
24.149635,1001,2344.099328
75.373194,548,2346.247206
23.562695,208,2347.297421
39.027422,341,2348.716431
66.161391,1001,2352.506009
25.104589,721,2356.268214
36.052889,242,2357.330296
42.749143,276,2358.506586
25.099157,540,2360.645161
21.545266,1001,2364.44797
27.739911,275,2365.691403
47.89248,408,2367.381243
30.179587,250,2368.48756
36.73963,1001,2373.369449
41.438209,1001,2377.160053
40.489901,434,2378.909996
60.929139,493,2380.850574
30.007954,1001,2384.746843
74.579168,402,2386.376752
78.966048,658,2389.985525
33.585981,466,2391.840107
20.075495,200,2392.750743
27.508101,188,2393.642375
28.111887,295,2394.906891
29.880342,262,2396.025643
66.928885,1001,2399.862411
53.673268,537,2402.054469
0.539261,23,2402.352927
58.744211,426,2404.072981
29.654427,181,2404.925798
84.850341,1001,2409.74924
40.589964,374,2411.273319
22.240393,181,2412.147026
42.206428,281,2413.391472
56.729386,464,2415.26699
25.86558,375,2416.899085
144.119309,995,2420.673475
20.372776,198,2421.589056
29.934766,198,2422.500587
59.75729,977,2427.030203
116.924589,739,2429.849256
69.206639,1001,2433.635635
28.505554,182,2434.497242
31.749661,372,2436.129503
48.171077,1001,2439.916954
88.692556,474,2442.855159
46.482483,311,2444.160368
24.216577,354,2445.615015
48.83486,293,2446.85051
39.607358,1001,2450.616748
100.47298,718,2453.542078
1.042301,28,2453.862509
27.200608,183,2454.719654
42.363597,349,2456.149493
32.516144,249,2457.230502
31.246383,250,2458.321689
30.46623,337,2460.74092
50.133405,413,2462.403239
20.77243,158,2463.163164
51.563434,424,2464.879305
31.672796,207,2465.810034
33.012678,285,2467.022883
17.187904,390,2468.636275
47.665406,272,2469.908755
4.390553,55,2470.311907
54.304044,366,2471.793526
70.954423,402,2473.413652
32.29086,277,2474.599745
42.955525,280,2475.805128
40.94543,1001,2480.613499
61.059117,1001,2484.412734
54.046541,375,2485.942747
29.62665,287,2487.170573
18.797898,200,2488.21749
31.043336,355,2489.683419
26.586375,227,2490.690863
48.429083,1001,2494.456879
22.731776,169,2496.333726
32.825235,369,2497.840102
6.543503,68,2498.291509
56.576921,1001,2502.063649
60.85787,610,2504.507003
20.315068,139,2505.260467
34.826367,210,2506.199717
52.322721,327,2507.545544
35.351802,229,2508.548913
85.689274,781,2511.533877
41.032371,490,2514.457807
35.211299,830,2517.676729
31.684438,688,2520.366743
50.459874,385,2521.961731
32.353776,192,2523.000625
29.842753,823,2526.162865
56.26133,399,2527.789785
66.930476,430,2529.505706
36.334011,215,2531.482071
14.222587,109,2532.076388
18.740202,142,2532.776406
33.319352,243,2533.82851
3.727317,52,2534.227444
17.162615,179,2535.068328
43.772018,371,2536.599854
71.040099,437,2538.347378
32.376478,350,2539.800298
38.388088,266,2541.06453
52.489635,635,2543.550161
35.224933,272,2544.715875
37.85953,551,2546.85588
20.175619,160,2547.62479
35.035835,484,2550.641192
30.49259,188,2551.503057
57.047039,491,2553.492141
88.929986,1001,2557.298054
24.094715,284,2558.63184
30.702169,270,2559.800465
27.377229,323,2561.150196
41.779989,384,2562.713898
42.266644,341,2564.131082
74.463871,462,2565.991587
29.001457,241,2568.099521
49.694427,284,2569.317654
45.975875,273,2570.499299
33.633239,219,2571.484307
34.350324,431,2573.296698
53.893603,477,2575.38099
37.364272,422,2577.159347
28.564742,210,2578.329064
24.614752,183,2579.26857
59.917317,528,2581.631915
25.665878,167,2582.492484
30.97754,269,2583.841755
94.712517,927,2589.012824
49.415314,450,2591.304667
36.593194,237,2592.695548
57.251694,1001,2597.855718
44.871415,244,2599.260566
68.170434,543,2601.859948
45.352793,310,2603.205222
35.495673,348,2604.652217
14.75811,143,2605.405283
64.403828,417,2608.118337
53.356785,494,2610.104884
65.202109,348,2611.560575
84.283007,462,2613.398115
48.807591,413,2615.170168
40.467014,362,2616.681574
49.161089,379,2618.24922
18.253294,359,2619.743896
35.002049,379,2621.35899
44.756925,372,2622.957177
6.066777,71,2623.428341
50.286306,481,2626.521192
21.861829,312,2627.861187
23.971371,168,2628.694214
15.418093,206,2629.638453
82.927146,751,2633.054519
17.22771,117,2633.780573
31.96205,314,2635.353818
39.790115,407,2637.122815
41.090758,460,2639.388492
29.538042,236,2640.640125
63.071188,457,2642.849819
4.511188,70,2643.436387
34.541408,245,2644.804878
26.103733,222,2646.07649
23.279618,218,2648.501375
47.987741,451,2650.762
44.988229,462,2653.281933
29.574861,303,2654.965208
43.973422,284,2656.556564
36.772337,304,2658.182913
66.495034,481,2660.674727
1.389183,27,2661.07791
27.727276,278,2662.645684
50.119038,358,2664.418623
20.435197,182,2665.342337
54.733377,411,2667.142776
30.035774,222,2668.185943
55.562316,353,2671.139864
54.767831,532,2673.529855
31.290209,282,2675.127469
59.106452,562,2677.854283
86.82446,445,2680.040213
52.588389,666,2683.359578
36.913819,217,2684.545089
47.226321,464,2686.965107
86.025938,532,2689.576296
98.526655,1001,2695.774169
119.681506,588,2698.883154
51.726858,305,2700.480221
32.206641,250,2701.847718
28.167103,189,2702.994179
62.264952,420,2705.200082
38.699188,340,2707.036351
35.885039,258,2708.488963
55.150286,430,2710.621114
39.318962,533,2714.537377
45.770267,380,2716.505917
17.287768,159,2717.461208
20.662592,188,2718.649867
29.272314,251,2720.098924
69.369969,355,2722.005734
26.702056,176,2723.035804
42.564304,261,2724.324003
51.903596,1001,2728.455506
48.031724,267,2729.635528
20.55905,170,2730.507417
49.354532,321,2731.905824
65.191061,1001,2736.646975
60.013768,370,2738.273987
47.065081,278,2739.462368
35.288958,249,2740.559786
26.719673,188,2741.431528
46.273791,315,2742.746929
43.534213,227,2743.746935
17.700083,181,2744.592552
43.249221,428,2746.344439
70.989624,336,2747.764885
2.381074,39,2748.121299
20.107699,160,2748.958736
54.735153,269,2750.207145
48.503163,725,2754.592341
42.168384,251,2755.868409
17.160115,118,2756.514318
37.910566,217,2757.582124
38.866058,1001,2762.019479
24.534712,204,2763.116182
50.200073,358,2764.771251
28.532677,219,2765.885798
59.46014,321,2767.664152
32.716072,247,2769.014564
39.820858,297,2770.448787
66.096568,373,2772.048782
78.506454,451,2775.207483
76.336107,382,2776.995748
38.815079,370,2778.727608
52.699977,1001,2782.685887
50.430582,809,2785.878226
50.461858,243,2786.943638
36.622697,200,2787.868196
35.073106,228,2788.895094
23.843059,180,2789.784623
37.22601,229,2790.822801
30.852255,452,2793.807805
101.681039,822,2796.975258
44.736426,363,2798.524629
26.245479,171,2799.379063
22.62323,337,2800.826609
94.642836,479,2802.816996
40.107535,404,2804.572031
31.499091,294,2805.904805
44.622753,349,2807.40619
44.284323,257,2808.606949
41.602352,482,2810.739486
18.168622,135,2812.394162
35.287261,206,2813.429705
42.974258,746,2816.692418
82.61915,545,2818.987421
2.677661,43,2819.354809
85.661475,447,2821.141669
17.924716,144,2821.859214
124.123645,1001,2825.871204
61.4838,381,2827.504374
13.881187,270,2828.810108
46.823976,374,2831.38395
57.880831,271,2832.575874
23.858652,187,2833.575423
58.848777,398,2835.24788
107.517206,1001,2839.314855
6.010393,78,2839.812418
105.234897,689,2842.64865
21.405503,177,2843.556968
36.36248,216,2844.602135
47.526999,390,2846.373908
23.83481,202,2847.452317
52.938993,401,2850.195656
2.654627,41,2850.58603
46.2693,486,2852.646902
70.592912,889,2856.113244
25.20915,246,2857.220432
47.850585,377,2858.888686
47.802526,416,2860.665684
39.0003,285,2861.920593
34.134333,240,2863.040667
33.059685,213,2864.038788
25.823529,167,2864.897745
23.071738,195,2865.954465
32.416664,197,2866.969749
46.027637,321,2871.280598
49.228222,353,2873.358019
24.52293,136,2874.116239
91.578449,448,2876.648864
38.535036,221,2877.714358
37.870808,432,2879.593551
22.345988,245,2880.718506
50.964491,299,2882.009737
27.822447,204,2883.020993
96.052045,517,2885.222569
17.596213,176,2886.150856
19.190849,141,2886.991058
36.693956,655,2889.763604
56.590693,325,2892.203326
8.10542,72,2892.713374
14.984643,113,2893.391073
29.94812,222,2894.598943
39.114944,194,2895.583371
24.376283,306,2897.044235
27.294326,461,2899.098876
46.615008,328,2900.61017
52.05483,459,2902.599157
54.933172,340,2904.080814
35.186856,369,2905.702484
52.253956,266,2906.918394
62.605856,403,2908.618597
59.812677,287,2909.86376
21.94318,178,2910.72584
14.90288,245,2912.743951
16.574069,189,2913.666901
41.776012,454,2915.582223
25.531782,177,2916.461359
46.658293,381,2918.115478
59.394761,326,2919.522028
17.527402,182,2920.423341
77.401512,619,2922.875872
19.985409,180,2923.813439
102.041692,934,2927.660732
96.487879,546,2930.873059
75.105695,666,2933.495331
30.955915,272,2934.696141
36.559658,227,2935.712017
57.949688,444,2937.673604
52.110634,280,2938.987623
17.688033,130,2939.692917
27.583388,179,2940.586981
22.895805,149,2941.363246
17.288097,132,2942.093478
88.520939,1001,2946.098797
1.397402,25,2946.409195
37.998069,854,2950.58238
69.232829,398,2952.340032
40.953481,336,2953.79625
48.461429,288,2955.11097
17.952469,119,2955.773265
35.963969,225,2956.848536
4.372668,67,2957.32182
85.987424,791,2960.552275
45.608403,323,2961.995857
60.06576,547,2964.194021
42.625177,394,2965.836528
22.012675,238,2967.753035
27.524979,331,2969.177742
59.341764,341,2970.620511
25.130951,236,2971.686294
47.528739,290,2972.965103
26.257214,155,2973.775778
20.719515,166,2974.884927
42.643681,557,2977.771373
39.07778,279,2979.231648
18.759106,212,2980.390531
82.429538,382,2982.048528
55.882274,307,2983.402143
46.513409,280,2984.644459
15.81768,159,2985.462335
38.836432,234,2986.525605
42.332918,372,2988.902274
61.333786,309,2990.241634
39.90378,224,2991.273465
50.179716,433,2993.233177
54.580145,456,2995.364075
47.483398,415,2997.231761
55.92466,446,2999.234362
36.628864,242,3000.316171
19.043587,141,3001.037005
40.282763,232,3002.071645
76.973663,382,3003.650348
49.051254,452,3005.522127
32.097917,323,3008.039593
29.392928,178,3008.922434
21.376176,187,3009.798425
70.172927,1001,3013.750265
25.515423,343,3015.347265
36.493278,374,3016.914889
24.767923,195,3017.838736
44.31023,828,3021.187859
21.73107,417,3022.898774
64.466333,341,3024.355476
46.429799,614,3027.816553
71.686691,616,3030.257546
24.686676,152,3031.02508
22.566264,155,3031.805166
68.079982,532,3034.171266
76.387499,789,3037.379947
57.861721,303,3038.673549
31.851175,199,3039.644468
39.934107,264,3040.876251
50.677872,463,3042.837353
23.17821,151,3044.483475
71.944559,363,3046.035083
76.309912,395,3047.716269
50.118869,471,3049.759419
54.646681,407,3051.507789
18.137568,133,3052.313239
19.399614,189,3053.207297
115.138147,1001,3057.459065
25.362732,212,3058.45509
57.447493,348,3059.93364
57.943858,380,3061.492253
31.384832,231,3063.629118
73.342364,341,3065.091182
40.685825,243,3066.20769
48.670742,376,3067.878618
74.278347,680,3070.720434
44.871721,1001,3074.643496
37.726639,280,3075.884006
62.512194,376,3077.492005
50.018778,395,3079.209435
73.414389,909,3083.625968
44.86316,966,3087.43748
52.342843,399,3089.353342
52.617595,454,3091.29018
21.377999,141,3092.000847
25.228564,184,3092.875767
81.357851,440,3094.648089
56.277017,376,3096.202253
40.134872,236,3097.285218
35.883115,242,3098.576064
29.083675,173,3100.239167
30.271848,322,3101.605499
68.120905,389,3103.216761
80.861451,396,3104.915496
86.187472,759,3107.976684
31.814062,216,3108.973791
37.165926,438,3110.773857
45.036826,370,3112.330902
39.717728,198,3113.254176
30.992098,184,3114.134774
63.71115,422,3115.865443
25.755524,213,3116.841453
51.547407,385,3119.466861
94.705155,1001,3123.635626
3.999409,66,3124.207102
44.562175,252,3125.366745
18.043227,132,3126.064691
51.548133,286,3127.310791
38.8683,358,3128.842561
8.2008,88,3129.37818
68.103311,790,3132.653439
31.217177,188,3133.55701
39.671774,189,3134.488367
67.030484,486,3137.748466
38.276293,208,3138.816359
49.434823,251,3139.955726
51.376441,1001,3144.106893
34.766443,163,3144.946414
29.836156,166,3145.777313
35.388703,468,3147.720397
27.950997,173,3148.57092
59.842804,494,3150.602457
70.061726,371,3152.192798
52.284071,488,3154.255402
29.697363,287,3156.709233
21.616404,166,3157.782639
70.752908,484,3159.797915
54.137204,267,3161.045719
61.136019,351,3162.87465
39.447038,277,3164.295823
58.40504,439,3166.454692
25.493753,163,3167.430429
23.838908,228,3168.747944
53.542779,355,3170.65824
63.14357,489,3173.099942
43.666834,323,3174.798361
19.383585,190,3175.926938
44.065342,249,3177.350252
81.578479,1001,3183.512493
19.766927,154,3184.508485
68.159791,387,3186.485348
32.716033,294,3188.066715
89.407348,392,3190.159434
59.4352,1001,3194.978611
33.117161,207,3196.196056
69.121425,334,3197.890808
29.047378,176,3199.369853
32.779211,338,3202.727153
49.119064,527,3205.597651
40.549509,278,3207.139506
5.189296,66,3207.706005
70.698975,339,3209.484572
117.081877,1001,3214.441674
38.773432,353,3216.137819
31.870508,254,3217.327153
35.240905,673,3220.613574
0.960693,20,3221.00658
35.006971,230,3222.590766
23.729201,157,3223.52512
55.154545,445,3229.320308
90.257799,965,3243.815838
22.441005,249,3247.975336
29.891775,164,3251.179801
47.676703,349,3256.999645
20.75388,446,3263.7762
28.697194,186,3267.242342
84.320749,676,3278.044827
59.854534,315,3283.378277
50.712327,286,3288.30077
70.729372,339,3297.034135
34.121275,486,3300.511296
27.279526,181,3301.679635
28.929563,212,3302.89787
52.834804,267,3304.342421
44.381686,1001,3309.364006
74.031768,336,3311.252626
41.467153,454,3314.422542
35.083826,897,3318.805443
32.301632,186,3321.237417
113.301754,623,3324.487666
55.508943,359,3326.903603
65.994783,477,3329.660841
46.425411,426,3332.37932
41.509029,462,3335.331711
87.364954,369,3337.615075
51.442052,395,3339.968889
39.722955,239,3341.37145
33.50263,216,3342.601794
12.381672,97,3343.296503
22.246642,156,3344.263271
67.66485,950,3350.452659
60.925126,667,3353.948064
16.642863,141,3354.915695
19.355501,649,3358.379895
40.872405,350,3360.193275
44.483108,321,3361.887099
37.32495,307,3363.594165
56.018299,281,3365.081073
4.889596,68,3365.636022
62.223136,264,3367.096636
62.601677,468,3370.57102
29.932155,645,3373.704025
55.982331,291,3375.229945
46.993003,294,3376.771844
23.578458,210,3377.946894
79.323458,1001,3382.615552
25.547448,210,3383.788226
37.488526,593,3386.666085
81.627302,533,3389.869281
39.960078,253,3392.381628
24.100545,196,3393.517785
46.787552,434,3395.693287
31.903844,238,3396.991487
49.696257,240,3398.288762
41.669102,489,3400.711109
63.706498,315,3402.336621
56.995219,825,3406.21983
42.758613,253,3407.591192
44.108699,226,3408.826571
41.626942,340,3410.580313
17.926111,205,3411.831429
21.850389,163,3413.757353
33.745622,182,3414.81281
23.662319,160,3415.771564
53.646295,398,3417.780309
26.898219,195,3418.881245
82.605701,565,3421.625718
21.549356,179,3422.654213
4.390425,52,3423.144647
27.077381,178,3424.175357
51.975123,330,3425.873882
36.575035,434,3428.021782
51.777672,283,3429.49351
53.926469,819,3433.508168
34.850566,817,3438.541357
38.341242,229,3439.778114
44.119159,230,3441.053393
56.181246,399,3443.094315
61.866057,378,3445.003468
31.987575,200,3446.140331
6.459215,80,3446.751142
92.581895,716,3450.220563
30.685742,493,3452.809104
44.919333,374,3454.834385
2.173078,33,3455.244734
39.390145,208,3456.413995
36.556188,186,3457.472818
47.722233,265,3460.079267
62.443464,368,3461.956399
48.784058,416,3464.057859
40.638602,367,3465.938887
59.727649,426,3468.069886
13.47916,114,3468.822919
46.412044,432,3470.987836
48.06733,291,3472.530244
40.7939,316,3474.159453
34.941638,195,3475.313214
37.559332,364,3477.302587
29.367503,155,3478.239569
63.422425,335,3480.062607
16.689247,144,3482.005178
22.10238,259,3483.543726
73.029578,385,3485.478744
67.331402,362,3487.340899
38.825507,224,3488.57322
4.290046,54,3489.067391
74.352059,712,3492.471194
94.672159,562,3495.198028
70.896321,361,3497.074687
40.532926,334,3498.826258
13.359084,112,3499.564942
79.693925,1001,3505.327046
33.511904,182,3506.38493
37.077964,208,3507.551745
79.522903,478,3509.896209
88.397054,724,3513.359018
48.804945,330,3515.071943
58.655655,282,3516.560389
29.777028,258,3518.002135
26.492168,300,3519.748175
52.697258,272,3521.401373
32.247921,281,3522.932174
107.719758,1001,3530.909282
22.185446,283,3532.828042
43.022349,463,3535.149282
76.404083,437,3537.331299
33.362891,380,3539.291211
85.182528,529,3542.036681
84.517682,505,3544.560757
29.543417,185,3545.615775
62.811392,334,3547.341591
44.130534,277,3548.86358
25.499004,182,3551.101909
0.912618,18,3551.445201
50.022773,346,3553.235797
55.174798,444,3555.472304
46.524866,268,3556.914843
93.80733,1001,3561.619018
6.117638,73,3562.198204
7.117639,68,3562.752681
30.517764,177,3563.867117
97.015489,718,3567.305644
38.270887,340,3569.063785
2.582828,44,3569.518223
94.23109,526,3572.112143
46.07512,293,3574.799446
48.67493,226,3576.056674
50.374484,289,3577.608154
20.848779,130,3578.447851
41.583653,241,3579.754228
49.378512,1001,3584.449294
46.061018,262,3585.896323
33.264604,305,3587.485568
22.591086,144,3588.371262
49.680721,546,3591.056849
37.545732,191,3592.154296
13.582869,131,3592.985652
0.972305,21,3593.330856
73.771612,432,3596.63085
107.063117,1001,3601.26431
64.124352,337,3603.031797
61.850976,356,3604.853536
34.209635,263,3606.291733
23.233284,197,3607.461172
75.6407,774,3611.096139
34.846726,328,3612.791219
26.266129,266,3614.206434
27.472518,185,3615.266117
33.160391,330,3618.139007
40.763319,280,3619.614247
54.305998,320,3621.291899
49.861485,491,3623.676364
14.658456,112,3624.421545
117.605726,885,3628.704273
96.746429,1001,3633.377651
38.684285,334,3635.080329
24.380104,600,3637.951287
46.990422,239,3640.290682
79.861633,466,3642.576325
30.039569,410,3644.634575
31.074233,190,3645.704221
62.367655,290,3647.205487
36.560814,313,3648.803926
34.348276,209,3650.03905
28.289303,209,3651.220216
74.157412,438,3653.39794
68.285138,314,3655.017256
134.905438,673,3658.205535
45.579744,222,3659.412112
56.18436,1001,3665.059251
31.773836,188,3666.139145
56.648594,543,3668.773399
35.013944,1001,3673.527934
57.465425,285,3675.010914
47.869419,339,3676.75056
73.638514,480,3679.096026
60.01178,406,3681.119184
59.150902,384,3684.289171
31.032982,301,3685.862572
37.670884,193,3686.959727
43.532206,1001,3691.571479
32.225923,266,3693.0536
21.578943,208,3694.22379
97.333553,800,3697.989429
37.165271,198,3699.081094
48.245054,348,3700.84684
51.782578,230,3702.091261
77.954008,1001,3707.921492
50.008414,449,3710.141272
25.570113,220,3711.358507
49.408195,477,3713.697514
39.182245,289,3715.28428
82.110446,500,3717.746912
33.051764,198,3718.857184
26.365587,179,3719.887939
33.04206,365,3721.74928
17.287238,137,3722.609804
22.08999,220,3723.82324
35.124089,239,3725.110894
63.444531,697,3729.619784
8.221946,94,3730.303472
21.263343,468,3732.612606
127.423872,737,3736.092886
30.451498,1001,3740.786429
56.618797,321,3742.435198
74.114717,390,3744.372134
21.828417,158,3745.306767
112.626778,1001,3751.065673
106.924718,1001,3755.686099
72.363033,705,3759.085991
93.850272,826,3762.944894
28.734351,188,3764.007515
45.032115,389,3765.947442
38.184283,237,3767.22896
58.941458,335,3769.96459
77.304215,680,3773.229993
65.249513,407,3775.252174
72.769183,1001,3780.051621
21.321312,199,3781.173776
31.4815,203,3782.318642
53.877864,297,3783.865051
34.733672,208,3785.029728
43.842074,250,3786.435365
43.906509,275,3787.887067
107.332627,550,3791.515556
77.646322,745,3795.263283
86.359585,1001,3801.171086
24.877715,232,3802.771622
21.26229,133,3803.749227
20.345256,161,3805.123403
1.035338,22,3805.911639
75.890018,332,3809.710193
46.337642,485,3814.485236
17.862907,141,3816.192501
34.314332,217,3818.486501
32.478049,365,3824.287651
24.079697,218,3826.950173
35.820652,208,3829.195743
22.617659,315,3832.391615
65.831935,353,3835.825457
45.490099,723,3843.123315
55.597878,427,3847.281952
28.890921,218,3849.53382
44.373827,191,3851.573889
48.409038,262,3854.360204
43.820618,381,3858.073187
43.319407,240,3860.568301
21.122183,142,3862.255735
51.069902,424,3870.175158
26.421318,193,3872.3149
55.995044,447,3875.717527
132.884078,587,3878.542975
49.364275,354,3880.176531
16.559796,127,3880.851864
53.719903,431,3882.593034
38.229327,267,3883.749892
56.893542,269,3884.885726
32.541919,199,3885.790135
56.220462,295,3887.033119
72.48383,356,3888.491733
12.140778,112,3889.093432
82.727399,446,3891.804978
34.065544,238,3892.853083
71.098032,442,3894.621461
67.268774,325,3895.966623
119.469871,1001,3899.901599
1.471169,27,3900.204388
50.795363,312,3901.497837
51.133578,278,3902.691544
65.492499,325,3904.051292
28.281068,1001,3907.81886
47.050116,249,3909.839035
59.640844,638,3912.313687
50.561315,500,3914.407231
58.71772,304,3915.718241
66.602652,401,3917.349162
51.896007,446,3919.137106
67.353498,349,3920.571534
41.006658,316,3921.902102
41.044724,351,3923.358711
83.907561,1001,3928.048501
107.423375,827,3931.284822
3.475002,42,3931.704243
33.312125,277,3932.94381
86.690379,577,3935.213251
35.29275,339,3936.621042
112.667714,1001,3940.408026
24.313571,289,3941.6554
19.966694,164,3942.452607
125.539663,802,3946.575767
64.318934,434,3948.303888
42.820278,298,3949.673966
65.170355,307,3950.956343
74.583319,359,3952.417036
48.886474,246,3953.488829
34.147071,229,3954.495559
24.525938,176,3955.32518
43.516614,254,3956.422908
19.532546,136,3957.110097
15.332235,129,3957.762915
41.518528,241,3958.8214
30.063015,174,3959.632793
82.277492,666,3963.19766
61.706338,370,3964.723267
28.618871,180,3965.655197
27.228375,241,3966.829447
33.237454,341,3968.247066
39.166093,1001,3972.047704
44.448732,218,3973.019648
19.45795,375,3974.579651
126.009096,693,3977.243546
4.432205,48,3977.62451
2.420001,45,3977.99616
38.766108,581,3981.208009
17.636762,123,3981.844674
49.875842,1001,3985.740457
52.199356,385,3987.316553
32.963242,311,3988.626138
54.238959,433,3990.369508
78.388211,315,3991.675092
28.568744,175,3992.494998
41.8012,1001,3996.294766
32.576336,283,3998.360529
78.060366,359,3999.825941
49.961069,453,4001.77231
77.016681,367,4003.268128
41.575467,247,4004.333496
51.376828,264,4005.462304
44.286344,424,4007.188294
53.045621,489,4009.148429
41.362237,434,4010.901488
85.136424,459,4012.742794
0.93046,20,4013.022801
92.226881,885,4017.437188
61.134937,295,4018.749174
38.760839,200,4019.658751
0.970457,21,4019.936268
55.608053,235,4020.961293
36.537643,257,4022.071751
64.861291,316,4023.38683
38.24303,318,4024.703583
20.03484,209,4025.660993
36.518739,310,4026.971485
71.609367,448,4028.776604
81.113193,531,4030.861651
43.002234,267,4032.008768
55.602912,363,4034.492316
81.711784,398,4036.147663
34.775348,209,4037.093114
22.698077,196,4037.985157
76.926381,343,4039.393586
35.581194,725,4042.188619
23.581734,163,4042.97458
27.746589,188,4043.838245
35.929776,186,4044.697507
29.846487,250,4045.792874
83.691278,485,4047.708101
116.050896,492,4049.642728
86.743754,414,4051.363343
18.990358,146,4053.026318
44.635736,241,4054.091758
51.711568,616,4056.504246
3.539534,48,4056.913992
66.193916,340,4058.317965
33.105419,201,4059.235973
114.82122,1001,4063.010257
52.587555,424,4064.725705
43.556822,218,4065.697641
135.19872,864,4069.083098
81.31871,675,4072.616819
71.517224,966,4076.258591
45.363674,401,4077.904669
76.577696,734,4080.753206
13.703462,111,4081.354302
52.344385,529,4083.484661
27.297161,428,4085.422417
82.324664,896,4089.801287
75.607185,1001,4093.570266
54.418429,270,4094.745945
26.823619,162,4095.550374
52.373995,281,4096.781433
2.613468,40,4097.137325
42.943062,397,4098.768129
23.861992,221,4099.781834
38.625807,261,4100.928705
77.028261,368,4102.42774
82.858521,388,4104.145581
67.677693,545,4107.45904
49.590534,286,4108.673993
30.89326,171,4109.488521
48.174687,233,4110.521602
80.73501,383,4112.064518
42.094283,220,4113.055052
41.202819,278,4114.247611
50.679493,292,4115.477621
28.433645,188,4116.333574
26.64597,430,4118.076604
53.233199,239,4119.129846
31.343201,276,4120.367914
58.904822,683,4123.913869
64.90556,293,4125.149139
31.166684,249,4126.232358
54.597884,271,4127.392511
32.377715,166,4128.184131
37.011246,308,4129.487139
23.576628,161,4130.264253
29.531406,554,4132.433973
79.580455,828,4135.604105
64.331922,314,4136.907295
39.978516,227,4137.992468
30.482393,193,4138.945838
49.050439,275,4140.12975
35.197868,358,4142.508078
57.142939,296,4143.770884
39.435268,359,4145.261317
105.428538,462,4147.087557
34.583832,253,4148.19151
29.60915,443,4149.986851
54.522287,826,4153.135366
49.277988,213,4154.09648
26.472241,234,4155.162503
36.959384,254,4156.345716
77.44674,827,4160.546432
138.551765,709,4163.276903
80.314811,332,4164.641958
45.21508,288,4165.854238
17.100498,269,4167.019656
143.534706,1001,4170.817904
68.770466,806,4174.011956
56.849908,506,4176.8691
23.079002,185,4177.731515
29.66586,229,4178.753841
29.416875,206,4179.680312
38.987673,451,4181.502029
48.356897,333,4182.895767
59.903115,1001,4186.734332
25.326003,162,4187.512305
64.775742,330,4188.867235
47.630592,373,4190.497154
40.86832,320,4191.854678
64.235132,405,4193.499144
36.918029,494,4196.389343
86.224112,433,4198.122149
38.465826,318,4199.448301
104.913766,779,4202.42671
19.341542,200,4203.352766
32.867763,265,4204.48745
62.250641,385,4206.04589
31.579401,338,4207.51687
58.455495,266,4208.691603
44.893664,217,4209.658036
32.436492,251,4210.738856
45.83346,419,4213.374957
46.591326,246,4214.43751
85.206848,1001,4218.197492
62.649336,872,4221.531447
21.286709,169,4222.34556
105.73136,881,4225.848088
1.581693,30,4226.169317
49.752901,449,4227.980783
79.393629,335,4230.415724
52.381232,364,4231.911454
90.15969,566,4234.13075
125.323665,1001,4237.892802
57.252923,400,4239.520112
78.513622,513,4241.68433
24.38404,187,4242.54773
46.939421,238,4243.59108
99.176693,1001,4248.281731
71.854301,304,4249.550763
89.451567,370,4251.044119
64.376366,344,4252.464343
27.838432,184,4253.308359
62.352336,399,4254.927775
98.851049,691,4257.575023
83.259131,835,4260.897245
43.603734,258,4262.004449
71.651395,318,4263.320912
91.204567,769,4267.330964
63.189246,278,4268.508138
46.23865,252,4269.594724
39.717626,497,4271.576244
30.972738,239,4272.634087
87.1761,434,4274.37293
57.68697,403,4276.064809
25.176151,137,4276.861869
41.007483,558,4279.121426
36.342053,252,4280.227804
30.326458,270,4281.387714
42.851548,198,4283.334454
31.761949,179,4284.173558
26.917763,189,4285.049163
24.524587,135,4285.725537
65.954614,732,4288.525475
23.411902,180,4289.485115
54.214995,302,4290.782913
45.843272,209,4291.730963
114.392544,735,4294.758131
81.149385,482,4296.90862
24.356777,140,4297.630691
80.537065,375,4299.663489
45.015325,235,4300.860643
27.233843,269,4303.234145
106.209895,788,4306.435712
78.984945,700,4309.169863
68.010521,495,4311.151765
35.865475,318,4312.598306
42.732612,495,4314.651048
48.895644,552,4316.841809
118.569541,824,4320.860774
75.777659,500,4322.847013
64.752289,349,4324.292709
14.509973,106,4324.86734
50.552336,339,4326.274367
42.211182,419,4327.968867
65.641909,531,4330.142463
45.899398,347,4331.614185
31.731486,285,4332.840472
48.596461,255,4333.934031
21.22378,126,4334.589813
32.524258,276,4335.778364
34.401904,235,4336.820029
48.019466,278,4339.4336
61.49356,297,4340.699459
38.015444,220,4341.690999
63.678382,550,4343.867097
17.782078,159,4344.638025
33.819004,283,4345.853953
49.889327,244,4346.923467
40.392726,250,4348.109234
48.106031,263,4349.256657
43.732808,407,4350.912173
85.355462,1001,4354.672997
21.255017,187,4355.603358
79.281216,741,4359.672885
66.668702,279,4361.132636
26.865535,185,4362.287938
47.785565,239,4363.416631
54.095656,273,4364.592849
37.49465,461,4366.972473
33.479492,260,4368.308231
40.37428,248,4369.546637
0.839116,19,4369.890488
99.387288,896,4374.069421
107.07377,877,4379.867237
61.397742,472,4382.777635
52.826339,336,4384.750765
23.248183,142,4385.816194
62.163635,700,4389.472949
74.33762,391,4391.432394
26.097452,206,4392.632284
54.877135,254,4394.02532
52.67055,270,4395.472138
50.613649,305,4397.030918
87.438566,855,4402.504744
10.311665,77,4403.099509
84.870595,557,4405.77189
65.214869,790,4409.646138
104.37415,457,4412.052688
65.612444,288,4413.599863
17.505689,121,4414.353738
43.536068,328,4416.012569
45.446342,230,4417.307921
134.227249,547,4419.769202
45.619729,233,4420.874463
35.969675,536,4424.250434
38.632701,443,4426.135262
52.706701,244,4427.235153
38.862151,501,4429.309879
113.413909,1001,4433.946832
61.384365,331,4435.372445
16.397677,114,4436.086032
29.957438,184,4437.125496
21.20637,147,4437.978805
18.362756,132,4438.768967
50.089067,316,4440.316354
68.624357,405,4442.272042
36.872731,181,4444.634621
31.154194,211,4445.785628
63.027981,436,4447.936859
46.665643,285,4449.436735
41.12839,216,4450.570295
76.018941,874,4454.801259
45.487592,309,4456.432199
38.759605,313,4458.016266
78.709747,592,4460.917769
124.135312,926,4467.2375
130.814098,1001,4472.066752
38.044849,265,4473.587559
61.813979,304,4475.313663
26.728086,362,4477.178806
64.532216,254,4478.437521
52.398985,422,4480.225755
61.889007,665,4482.877948
47.75655,344,4484.332857
40.530525,301,4485.597931
22.06821,225,4487.739229
15.796304,126,4488.384379
34.219951,265,4489.525552
30.007717,164,4490.318098
70.597581,346,4491.796517
26.876301,272,4493.032594
7.740812,73,4493.498998
27.881029,197,4494.396882
34.631292,293,4495.649855
31.657375,334,4497.047432
31.777051,249,4498.138054
23.524156,139,4498.833949
101.070428,494,4500.789515
31.592376,206,4501.717482
28.38296,318,4503.065065
32.599936,258,4504.193231
77.190015,862,4508.508472
75.057665,970,4512.284282
50.821495,372,4513.858221
94.309884,1001,4517.65792
54.131917,277,4518.837163
20.448031,175,4519.659116
76.107978,1001,4524.2828
35.201274,172,4525.100297
18.759246,189,4525.969964
42.750718,216,4527.043377
38.696328,223,4528.038547
19.953081,206,4528.986021
28.715595,239,4530.022514
62.866463,1001,4533.810679
28.982463,218,4534.78296
58.801499,233,4535.815757
94.128202,410,4537.485985
32.906957,171,4538.321082
17.92837,120,4538.952124
11.675379,107,4539.528685
69.134997,1001,4544.365047
38.564659,214,4545.324236
64.040677,351,4546.809858
58.23092,384,4548.508731
75.827122,833,4552.233222
57.452461,258,4553.827969
29.759947,167,4555.006287
81.20122,587,4557.319395
79.075327,1001,4561.951859
66.563291,504,4564.044245
88.2709,451,4565.825001
18.961413,140,4566.523324
72.538454,380,4568.062235
53.210393,343,4569.467913
53.10773,252,4570.554881
20.95436,184,4571.406881
27.03148,199,4572.314196
85.32836,853,4575.57013
54.797306,297,4577.667348
83.083298,400,4579.302922
22.100517,187,4580.27174
87.334489,1001,4584.010643
32.818159,208,4584.950004
38.508709,464,4586.815957
36.05646,317,4588.14942
52.35557,241,4589.210134
53.827908,955,4592.868529
77.889014,776,4596.873683
33.72965,505,4598.973828
83.997375,469,4600.847231
49.552204,450,4602.658448
10.169047,83,4603.160901
79.695391,359,4604.631059
52.418768,419,4606.34957
103.08109,971,4610.017101
106.497221,838,4614.20871
66.495857,281,4615.475201
37.782827,321,4616.838
60.197017,280,4618.018748
35.042757,180,4618.861786
69.902035,290,4620.083047
101.06073,812,4623.145855
57.017843,367,4624.66319
105.532948,563,4626.877491
87.850057,1001,4632.067476
28.717757,233,4633.229647
27.42001,177,4634.06534
27.980412,229,4635.077032
50.56857,271,4636.228769
40.054198,335,4637.632605
44.063428,446,4639.420978
85.559153,545,4641.566241
48.65717,435,4643.362287
58.785411,277,4644.573842
68.48216,278,4645.750621
49.05409,412,4648.436165
59.89476,379,4650.079003
57.816552,264,4651.244646
108.456825,460,4653.058922
24.855591,175,4653.876992
29.219789,189,4654.740823
84.153523,513,4656.776328
32.44401,253,4657.882537
111.355113,595,4660.198403
60.359061,393,4661.806604
11.685636,95,4662.345854
26.716051,177,4663.181006
63.71682,493,4665.221381
47.64566,366,4667.947472
21.232426,230,4669.047631
68.605639,582,4671.414495
81.926131,376,4672.980191
55.438715,224,4674.034291
22.481557,158,4674.841938
94.619371,1001,4678.847658
27.339371,174,4679.695657
26.702552,181,4680.630515
42.429069,221,4681.721777
31.575764,222,4682.73775
28.632675,237,4683.817292
168.814095,1001,4688.691261
48.785828,351,4690.156725
24.808711,164,4690.955937
19.058139,123,4691.59067
124.539079,1001,4695.356539
36.808824,415,4697.050222
46.152328,468,4698.916373
49.113563,221,4699.9026
47.979789,229,4700.909619
