#{"t_start": 1704474924.3659196, "env_id": "None"}
r,l,t
39.542299,957,10.446251
73.957643,1315,23.664479
47.844831,909,32.809628
81.722761,844,41.2016
41.745963,526,49.456931
59.450189,686,56.717762
129.503669,1722,73.601379
146.442363,1984,95.736603
21.252688,200,98.276468
71.413754,1163,109.94131
41.638802,756,117.85632
55.577682,565,123.764333
111.296733,1372,140.970496
69.861816,829,149.791208
99.946814,1372,164.323549
72.93664,2001,187.83776
124.011424,1102,199.364637
74.000338,945,208.907958
58.420002,1094,220.604718
94.733928,1660,241.164491
45.777324,821,249.478251
48.344043,613,256.295777
108.432068,1320,273.45469
66.374525,999,283.859918
80.144926,1349,297.48107
45.976176,644,304.46784
60.19753,1389,321.488201
204.42192,1805,339.739481
33.843042,424,344.381129
81.385165,1135,355.876881
140.096868,1876,377.338009
82.403085,1393,390.82317
70.951804,960,400.410027
74.180673,860,411.846719
33.911907,727,419.518056
66.74939,1319,432.793308
40.523229,505,438.184364
69.291982,931,450.647817
60.576142,945,460.255131
119.407641,1566,476.672899
69.985696,1110,488.209119
96.136402,1602,507.103683
90.975235,1310,520.83544
53.898819,962,531.294742
222.502705,2001,555.000849
11.540756,63,556.222957
51.348285,654,563.630685
112.019199,1321,577.271398
141.770852,1627,596.51018
111.225217,1161,608.221572
57.627087,1210,620.728683
82.226255,1029,634.001047
21.415547,145,635.997296
190.433164,2001,657.148681
102.418604,1448,672.558062
88.310558,1434,689.888518
109.293473,1065,701.552379
30.616602,530,707.450116
95.172392,1270,721.241151
223.168104,2001,743.176982
93.64595,1476,757.509615
45.254651,693,766.874089
67.493231,960,776.469157
108.143757,1276,789.020657
88.934544,1137,801.304487
113.541329,1520,820.285346
135.989227,1379,835.245396
58.682244,1041,846.542317
161.85931,1942,870.197528
54.602913,799,878.860782
108.619878,1264,891.613505
102.617957,1637,910.738731
102.014302,1179,922.493743
90.030017,1205,935.035742
71.943039,666,942.112113
103.388182,1346,959.73553
63.121208,626,966.767656
12.830247,149,968.861569
93.91188,1545,985.122203
95.327318,1503,1004.020824
55.137683,534,1009.915474
35.539449,456,1014.913945
14.165935,184,1017.280342
52.590994,717,1025.017042
43.980041,541,1031.240874
124.297051,1484,1050.079736
122.64236,2001,1070.036306
96.908986,1180,1081.750336
190.411292,2001,1104.347049
105.738599,1914,1124.573407
68.651916,892,1137.286816
85.086427,1579,1153.349923
34.672906,598,1159.530361
71.382639,671,1166.600635
83.757872,1024,1180.143981
85.574534,876,1188.905777
94.837096,2001,1208.277961
91.743489,764,1216.142347
186.929065,2001,1238.536857
117.405046,1356,1251.682006
75.604289,1301,1267.636653
61.926638,799,1275.89798
116.900214,1340,1290.542459
14.880125,120,1292.282542
42.962409,457,1297.440816
113.555459,1376,1315.146296
122.543295,1297,1328.317816
136.37604,1673,1344.978858
100.199577,768,1352.982887
46.845054,427,1360.793387
108.258384,1629,1378.318399
180.824617,2001,1399.489891
120.966249,1259,1416.121925
42.449367,258,1419.335564
193.584422,2001,1441.49126
85.257724,1201,1457.822685
137.504904,1999,1479.54923
73.037175,702,1487.336014
82.109187,650,1494.706962
57.029611,766,1506.374133
141.791936,1478,1520.885382
68.868906,983,1530.918728
81.732606,932,1540.369325
53.378529,565,1548.986908
7.429334,121,1550.662512
143.74361,1051,1561.209347
92.330935,738,1568.828231
109.44821,1073,1580.179653
55.874269,893,1593.687535
54.557537,1041,1605.228459
75.965893,983,1615.985096
49.271725,588,1622.695165
79.607714,1194,1635.877628
89.924439,1470,1656.199516
95.993757,984,1667.301796
100.371459,1086,1679.479812
147.471191,2001,1704.071702
109.464687,1462,1720.272577
56.262253,573,1726.859135
159.335725,1791,1748.734167
69.849563,491,1754.391597
31.530403,330,1758.314543
87.224419,1042,1769.138511
76.890099,1200,1780.928823
110.279457,1027,1793.927709
40.103532,365,1798.150327
113.215766,1219,1811.468821
94.575682,815,1820.922178
145.980116,1486,1840.277084
88.805582,860,1849.697288
84.020223,1231,1863.212932
122.711271,965,1873.784967
92.826426,1188,1888.431374
118.733194,1295,1901.353342
46.160405,825,1909.9252
56.408868,572,1915.984269
70.483188,1588,1935.05272
254.476491,2001,1957.964715
146.483239,1351,1974.26183
124.474864,1310,1987.235476
86.020952,1363,2001.142951
148.028677,1572,2019.960919
103.205079,1397,2033.776759
78.296191,706,2041.124756
50.166416,471,2046.121783
81.804945,863,2055.112172
154.318283,1426,2072.855911
39.185615,373,2077.045241
129.69231,1100,2088.43892
69.55815,723,2096.104314
129.604392,1700,2116.465811
35.22363,583,2122.805624
55.334089,498,2128.051286
86.600333,843,2136.803949
44.538912,408,2141.101276
154.103175,1724,2160.844209
18.343299,167,2162.938963
154.408053,1614,2178.657468
125.538193,1331,2195.178564
11.302209,105,2196.797918
115.755126,1196,2209.159724
169.116151,1637,2225.863731
23.705545,187,2228.370716
192.952724,1590,2247.810183
20.7744,167,2249.937116
85.135725,1154,2261.369637
92.961392,934,2270.555013
8.338763,107,2272.164671
120.756344,978,2282.155836
244.285833,2001,2305.44004
73.536602,635,2312.065932
100.433503,1492,2327.129401
55.776189,437,2335.021351
80.177436,917,2344.970468
193.699576,1693,2361.842445
121.953535,1293,2378.515996
61.206685,528,2384.217548
56.331715,1068,2395.01763
83.008055,2001,2415.853565
39.337228,258,2418.985467
70.291929,585,2427.88973
22.007464,196,2430.223477
112.744119,1366,2443.773116
92.179902,1248,2456.18835
86.836634,1118,2470.227071
126.544116,1261,2483.556653
74.510131,921,2493.504013
68.505471,530,2498.984524
75.421731,757,2506.578954
98.574455,996,2519.404005
138.169974,1428,2533.70155
137.085812,2001,2556.056885
86.562979,905,2565.301334
170.716405,2001,2584.936326
143.307217,1630,2604.036376
215.213043,1488,2619.877748
185.455116,1922,2639.59029
132.220543,1528,2658.639949
19.48104,205,2661.12004
25.381241,161,2663.191758
65.374409,502,2668.392303
97.841437,970,2678.34117
26.780552,170,2680.464577
17.112839,116,2682.125988
96.473907,910,2694.315669
33.294868,301,2697.767162
33.017452,490,2702.864671
23.697873,180,2705.12396
100.231449,1842,2723.207875
33.323226,394,2727.83993
101.43991,1400,2745.153107
25.264885,195,2747.573243
150.095248,1428,2762.348537
22.911001,151,2764.415293
99.490004,1402,2778.940469
101.705385,1340,2795.762329
37.844371,240,2798.586122
60.527884,684,2805.485776
18.378362,217,2807.986496
107.539805,1514,2823.042689
15.883193,81,2824.433319
187.181339,1403,2841.78369
49.950723,761,2849.970072
100.893171,1286,2863.487185
37.351909,465,2868.412769
135.141769,1024,2881.628964
92.76441,838,2890.073019
83.494502,1043,2900.504452
23.88,160,2902.442184
32.809044,202,2904.806664
67.858731,814,2913.341729
28.669233,192,2915.71167
21.660709,160,2920.280299
26.036148,196,2922.577223
20.607457,160,2924.676898
114.883111,898,2934.371162
71.532768,483,2939.300497
123.44124,1030,2949.265373
99.166309,791,2956.878774
52.039355,717,2966.411891
136.971909,1397,2979.661007
38.951488,252,2982.40217
113.559188,803,2990.205599
103.534467,1575,3007.962608
137.730102,1306,3020.421106
27.257049,187,3022.671496
162.003334,1792,3039.586956
49.758533,477,3044.447757
89.574669,941,3055.876084
70.639679,817,3063.710644
87.392171,2001,3082.295086
99.79779,858,3093.0732
120.920457,2001,3111.923827
125.534607,1357,3124.574002
22.293782,141,3126.371195
20.551999,157,3128.316649
117.381265,1233,3142.505087
32.050759,198,3144.818048
202.278633,1540,3159.128548
37.530145,298,3162.318985
101.913952,947,3173.78264
97.199939,1779,3191.249164
97.153741,791,3198.961481
34.336263,346,3202.544888
94.499097,1543,3219.699455
32.022444,302,3222.90529
49.449431,1056,3233.261541
19.272613,145,3235.109666
38.356282,247,3237.891641
140.585449,1916,3255.923242
47.040339,495,3263.479822
88.530121,1115,3274.98139
138.235152,1797,3293.821427
26.924284,208,3296.446611
103.560483,995,3309.98702
63.836955,787,3318.526639
83.606591,766,3326.81362
9.024006,223,3329.626333
103.3549,1821,3348.563681
13.298585,99,3352.500728
22.906181,149,3354.3917
46.919623,429,3358.765666
158.165468,1880,3376.467999
66.846379,858,3384.770905
20.864303,154,3386.688246
74.449572,919,3398.081422
85.979916,860,3406.407903
81.477054,769,3413.889782
286.913559,2001,3432.312908
103.367167,1259,3446.842595
19.972165,145,3448.65595
159.682293,1847,3466.038299
65.624157,827,3473.998464
67.985352,1126,3487.296649
34.799613,484,3492.153844
129.593038,1208,3503.61371
115.667932,1079,3513.826729
50.840183,491,3521.199944
100.786432,1202,3532.599957
66.921956,1061,3542.83332
27.230175,186,3545.031518
52.281313,964,3554.502785
79.01324,692,3563.832773
12.604646,128,3565.551895
120.55978,1165,3576.557908
18.741482,154,3578.401963
93.571464,1426,3591.6978
24.40556,177,3593.807644
66.490395,659,3600.217313
47.206034,399,3606.874418
27.723555,137,3608.760593
20.365411,148,3610.578668
47.019726,349,3614.275116
115.374986,1655,3629.694209
118.768875,1102,3640.077129
34.8585,225,3642.640026
126.528624,1339,3657.703275
81.057689,871,3666.136806
109.375218,1413,3679.600819
77.351835,1170,3693.311196
135.297431,1218,3704.69628
29.060466,178,3706.80072
34.103053,257,3709.61343
61.081768,571,3715.353536
62.815601,848,3723.524847
31.288567,209,3725.867076
85.179624,799,3736.2377
63.624048,416,3740.456984
14.511362,139,3742.222956
123.620472,2001,3760.842239
47.166834,315,3764.167998
85.516886,1204,3778.156986
153.693739,1517,3792.502823
52.348433,596,3798.439721
119.727486,1677,3816.570275
74.733628,1347,3829.29967
86.359823,997,3838.704488
195.743199,2001,3860.04847
20.715849,115,3861.582292
97.407458,2001,3880.388382
28.938704,183,3882.609561
159.450757,2001,3903.911612
136.945442,1467,3917.848752
56.610738,397,3921.913496
93.534559,634,3928.050279
106.12563,1282,3942.887939
95.697745,1127,3953.465215
65.161919,713,3960.414937
20.858705,143,3962.177908
208.277549,1656,3977.640902
169.958997,1567,3994.673105
119.753219,1518,4009.038322
84.316684,1047,4018.975072
149.736706,2001,4040.128998
174.629314,2001,4058.71746
127.144706,2001,4079.917038
127.580702,1594,4095.089239
27.018834,175,4097.167382
37.725167,222,4099.652106
86.414505,1133,4112.855306
93.374961,962,4122.139304
160.02125,1374,4135.041903
114.833724,1542,4151.894327
88.173343,952,4160.939708
26.228469,180,4163.079758
219.135204,2001,4181.72158
104.375057,1237,4195.825098
75.576379,1372,4208.887307
205.791362,2001,4230.121165
115.977331,1197,4241.643831
20.505568,151,4243.54559
63.486147,787,4251.220222
144.926002,2001,4272.516039
123.594848,1658,4288.199731
119.871477,1352,4301.025595
73.282096,1211,4314.953433
24.688604,443,4319.487736
71.063418,520,4324.671272
202.591528,2001,4343.202092
110.800181,1348,4358.644039
24.661326,176,4360.755742
16.548306,99,4362.16004
138.219247,1071,4372.220561
63.886868,408,4376.395287
153.012979,1616,4391.591714
19.79717,135,4393.295741
129.561848,1201,4407.239836
97.16747,1085,4417.609209
29.886546,212,4420.000108
83.427322,634,4426.278907
117.759942,874,4434.743691
24.010986,156,4436.663012
33.658235,276,4442.130365
106.324424,1231,4454.141157
143.377306,1350,4466.92622
98.067331,878,4475.405159
29.866332,216,4477.858673
92.687391,1222,4492.054205
63.42771,489,4497.023722
231.382258,2001,4515.493346
24.382851,307,4518.826381
193.228194,2001,4539.81501
116.50972,873,4548.273765
47.658282,583,4554.175291
57.963004,719,4561.220272
17.103236,176,4563.298721
19.924711,167,4567.855128
105.8972,1223,4579.52313
16.685551,154,4581.429657
183.382701,2001,4600.065259
99.084186,880,4611.155645
23.645108,174,4613.270662
24.766005,179,4615.408047
70.795052,459,4620.077565
129.404463,1092,4630.59832
128.117608,2001,4651.992439
117.830101,1429,4665.382248
175.110888,1672,4681.062306
101.447168,1079,4693.879343
21.516107,334,4697.473911
51.630111,272,4700.411865
194.258244,2001,4718.846742
160.717842,1046,4728.770271
62.338709,653,4737.693197
98.987598,858,4745.876044
262.693479,2001,4764.670817
16.502527,111,4766.136266
47.94888,720,4773.158848
25.753338,177,4777.814171
17.516379,289,4780.923968
23.63088,241,4783.62347
75.626704,524,4788.910507
22.52729,271,4791.848441
71.217782,733,4798.954421
126.463256,1485,4813.0512
110.037731,1640,4831.014148
47.425514,284,4834.108275
33.704774,187,4836.30896
30.891674,240,4839.012586
92.685074,1277,4850.991212
115.809589,1025,4863.345898
134.094532,1212,4874.755444
31.529928,185,4876.891757
38.05039,542,4882.249457
29.274297,207,4884.640387
22.471757,152,4886.534312
285.590803,2001,4907.66181
156.469301,1354,4920.459098
137.727534,1612,4935.673786
27.330471,174,4937.778215
57.479079,909,4949.131815
121.472021,2001,4967.546334
62.219322,555,4972.987628
117.785558,1240,4987.157171
166.324615,2001,5006.00389
121.043061,1467,5019.721004
117.220688,1135,5033.196902
218.989214,1602,5048.346491
16.777498,85,5049.627841
96.894112,830,5057.646787
78.002697,501,5062.673086
176.309236,2001,5083.75735
84.574049,1136,5094.596473
125.686474,1283,5106.904912
33.121387,271,5112.319592
37.468418,501,5117.395466
129.165058,1283,5129.480541
84.148108,938,5138.356991
282.439363,1952,5158.942843
18.617044,108,5160.44412
75.714776,443,5165.012343
91.342442,942,5174.367144
16.141151,152,5176.269624
31.464492,212,5178.705347
10.741139,114,5180.205537
183.701926,2001,5201.406679
23.579331,282,5204.469312
23.914271,287,5207.547746
21.552366,152,5209.437986
133.491693,841,5217.436788
17.53918,109,5218.942265
182.772189,1817,5235.967312
30.893752,185,5240.618893
129.358895,1730,5256.865183
115.175464,1175,5267.853807
102.041424,1236,5281.908784
129.522259,1331,5294.406735
91.277568,583,5300.074926
40.270189,334,5303.606697
26.915377,165,5305.588383
90.119643,757,5312.952274
29.23782,186,5315.093284
44.932289,388,5319.106347
130.980359,1154,5332.556265
30.996678,182,5334.701567
102.119524,1132,5345.438803
133.035078,1207,5356.843082
121.320398,1414,5372.774226
30.634549,332,5376.300722
14.386771,84,5377.582271
87.269819,1012,5387.264935
25.19942,261,5390.109248
119.289186,768,5397.560919
31.603269,225,5400.126203
91.642246,678,5409.176498
38.366148,275,5412.253023
169.931645,1468,5425.90708
24.960864,182,5428.032453
96.945586,1857,5445.54544
158.446038,1605,5463.207182
159.012462,1459,5476.933343
263.390338,2001,5498.168181
151.129647,1487,5511.971832
39.728403,324,5515.42522
89.257793,897,5524.281158
20.94418,139,5526.057758
83.850135,562,5531.680583
36.952638,215,5536.867899
22.327257,142,5538.696418
50.596648,349,5542.378793
110.863376,885,5550.925999
58.425913,736,5558.346268
145.980459,1475,5572.051032
107.752757,715,5581.557228
26.676242,220,5584.010768
109.329709,857,5592.272864
28.000295,207,5594.741801
48.466123,286,5597.911033
23.139195,242,5600.598945
136.875218,1499,5614.937232
9.549755,108,5616.463694
76.186796,851,5627.282881
197.659646,1915,5645.178363
65.205747,985,5654.513913
20.489403,160,5656.498644
75.847132,1030,5668.915157
55.789973,735,5676.102086
30.211586,186,5678.290079
45.299352,556,5683.855753
97.314606,674,5690.460302
87.021672,1209,5702.149539
9.243998,77,5703.353004
90.857584,1011,5715.56767
106.075078,736,5722.698674
62.573673,524,5727.920923
136.718011,1575,5742.620239
19.731526,135,5744.307872
22.593841,174,5746.383267
203.225155,1398,5761.875678
86.008777,676,5768.404896
71.071846,535,5773.947939
193.121203,1850,5793.815353
172.835219,1160,5804.690161
34.731882,269,5807.627888
9.129144,179,5809.719189
70.946242,788,5817.375014
62.580403,534,5822.735572
152.860373,1274,5837.311316
28.21532,175,5839.483512
250.383595,2001,5857.860093
60.881498,485,5862.69955
16.039025,121,5864.309285
36.955624,524,5869.582568
16.360931,162,5871.551689
55.584219,412,5878.323711
46.503984,340,5881.87107
36.877982,363,5885.653042
164.624522,2001,5904.483076
297.471226,2001,5925.832735
29.22461,219,5928.283641
144.882828,1383,5941.300819
70.111141,481,5946.249214
67.262589,643,5952.572407
18.088639,167,5954.603816
41.956143,535,5962.695521
140.458544,1417,5976.025529
78.117822,684,5982.636058
120.877019,1107,5993.185316
156.134779,1215,6007.230292
33.755412,306,6010.516589
101.374518,1284,6022.737404
94.057398,749,6029.894411
85.311655,549,6035.364117
158.168409,2001,6056.717183
129.20881,924,6065.597361
121.837228,952,6074.782341
26.997743,179,6077.042473
22.344771,147,6078.886363
137.567066,969,6090.776802
37.254583,251,6093.534768
37.750895,410,6097.791468
30.642263,259,6100.633514
16.283832,175,6102.680754
126.146443,1159,6113.533528
25.907856,167,6115.520229
27.351919,172,6117.551838
236.162391,1746,6136.386726
263.309399,1874,6153.795849
17.165163,168,6155.792301
109.343382,1086,6166.071348
22.89543,145,6167.899836
121.51109,1036,6180.308328
89.151766,593,6186.244251
142.8942,1612,6201.348247
99.493157,1231,6215.784429
8.789468,50,6216.753257
27.469898,355,6220.508667
19.284571,108,6222.040236
41.322481,436,6226.525336
34.824268,227,6229.088471
120.638968,1152,6240.107978
60.342615,465,6244.752854
21.966219,181,6246.864883
85.288988,586,6252.895411
123.037445,899,6264.317924
299.388955,2001,6283.322985
101.734614,712,6290.355385
35.694847,226,6292.903408
33.829108,259,6295.716339
29.50516,208,6298.104616
169.566774,1368,6313.325062
35.199483,215,6315.747121
30.193374,229,6318.310067
79.063838,738,6325.460053
39.009948,361,6329.35264
16.407548,114,6330.884003
111.857945,1118,6341.55916
85.384222,966,6353.20578
102.34353,779,6360.782036
137.21615,1149,6371.769813
34.094959,248,6374.520021
11.768951,80,6375.754853
100.934224,1619,6393.390846
40.583739,354,6397.113953
59.841449,570,6402.79668
24.46351,332,6406.316214
18.567757,82,6407.566648
15.099484,198,6409.997079
241.084134,2001,6431.250252
33.396777,279,6434.266525
81.514826,856,6442.690385
18.515706,85,6443.956318
38.928937,242,6446.672204
88.186739,550,6452.142032
65.571907,399,6456.189787
75.74161,554,6461.722133
54.987727,398,6465.844885
65.434294,437,6470.239527
29.541305,256,6475.551848
101.264221,2001,6494.183466
18.696266,148,6496.01173
107.783815,1216,6507.564604
36.053479,253,6510.314963
121.455022,820,6520.784867
27.076791,256,6523.550933
29.485996,150,6525.390251
30.460479,235,6528.00012
27.710221,173,6530.10966
147.84078,892,6538.70582
24.771602,247,6541.45651
130.115356,1214,6552.997312
18.373935,151,6554.872637
42.784684,382,6558.883679
117.91067,1260,6573.309158
18.882741,176,6575.418892
44.838257,382,6579.387488
208.647014,2001,6598.012362
98.835778,998,6610.187095
12.028404,248,6612.926428
91.996611,1297,6625.215853
140.179248,1029,6635.165375
121.283782,875,6646.075765
119.079751,1242,6657.687327
92.062613,572,6663.464974
61.281748,408,6667.668674
117.84468,1373,6680.552794
26.053298,183,6682.67796
138.990733,1506,6699.455222
21.586653,148,6701.407849
56.322574,505,6706.482054
44.043604,280,6709.52916
27.352803,208,6711.899749
32.597038,188,6714.072031
32.579191,288,6717.179654
70.747439,764,6724.702863
13.8444,97,6726.093798
62.801615,431,6733.079808
40.333705,214,6735.530424
90.358164,969,6744.721925
70.677625,518,6749.826947
39.480778,217,6752.282898
115.175289,767,6759.765897
91.724576,1059,6770.052086
149.603186,1533,6787.06663
47.07687,388,6791.09861
240.31994,2001,6809.706634
30.966819,284,6812.785893
20.887493,151,6814.661253
109.627104,986,6826.631494
15.388371,142,6828.440547
83.644843,895,6837.158218
98.656323,764,6844.541106
111.123218,1167,6855.757319
41.656462,300,6861.483007
83.347862,560,6866.994121
26.448768,182,6869.156261
75.160484,475,6873.954573
48.98982,354,6877.628461
50.247718,390,6881.67198
117.193925,907,6890.389738
21.553142,169,6892.421146
43.826344,292,6895.586458
163.937277,2001,6916.81275
50.98011,315,6920.172579
38.420623,256,6922.93871
112.765778,1121,6933.656981
168.456441,2001,6954.924457
87.806149,667,6961.563723
18.689962,243,6964.314162
28.638817,190,6966.517753
159.678523,2001,6985.48422
33.678613,455,6992.620361
33.090315,413,6996.943856
78.261375,589,7002.856252
47.905596,343,7006.429529
63.581667,359,7010.201039
12.680769,82,7011.462248
36.17254,185,7013.654446
22.38104,179,7015.764176
103.137138,1957,7036.876326
64.035373,817,7044.935096
21.842697,335,7048.495993
159.774689,1549,7062.849221
34.51584,215,7065.302778
125.194345,841,7075.861849
16.016555,126,7077.502748
32.680754,549,7083.017246
51.798576,322,7086.390167
29.223972,245,7089.093709
102.831127,707,7095.980635
76.992286,660,7102.472954
103.475602,1156,7113.316474
123.39124,1476,7129.715122
78.151003,1511,7144.182952
27.3937,212,7146.603876
73.111148,486,7151.540673
176.898352,1644,7169.587419
72.428531,529,7174.885492
55.482288,485,7179.787791
41.24956,441,7184.286004
43.539529,394,7188.334046
14.972835,191,7190.537335
85.284229,1587,7208.214744
117.731726,1599,7223.098194
284.661733,2001,7244.152772
119.017159,1173,7255.351664
25.981557,203,7257.664339
73.954695,1303,7269.984279
16.573234,108,7271.437917
177.828289,1071,7281.623482
148.883254,1642,7299.51924
33.68844,221,7302.030229
51.019,353,7305.76302
13.217002,115,7307.325499
36.724008,343,7310.922049
154.859813,1594,7325.98078
201.64235,1896,7346.738207
15.93844,82,7348.031602
92.209722,712,7355.036627
21.136999,168,7357.052727
39.675239,245,7359.782994
86.398733,671,7366.359277
37.188532,305,7369.609764
101.278312,1167,7383.263719
240.032325,2001,7401.757897
21.842997,143,7403.508036
34.96416,332,7407.037141
135.57884,1008,7419.070353
69.351332,585,7424.863868
39.129828,433,7429.330148
84.64447,602,7435.191014
21.541593,143,7437.035053
151.142272,1740,7453.266344
24.750011,184,7457.948986
59.63096,477,7462.803777
156.332765,1525,7477.029186
57.904729,311,7480.35254
216.840726,1698,7496.081781
26.446317,162,7500.530932
110.409574,1441,7514.072328
154.855824,1357,7527.071963
96.911085,672,7533.709414
93.105979,1135,7547.095178
60.356192,747,7554.390099
23.561078,167,7556.42152
168.330625,1889,7574.009989
93.203808,838,7584.677083
61.159822,481,7589.547521
22.035503,145,7591.341388
14.549964,120,7592.935259
32.918502,248,7595.689343
58.628637,460,7600.299627
153.116945,1172,7611.392664
23.057422,288,7614.474742
205.435451,1990,7635.517519
177.113183,1321,7647.944684
135.379679,1743,7664.404737
61.651311,513,7672.009575
30.44135,195,7674.244359
20.913621,146,7676.072847
31.513994,220,7678.573033
44.977269,362,7682.367343
130.39604,1043,7692.366905
157.138853,1811,7712.091448
15.998445,114,7713.638592
19.29105,111,7715.138706
65.196341,768,7722.778028
43.400506,276,7725.780726
17.082948,161,7727.760123
54.139092,372,7731.557587
131.707311,1434,7745.095758
51.060834,684,7754.387041
24.890262,148,7756.278706
41.521686,314,7759.680368
21.029408,147,7761.49373
82.984454,928,7770.460189
93.270113,1057,7780.57936
23.900319,180,7782.720137
45.568341,385,7786.705038
36.042046,268,7789.623016
29.843803,205,7791.998492
161.53578,1948,7812.55295
69.052779,512,7817.689013
108.856765,1666,7833.438054
53.415867,510,7841.297889
37.939256,329,7844.766407
26.945257,441,7849.356083
26.849701,181,7851.49687
181.410959,1670,7867.117779
25.112429,206,7869.537815
23.030828,193,7871.789544
92.367382,1681,7890.451645
69.712475,473,7895.312989
172.810992,1639,7910.68021
17.892004,147,7912.555427
25.386098,174,7914.665106
130.578577,850,7922.892231
67.656559,465,7930.132727
66.732015,882,7938.675154
117.732353,1926,7956.472433
21.241063,255,7959.269819
60.751233,420,7963.562119
156.772463,1359,7979.228019
70.857581,394,7983.234119
98.667301,878,7991.719919
28.557076,248,7994.480816
99.859331,1027,8004.24298
28.968185,359,8008.040719
17.201874,130,8012.180593
80.399041,1199,8023.51575
24.733018,168,8025.541905
18.308226,94,8026.901383
67.026641,1797,8043.841671
188.743626,1884,8064.258717
28.373681,247,8066.958892
8.487988,45,8067.896466
6.813847,48,8068.849851
77.101928,605,8074.816448
96.405719,906,8083.421958
14.857776,79,8084.65642
27.024878,414,8088.948966
26.01199,170,8090.98037
152.355558,1972,8112.095208
42.348068,384,8116.079691
75.221666,546,8121.500255
73.049847,679,8128.185644
24.660985,184,8130.446917
26.788001,170,8132.462867
179.129133,1436,8148.394849
62.845604,415,8152.579795
58.652517,484,8157.470253
30.723893,151,8159.329988
36.494924,409,8163.483977
12.831966,112,8165.06268
141.117087,1469,8179.152792
62.514469,540,8187.008162
35.003046,342,8190.629005
101.883333,876,8199.119818
20.36991,154,8201.100739
43.861746,583,8206.882969
10.333138,50,8207.867415
140.098918,1188,8219.039546
8.454557,45,8219.958559
128.672764,1409,8235.970036
17.40063,165,8237.982276
20.38763,147,8239.779288
43.309992,276,8242.846011
31.329441,155,8244.770455
13.218151,209,8247.208143
86.41886,1499,8261.577142
153.937141,1415,8277.51673
89.533365,548,8282.971174
12.903826,165,8284.984295
71.793103,542,8290.419873
60.491091,396,8294.606478
15.013181,150,8296.493983
19.149866,121,8298.103681
121.994695,1509,8312.271464
103.222735,947,8323.860183
118.781407,730,8330.971257
22.570524,138,8332.732681
80.137004,515,8337.813079
52.753896,430,8342.219663
46.082077,429,8346.545133
243.440381,2001,8367.549173
26.269435,213,8369.984162
140.147262,957,8379.001167
19.150302,185,8381.189021
33.635273,217,8383.657955
109.02814,737,8390.797508
88.098665,868,8401.595954
24.238538,175,8403.64312
46.641199,329,8407.063234
30.77543,217,8409.547998
141.402773,1399,8422.880883
56.467095,423,8427.299379
25.03032,223,8429.846451
90.5781,859,8438.173727
23.974811,188,8440.393199
54.108099,441,8447.347508
96.934509,623,8453.504934
8.679737,51,8454.484284
16.527356,80,8455.71875
73.109862,828,8463.722496
262.990644,2001,8482.109565
167.21615,1833,8501.817199
133.744814,1342,8514.793012
112.732767,827,8522.843336
17.312906,116,8524.470145
40.454209,253,8527.220562
42.011327,393,8533.826371
30.309899,384,8537.842131
22.542032,111,8539.373635
144.907008,2001,8557.991132
81.463672,917,8566.873556
58.34047,373,8573.275401
113.085518,835,8581.441891
16.710318,84,8582.723408
15.750092,83,8583.989354
168.855968,1132,8594.761053
48.845525,552,8600.195347
26.260807,207,8602.576165
15.783652,121,8604.297559
16.437822,110,8605.918552
132.526179,1323,8620.915883
44.474853,457,8625.507314
24.745842,210,8627.924956
25.43214,145,8629.722179
63.153084,419,8634.046462
49.336178,488,8639.106094
18.24898,167,8641.122167
87.457875,531,8646.38921
139.462062,1063,8656.547041
40.354044,275,8662.063181
60.722131,425,8666.42381
25.608256,178,8668.548972
57.763061,703,8675.474003
58.364789,484,8680.349679
22.739098,141,8682.144774
28.848044,196,8684.395142
28.671383,273,8687.381365
162.472761,1609,8704.704316
19.446082,134,8706.47009
117.858125,1327,8719.117226
32.838994,267,8722.023719
21.031298,138,8723.787943
28.989385,342,8727.397783
23.349828,361,8731.208893
14.824136,77,8732.430401
30.777763,208,8734.803293
17.691455,141,8736.587187
22.094303,151,8738.493578
33.886148,252,8741.301326
30.419778,181,8743.442117
142.788398,1367,8758.807055
215.650426,1859,8776.100714
14.120165,79,8777.332176
73.01299,558,8782.815407
29.77489,208,8785.353635
22.897496,150,8787.224387
162.561693,1618,8804.994117
22.466129,147,8806.79134
115.331256,1399,8820.12018
23.115525,141,8821.917191
25.852456,163,8823.870464
42.154508,324,8827.259547
27.968855,163,8829.244267
43.570032,270,8832.208699
7.981964,48,8833.162139
32.67264,184,8835.334179
27.461735,282,8840.933459
24.229144,145,8842.72058
35.474285,219,8845.217992
22.190999,116,8846.781775
224.022593,1817,8863.982124
83.006064,572,8869.696446
25.212643,149,8871.556158
28.103934,180,8873.681381
28.679531,168,8875.729938
76.438059,632,8884.418429
34.655865,246,8887.169115
75.26178,963,8896.324566
43.797038,332,8899.793741
37.150907,234,8902.417082
44.299419,320,8905.870705
230.248214,2001,8926.972159
22.665838,144,8928.800577
81.934,807,8936.812732
46.855305,314,8940.189991
145.882492,1756,8956.468924
66.485643,732,8963.653367
26.699438,172,8965.817998
30.260231,355,8972.080587
49.88602,311,8975.331083
28.616121,293,8978.452468
21.239885,135,8980.17133
16.304295,150,8982.068426
28.312691,176,8984.156934
16.244291,150,8986.016454
40.722312,258,8988.871825
82.214407,768,8996.327317
7.952797,49,8997.280502
100.439808,623,9003.435064
21.083815,115,9004.966649
25.131605,178,9007.125724
151.304378,886,9018.158221
69.835056,482,9022.955782
16.567785,113,9024.502773
36.470081,233,9027.128324
30.69694,214,9029.566013
88.335028,1178,9040.708764
125.808621,1541,9055.219281
41.978938,273,9060.76485
19.732185,139,9062.533148
33.633957,450,9067.122164
28.105272,173,9069.176735
71.724293,488,9074.035287
69.884416,388,9077.98924
248.655936,2001,9096.525495
76.439381,566,9104.75866
173.9,2001,9123.487189
19.092124,186,9125.68545
37.653157,243,9128.388978
83.578108,592,9134.18134
113.196869,774,9144.245116
262.244307,2001,9163.121138
32.436846,286,9166.210313
137.868453,1050,9176.028905
10.593707,99,9177.40418
36.068794,343,9180.94926
29.055207,205,9183.308811
25.599634,189,9188.060124
14.527408,248,9190.800263
238.035424,2001,9209.370654
91.81725,629,9215.559699
26.469562,414,9219.839054
27.573615,175,9221.901904
163.771037,1763,9241.107963
101.723294,1232,9252.999374
131.403927,1380,9266.071472
92.631955,655,9275.019073
22.61318,185,9277.220006
70.650003,510,9282.346005
80.35561,468,9287.091114
26.263782,160,9289.003257
27.841013,178,9291.112792
91.049264,956,9300.494434
12.910919,114,9302.04143
40.451833,608,9308.175197
30.705437,150,9310.065965
283.329608,2001,9331.588591
67.356518,903,9340.313824
24.730454,164,9342.314312
188.123281,1486,9358.849701
265.982991,2001,9377.500364
74.907729,679,9384.223803
31.511398,214,9386.674188
94.278626,666,9393.109635
114.942595,1592,9410.687257
153.286952,1282,9423.066809
21.889652,141,9424.832568
160.525919,1500,9441.294485
151.491024,961,9450.534273
15.444073,83,9451.769901
16.935184,121,9453.392088
14.527873,77,9454.5953
9.1033,49,9455.564345
17.034076,110,9457.033158
58.126745,464,9461.679712
54.862976,362,9465.397553
23.499231,142,9467.179106
113.465633,898,9475.767906
21.11445,152,9477.658834
25.508683,178,9479.752904
37.814465,319,9483.170157
127.046093,849,9493.768975
63.408999,692,9500.577392
76.973857,476,9505.427435
130.606013,1397,9518.784125
36.933772,250,9521.51909
26.492132,167,9523.545386
22.3355,152,9525.436482
61.618707,440,9532.411454
40.536604,266,9535.323829
38.70736,217,9537.865899
93.091941,1028,9547.832342
30.475903,373,9551.657636
73.954248,546,9557.125571
56.243337,449,9561.746125
145.724453,2001,9582.924565
83.338013,516,9588.094288
43.308508,518,9593.22061
207.83966,1998,9611.95981
16.61564,118,9616.018524
55.833306,348,9619.814011
148.917226,1366,9632.790671
181.920071,1817,9649.620925
22.378147,224,9652.215018
47.401273,312,9655.544248
72.380404,475,9662.878761
232.747448,2001,9681.576042
83.710672,677,9688.326634
17.399466,115,9689.891448
252.558707,2001,9710.940329
27.036699,179,9713.034409
177.110365,2001,9731.765312
72.365466,850,9742.421489
57.832869,381,9746.381575
28.188015,183,9748.564656
81.960487,548,9754.081671
21.638302,152,9755.941349
35.365416,250,9758.709065
103.685142,1093,9769.330016
106.594037,727,9776.4533
29.061684,183,9778.622564
29.063395,179,9780.720045
114.062568,896,9791.732709
76.587942,427,9796.095238
48.353278,263,9798.941568
18.92623,113,9800.48878
236.876825,2001,9819.315298
28.537325,178,9821.45136
84.087696,545,9829.340983
116.945708,1488,9843.480444
145.260056,1404,9856.592294
141.629466,2001,9878.220348
78.675421,679,9884.827656
51.309414,317,9888.184744
37.723439,218,9890.653889
28.398802,219,9893.167263
47.781394,504,9898.243026
15.356145,109,9899.746647
98.059855,812,9907.478894
28.821425,213,9909.886098
27.220957,186,9912.073977
81.279723,521,9919.823393
19.696475,140,9921.5709
139.699696,898,9930.035928
38.976722,217,9932.517953
113.847277,1265,9944.484092
8.217502,49,9945.453142
38.754469,340,9949.059749
27.968943,176,9951.157113
154.788119,1095,9964.220713
105.567962,842,9972.39015
131.323921,968,9981.529857
133.932318,1877,10001.740272
89.845028,578,10007.472445
72.802852,479,10012.282771
127.264381,1370,10025.30612
73.834904,645,10031.694348
84.869615,683,10038.337686
23.605234,145,10040.118796
37.768363,278,10045.65116
26.366402,204,10048.105592
139.504965,1514,10062.295233
29.753725,173,10064.373666
94.033089,1125,10075.074016
32.696639,214,10077.524304
88.264772,625,10086.192528
61.538598,346,10089.81286
215.892772,2001,10108.653152
59.644101,762,10116.041463
149.270451,1625,10133.86694
123.52623,719,10140.776967
21.974905,133,10142.511619
21.669142,126,10144.137981
27.027696,194,10146.434496
41.390224,288,10149.622197
29.684971,283,10152.695847
15.471813,226,10155.248717
23.68596,139,10157.032018
97.681074,1427,10172.986613
13.363157,117,10174.549231
27.860911,208,10176.95566
14.012699,81,10178.190357
67.508904,640,10184.529162
93.519902,1232,10196.31264
15.042961,78,10197.547113
57.20759,389,10201.532478
99.28226,547,10207.017945
60.451619,443,10211.440861
43.759383,266,10216.879204
242.337507,2001,10235.611011
47.252442,762,10243.046783
81.342947,502,10248.017342
37.112354,220,10250.483746
24.522883,143,10252.249501
15.463541,98,10253.640453
84.77337,501,10261.150647
22.696848,140,10262.885338
45.588272,287,10266.057308
70.501275,964,10275.356501
219.555869,2001,10294.066732
31.27918,170,10296.082743
58.616964,394,10300.187569
29.597565,203,10305.185279
166.851055,2001,10323.898169
217.551929,1656,10339.3618
22.569968,137,10341.080893
37.916105,303,10346.935763
200.577759,1452,10360.485295
18.495545,312,10363.842021
57.543045,347,10367.420593
24.472262,323,10370.874341
41.10555,345,10374.4962
55.89702,384,10378.476706
130.606049,1062,10391.068314
21.580277,136,10392.865776
122.675145,1226,10404.566867
13.30779,95,10405.942263
50.294353,353,10409.740661
32.463365,196,10412.117779
33.122213,194,10414.414828
305.687776,2001,10435.807389
40.664516,282,10438.959118
70.490338,486,10443.959635
15.091897,118,10445.678658
28.993379,232,10448.369977
33.058702,298,10451.589178
33.348254,326,10455.056652
92.397521,1039,10464.963445
93.485021,649,10471.296363
23.334476,133,10473.002842
53.112821,310,10478.810751
277.416967,2001,10497.592684
51.094689,562,10503.110584
150.820702,1105,10514.045441
57.49545,374,10520.937242
98.883425,586,10526.807883
45.046199,279,10529.928085
37.823235,291,10533.163351
58.076777,592,10539.283884
42.86207,266,10542.3316
80.483739,1057,10553.098562
89.759547,1302,10569.832165
161.26481,1382,10582.821228
167.742909,1299,10595.079021
297.394997,2001,10616.281287
132.918859,994,10625.826617
95.33096,607,10631.838398
28.933994,177,10633.916843
