#{"t_start": 1704889389.169803, "env_id": "None"}
r,l,t
0.067561,19,0.524158
0.03246,21,0.840064
0.089322,23,1.158103
0.067443,20,1.45543
0.025296,18,1.740964
1.232711,131,2.424379
0.000388,19,2.727472
0.049414,19,3.028909
0.063249,19,3.333649
0.313728,83,3.894304
0.114759,22,4.230345
0.04606,21,4.535004
0.115697,22,4.878224
3.846149,137,5.620733
0.068572,22,5.923441
0.0,19,6.213425
4.584077,622,8.708591
0.0,18,8.982939
0.0,22,9.265142
0.064655,22,9.556214
0.068186,19,9.828848
0.233422,24,10.115253
0.061823,21,10.394816
0.181239,27,10.709328
0.043682,20,10.998604
0.0,19,11.280793
0.061169,18,11.550276
0.17027,20,11.831573
6.814143,516,14.16253
0.895901,144,14.899419
0.046607,20,15.182501
0.0,22,15.471381
0.089758,21,15.757617
0.01141,19,16.03379
0.126546,26,16.337672
0.020023,28,16.653936
0.000575,21,16.938568
0.395123,85,17.440049
0.046418,19,17.717024
0.0,18,17.983728
0.0,19,18.253876
0.061312,19,18.522529
0.114151,21,18.800865
0.0,20,19.075035
0.0,18,19.343777
0.0,20,19.628843
0.048784,21,19.92189
0.056374,20,20.233114
0.032974,22,20.554859
0.0,20,20.888106
0.020597,19,21.187928
0.590271,161,21.972323
0.0,19,22.248878
0.010411,21,22.530537
0.0,20,22.804015
2.029035,93,23.331063
0.103874,22,23.613648
0.091923,20,23.890703
0.048192,19,24.163202
5.445179,545,26.275083
0.039536,22,26.56825
0.038601,20,26.854243
0.0,17,27.130226
0.0,23,27.430533
0.074306,18,27.706141
4.513979,172,28.511955
0.064804,20,28.788493
0.047498,21,29.09313
0.047398,22,29.38911
0.265112,25,29.697789
0.19825,44,30.066257
2.01265,68,30.518806
2.359262,471,33.27811
0.028892,21,33.566773
0.073437,20,33.867339
0.169934,23,34.181024
0.0,21,34.474974
0.0,23,34.7891
0.142965,22,35.122859
3.279056,167,36.110679
0.0,19,36.417432
0.038911,20,36.717886
0.028709,20,37.001882
0.003052,18,37.284585
0.029245,20,37.578637
0.143584,21,37.865521
0.046751,18,38.140519
0.0,19,38.420801
0.021434,19,38.69687
0.0,21,38.983933
0.0,18,39.256112
2.100758,199,40.16596
0.0,17,40.434666
0.362949,69,40.893222
0.0,18,41.171254
2.968701,74,41.675094
0.071367,19,41.983174
0.172541,22,42.306192
0.057346,19,42.607904
0.037132,20,42.908718
0.129487,20,43.186159
1.506887,274,44.366578
0.045546,21,44.671174
0.087036,23,44.963214
0.081881,24,45.258134
0.092532,22,45.542502
0.052389,19,45.825211
0.123891,21,46.114134
0.0,20,46.407648
0.054913,19,46.726451
0.097315,19,47.047751
0.098622,20,47.338509
0.030285,18,47.618133
0.053985,19,47.899253
0.04935,20,48.187922
0.19957,21,48.484184
0.079455,20,48.773074
0.01861,20,49.067351
0.007599,19,49.351164
0.05131,19,49.633163
0.0,19,49.911644
0.052022,22,50.211451
0.015689,20,50.494948
0.086926,21,50.788543
0.02218,23,51.080165
0.0,20,51.359497
0.07218,25,51.663953
2.71036,366,53.157784
9.462073,310,54.457439
0.125625,24,54.763683
0.203994,74,55.230584
0.025416,21,55.519946
0.045626,23,55.815954
0.035185,21,56.114526
0.030369,20,56.402241
0.023931,20,56.688608
0.01367,19,56.969294
0.05343,19,57.250003
0.027135,21,57.53927
0.120926,21,57.827533
1.458472,189,58.703519
0.072213,20,58.986365
0.019947,19,59.269455
0.0,20,59.549416
0.138715,21,59.831684
0.050399,20,60.119217
0.080342,20,60.413904
0.149748,24,60.710852
0.022827,18,60.988075
0.178123,24,61.290302
0.040715,19,61.573176
0.127395,23,61.867915
0.10379,23,62.162718
0.04652,23,62.451945
0.067325,20,62.732675
1.504856,127,63.396547
6.26382,496,66.20839
0.094398,21,66.494281
0.05554,24,66.789044
0.0,19,67.0675
0.0,18,67.341581
0.276519,24,67.644466
0.057865,21,67.931217
0.036522,18,68.214488
2.117788,205,69.148432
4.145086,454,71.057492
0.085433,21,71.345527
0.117035,21,71.630947
0.172653,20,71.909665
9.200686,249,72.999833
8.300231,411,74.643608
0.090468,23,74.934078
0.062937,20,75.258793
2.743599,493,77.209009
0.05644,25,77.514684
0.097156,20,77.798218
0.054704,21,78.08593
0.002253,19,78.360116
0.081191,21,78.644363
0.073533,22,78.934089
0.174362,23,79.230511
4.659033,187,80.094197
0.097263,21,80.39086
0.497926,109,80.998838
0.127618,21,81.284607
0.005338,21,81.568369
0.080842,19,81.843967
0.122011,23,82.132182
0.14841,26,82.431293
0.057253,22,82.722745
0.135676,27,83.043723
0.097514,25,83.35143
0.074019,21,83.637072
1.535183,75,84.112856
0.015658,19,84.3935
22.230051,608,86.734305
0.0,20,87.019102
2.227214,171,87.824667
0.068694,20,88.103845
0.141765,25,88.402504
0.104086,18,88.69102
0.117479,23,88.980643
4.787059,356,91.357877
0.037009,20,91.652509
0.471498,113,92.287291
0.13594,21,92.585243
0.168408,22,92.878749
0.089357,22,93.186385
0.0,19,93.471299
0.006895,21,93.777025
0.049104,21,94.07791
0.111672,21,94.367273
4.010578,161,95.137243
0.081055,19,95.413585
0.0,20,95.705801
2.16446,135,96.390951
0.043756,19,96.671674
2.504065,247,97.750179
0.0,19,98.036154
0.0,20,98.322459
0.046988,18,98.603384
3.000308,175,99.433778
0.090656,23,99.719838
2.265448,75,100.186828
0.003778,24,100.475027
0.40021,81,100.960138
0.0,22,101.246032
6.189543,166,102.032813
0.01165,23,102.319554
0.11,20,102.596369
0.28211,21,102.893001
0.057997,19,103.239792
0.022011,23,103.566941
1.647482,588,105.806616
0.291387,23,106.097155
0.04592,21,106.375365
0.113747,21,106.655558
0.031765,21,106.93369
0.094323,33,107.252433
0.020194,20,107.52562
0.027552,20,107.797402
0.176372,20,108.071432
0.045255,21,108.349975
0.386505,75,108.813002
0.137613,21,109.097304
9.806013,360,110.565697
0.082517,20,110.856314
0.109247,21,111.148754
0.13232,22,111.44323
0.178486,23,111.735815
0.138123,24,112.035439
0.09588,20,112.320777
1.359815,99,112.875248
0.117576,22,113.167803
6.028928,193,114.049951
0.167532,23,114.35717
0.083815,21,114.645163
0.062016,21,114.93748
0.0,20,115.223456
0.229437,21,115.515961
0.04145,22,115.817242
4.203202,298,117.090351
0.096921,22,117.387209
0.020628,20,117.668138
6.485984,198,118.579772
0.025071,23,119.766478
1.028284,78,120.253872
4.082613,303,121.527845
9.205796,713,124.256749
0.054154,22,124.547888
0.156291,21,124.833745
0.029368,24,125.134218
0.066911,21,125.417637
0.051296,19,125.691057
0.129267,24,125.982147
0.117319,23,126.267898
0.055075,21,126.549393
0.265114,71,127.004102
0.083168,23,127.297048
0.062722,22,127.578266
0.196125,26,127.876892
0.070061,19,128.148585
1.541627,118,128.762037
0.246193,26,129.061926
0.153146,19,129.337729
0.132093,21,129.616154
0.076269,22,129.901726
5.050889,294,131.237899
0.048711,22,131.528134
0.042869,20,131.809728
0.077262,19,132.086713
0.0,18,132.360365
0.587158,151,133.09959
4.203716,517,135.112025
0.18952,18,135.395472
0.197381,22,135.687392
0.0,19,135.965739
0.332871,67,136.411423
0.019506,24,136.706181
3.991638,158,137.475195
1.992157,384,139.055953
0.055481,22,139.350632
0.994813,256,140.449281
0.0,21,140.738072
5.002436,597,144.180167
2.179897,108,144.776962
2.731871,143,145.4924
0.065811,20,145.76815
0.114518,24,146.058166
6.725408,318,147.39906
0.118601,22,147.691495
0.784105,149,148.4287
0.003276,20,148.716079
1.157165,258,149.833867
2.358975,148,150.554336
0.140675,23,150.839126
0.210011,25,151.13421
0.129675,21,151.422545
0.035517,19,151.701997
0.189551,23,151.995096
0.308572,28,152.309347
0.026743,17,152.621171
2.791538,210,153.63406
0.0,18,153.92073
0.0,21,154.209411
0.001823,21,154.495278
0.0,18,154.776196
0.0,22,155.065864
0.058714,22,155.356471
4.220728,340,156.786339
0.161208,24,157.08315
0.205144,21,157.370255
5.452145,199,158.289959
0.207502,25,158.595327
5.016028,449,160.446743
0.03955,24,160.788445
0.048066,19,161.151041
0.091179,22,161.474932
0.057688,20,161.769557
0.232992,122,162.410865
0.071277,20,162.697997
1.284206,139,163.410523
0.175597,25,163.71445
0.426969,81,164.21596
0.638228,69,164.661217
0.70554,82,165.168173
0.065445,19,165.465393
0.157392,22,165.755269
0.205263,23,166.053337
0.046433,19,166.329979
0.0,21,166.613261
0.066902,25,166.912192
0.016482,21,167.19914
0.08895,20,167.481423
0.0,20,167.763203
0.093487,23,168.06828
0.056447,19,168.362448
0.614218,162,169.261034
0.013657,20,169.570381
0.043829,19,169.846969
0.004846,25,170.137519
1.745115,404,172.572135
9.8072,399,174.15605
15.685142,331,175.516267
12.208394,202,176.472935
0.063363,19,176.787901
0.8754,308,178.08857
1.840676,438,179.823064
0.076457,22,180.113112
0.055699,20,180.395957
22.028237,648,182.889796
3.03868,651,185.432549
0.267017,24,185.747884
0.188258,23,186.038168
6.427361,229,187.037228
0.23078,81,187.551735
2.391872,216,188.652172
0.054201,22,188.968823
15.429554,395,191.543745
1.211093,106,192.133691
0.015894,19,192.406684
2.449215,90,192.925756
0.071958,20,193.201273
0.000246,19,193.473783
8.154566,267,194.641468
4.62362,645,197.27106
0.034607,19,197.560391
12.879123,785,200.587917
0.022745,23,200.888923
0.17552,19,201.175004
0.0,21,201.483855
0.005579,26,201.834308
0.698718,236,202.989903
0.133468,23,203.317764
1.988227,154,204.174173
10.848027,375,205.725406
2.904986,103,206.32686
5.441952,936,210.687195
2.031396,190,211.577506
1.50392,110,212.203642
12.539906,429,213.937439
0.0,20,214.2235
5.187824,676,216.910496
0.941885,227,217.940982
0.885533,63,218.379734
6.138286,273,219.592381
4.055591,178,220.423595
0.048804,23,220.718122
5.579802,193,221.604393
0.025619,19,221.89362
0.28879,32,222.218018
1.227455,120,222.849799
0.068529,21,223.142116
3.477158,446,224.917136
0.018215,19,225.203721
0.034362,19,225.478505
0.077905,22,225.763672
0.195073,23,226.062064
15.088335,327,227.416496
1.650889,72,227.874209
9.273858,297,229.122265
3.181265,501,231.882503
8.065134,292,233.137638
16.552187,552,235.390768
2.743781,424,237.104126
0.04783,20,237.393203
14.966862,598,239.681163
1.257993,99,240.235553
0.047375,19,240.512415
1.767267,94,241.06299
0.108098,23,241.35799
3.834023,80,241.860527
2.077384,251,242.932609
0.095393,21,243.210135
0.08882,21,243.495302
2.221625,95,244.059951
2.350408,128,244.731213
0.065283,28,245.043297
0.133926,26,245.362601
0.180075,22,245.648101
1.977322,76,246.118231
4.69362,127,246.773295
0.06781,20,247.069749
1.943642,112,247.675649
0.169919,24,247.982809
0.002268,18,248.260169
1.983311,424,249.96032
14.261183,483,252.79046
5.483916,197,253.705394
0.074053,22,254.000696
2.629811,401,255.635324
9.568773,436,257.387702
2.111116,80,257.883591
2.657176,203,258.812641
13.351335,340,260.253009
0.224764,23,260.553711
2.09492,396,262.170284
2.529035,235,263.217139
7.069487,337,264.593033
0.201367,25,264.897775
22.718861,1001,268.654763
12.906839,328,270.954658
3.332313,108,271.538873
4.97741,330,272.910356
3.437638,1001,276.660681
0.104166,18,276.940016
13.075279,387,278.487404
0.942501,105,279.066425
11.020674,493,280.97575
9.837996,865,284.177425
11.232483,1001,288.894901
3.514995,527,290.981445
0.058549,20,291.259376
4.735579,566,293.435821
1.457752,104,294.02207
4.748175,299,295.305703
6.306901,699,297.970317
17.435687,901,301.34363
16.994557,1001,305.968712
6.761998,1001,309.722792
0.015707,20,310.016164
0.718864,172,310.844741
0.103393,110,311.448537
1.179294,67,311.900905
5.236685,1001,315.646061
25.987586,585,317.963751
31.634949,903,322.247633
10.220837,1001,326.157752
3.77789,1001,329.903477
12.807536,365,331.396687
6.676437,201,332.330978
5.696068,217,333.316196
3.506191,481,335.233617
6.554674,141,335.95536
10.226937,1001,341.098128
19.414278,803,344.154173
16.841693,385,345.694413
4.413617,134,346.380454
17.474268,456,348.195724
12.648661,263,349.348698
12.965316,1001,353.103468
2.174604,328,354.511942
14.130054,237,355.594268
14.976736,398,358.133092
4.912455,109,358.732039
1.37829,271,359.908892
1.481887,478,361.792488
8.996733,1001,365.523385
17.458077,772,368.443184
12.238648,1001,372.264097
3.118421,1001,376.89801
17.907784,1001,380.661205
34.682341,1001,384.369711
1.773564,779,387.293972
8.822593,373,388.888683
1.209523,278,390.966266
8.060536,788,393.986469
3.339359,104,394.571088
37.563258,918,397.979192
3.56776,539,400.087117
12.773041,1001,403.806946
9.197044,207,404.778601
5.029679,532,407.712799
15.43141,1001,411.420497
10.623609,683,413.999569
4.168863,1001,417.770348
17.881202,640,420.214732
13.468369,941,424.594254
10.783234,1001,428.273689
15.893981,585,430.530002
4.517329,1001,434.222083
18.882377,882,437.564892
7.268332,468,440.31613
14.060112,376,441.879825
9.619065,235,442.918356
5.785383,374,444.643831
10.332241,1001,448.385013
10.925247,401,450.040742
7.777067,1001,453.796712
1.155638,106,454.43956
0.704619,140,455.185176
5.120338,1001,459.742675
9.576882,1001,463.681665
6.600451,989,467.336228
6.457739,1001,471.061724
0.25136,27,471.407005
13.440834,1001,475.898871
8.338474,309,477.196547
1.707293,104,477.77483
32.310965,1001,481.499588
8.524689,1001,485.216199
7.938916,682,487.85702
12.726438,733,491.478394
4.948622,322,492.848171
7.907213,1001,496.535236
1.557545,318,497.849769
16.100922,398,499.460087
8.700589,1001,503.181097
7.485525,1001,507.861854
3.249716,449,509.671054
12.200663,639,512.132004
9.05517,1001,515.870018
6.537772,1001,519.580624
9.951231,1001,524.139043
3.828933,192,525.052538
10.039994,943,528.573771
24.666737,905,531.99044
8.725062,307,533.272629
7.117647,418,534.964389
17.322653,1001,539.632222
31.23871,791,542.661308
5.29899,1001,546.358756
4.532292,288,547.58542
5.907306,1001,551.278553
7.004766,1001,555.954969
4.117741,812,558.980097
18.76237,661,561.567171
6.833472,1001,565.290832
17.044302,968,569.164633
10.456437,907,573.452412
14.356152,848,576.69509
3.830381,835,579.888672
20.339514,856,583.062194
11.580944,1001,586.83081
9.517107,1001,591.685934
7.541576,1001,595.482817
4.397086,766,598.392149
2.373699,1001,602.109099
39.279005,1001,606.751108
23.835076,1001,610.547246
13.752093,950,614.130904
4.683439,601,616.488911
2.966719,1001,620.345147
6.300911,1001,624.865192
6.128768,893,628.266685
1.696057,1001,631.953168
3.779355,1001,635.644368
4.77868,1001,640.263114
5.495847,1001,644.046545
4.421184,1001,648.035875
4.621306,331,649.409836
3.696101,565,651.655043
13.358453,1001,656.357462
15.784859,815,659.427901
19.043729,1001,663.199283
4.181828,868,666.557943
3.463521,613,669.120867
17.404758,1001,674.278429
3.958156,751,677.419326
16.725588,326,678.811165
18.850235,1001,683.010957
14.090755,1001,686.981434
4.484575,1001,691.871226
8.412122,788,695.307732
5.422794,1001,699.207872
8.53285,1001,703.122138
16.446368,327,704.507636
5.203228,1001,709.421399
1.743567,120,710.155596
20.078301,795,713.272813
5.119147,687,715.955762
10.242846,1001,719.708429
6.925322,1001,724.409632
2.899526,269,725.58914
10.760649,1001,729.300037
18.123906,1001,732.986202
6.176765,1001,736.769225
3.549041,1001,741.482739
44.31703,1001,745.184502
16.206786,1001,749.034189
26.126619,839,752.272193
19.771974,391,753.848815
4.444673,732,757.887802
2.611521,529,760.218132
17.100263,792,763.397206
11.303151,1001,767.307929
6.134152,613,769.713213
4.569494,1001,774.479288
38.769368,1001,778.259717
14.599648,1001,782.040233
6.934068,1001,785.760131
15.753002,997,789.635234
1.754496,1001,794.430117
16.547673,1001,798.277491
20.94451,1001,802.070623
15.198802,869,805.552454
6.87398,1001,810.418753
18.770674,977,814.18408
6.057544,1001,817.95026
24.14677,1001,821.828057
3.709905,1001,826.569669
5.498399,1001,830.450187
7.739135,1001,834.277223
16.392984,722,837.059034
2.601149,1001,841.777252
32.651839,595,844.15443
41.73036,1001,847.885628
15.339021,946,851.474782
2.429924,1001,855.35178
29.836733,1001,860.065618
3.045268,1001,863.875117
9.819967,1001,867.569388
17.9478,1001,871.387127
13.310798,845,875.517846
14.896057,1001,879.232919
25.473927,1001,882.984653
1.797596,1001,886.903586
2.889043,1001,891.568484
1.749053,1001,895.304661
2.804708,995,899.086445
17.15249,917,902.630993
23.371541,1001,907.250561
35.347282,1001,911.02054
21.746258,662,913.552099
2.27541,1001,917.317429
20.260085,1001,921.206159
21.449632,1001,925.752406
15.573455,1001,929.610496
43.182796,1001,933.605273
12.161022,1001,937.529308
30.256986,1001,942.156677
9.981878,1001,945.946605
29.809593,1001,949.628051
20.452435,307,950.89871
28.583889,1001,954.90058
0.956936,1001,959.581289
3.227055,1001,963.388528
5.922152,1001,967.114486
22.713338,1001,970.953063
20.148634,927,975.287577
32.1909,1001,978.966053
12.418523,1001,982.731334
33.956732,1001,986.504487
53.032902,1001,991.039246
4.543155,1001,994.892768
7.238913,1001,998.610289
28.704296,1001,1002.409509
9.258134,1001,1007.007777
14.948108,1001,1010.746986
4.386409,1001,1014.457115
5.523856,1001,1018.320836
5.31906,1001,1022.874157
4.325717,1001,1026.621946
25.907656,1001,1030.345603
35.532895,1001,1034.142014
12.933593,1001,1038.752833
2.316505,1001,1042.489428
24.406078,1001,1046.286004
4.435755,1001,1050.074847
16.549797,1001,1054.916701
4.592729,1001,1058.72821
4.572698,1001,1062.473648
4.846785,1001,1066.231282
47.816742,1001,1071.090021
4.705928,1001,1074.872073
6.738205,1001,1078.651004
19.019601,1001,1082.405453
29.107083,1001,1087.095928
8.641761,1001,1090.877282
5.21,1001,1094.677192
3.329027,1001,1098.438123
6.430805,1001,1102.250999
6.066817,1001,1106.824504
7.062285,1001,1110.575659
6.667511,1001,1114.325308
48.004813,1001,1118.148047
4.753472,1001,1122.634498
5.475412,1001,1126.396463
16.631384,1001,1130.149952
12.538057,1001,1133.962605
9.00796,1001,1138.553712
7.158029,1001,1142.297799
3.817154,1001,1146.05845
0.569079,244,1147.133819
8.200815,1001,1150.943246
20.7106,1001,1155.478722
5.530166,1001,1159.189252
2.418698,927,1162.70545
3.503356,759,1165.702912
3.519758,1001,1170.684683
24.618211,1001,1174.520035
18.0681,1001,1178.338563
5.13406,1001,1182.068154
17.967057,1001,1186.815405
17.343369,1001,1190.776045
6.857068,1001,1194.537148
7.885096,1001,1198.33509
15.679268,1001,1202.976543
31.041117,1001,1206.711305
2.362512,1001,1210.480731
5.716959,1001,1214.241205
41.731298,1001,1218.84834
3.68725,1001,1222.575174
9.309741,1001,1226.261413
31.428207,843,1229.394644
2.702584,1001,1234.144999
5.753289,1001,1237.894615
6.289834,1001,1241.631435
5.006381,1001,1245.41258
2.343558,1001,1249.284098
34.837623,1001,1253.971219
2.656121,72,1254.451959
9.126777,1001,1258.212563
19.232221,1001,1261.922201
10.143789,1001,1265.748159
18.414865,1001,1270.280959
7.554738,1001,1273.962769
19.727234,1001,1277.650405
4.523577,1001,1281.470321
5.090843,1001,1286.121769
12.706817,1001,1289.861938
50.805183,1001,1293.817867
20.297926,855,1297.150667
4.155931,1001,1301.894566
20.364284,1001,1305.720074
17.344041,1001,1309.497561
7.206676,1001,1313.400282
4.369269,1001,1317.998402
3.243791,1001,1321.752162
8.815935,1001,1325.488144
6.643208,1001,1329.20904
11.634521,1001,1333.829248
5.675978,1001,1337.58555
5.494136,1001,1341.363899
18.935745,1001,1345.086687
3.998818,824,1349.072026
22.840605,1001,1352.76626
42.102344,1001,1356.541854
19.569059,756,1359.441859
35.160596,1001,1363.23059
45.51508,1001,1367.800021
7.119958,1001,1371.484632
4.085612,958,1375.088791
3.943383,1001,1378.844256
3.088663,1001,1383.564276
21.820324,1001,1387.360669
14.275031,1001,1391.082062
23.266514,1001,1394.910148
26.079796,1001,1399.598471
28.249925,1001,1403.313884
18.248845,1001,1407.10877
18.699446,1001,1410.790771
7.901914,1001,1415.8258
10.133191,1001,1419.601999
6.975988,1001,1423.39948
22.826497,1001,1427.220609
23.889072,1001,1432.002514
9.13165,1001,1435.758537
22.427044,1001,1439.502577
29.140155,1001,1443.207237
28.613283,1001,1447.889219
8.174924,1001,1451.616554
10.519438,932,1455.063607
7.116898,1001,1458.782108
8.893293,1001,1463.663488
43.776546,1001,1467.391692
6.488209,1001,1471.11789
5.685359,1001,1474.818968
33.807838,1001,1479.519365
7.013099,1001,1483.258808
27.545657,1001,1487.088922
37.910401,1001,1490.780451
7.659176,1001,1494.544827
25.835108,551,1497.785735
45.409833,1001,1501.595667
6.630163,1001,1505.321836
3.098596,1001,1509.058188
6.297044,1001,1513.807755
5.245618,1001,1517.507423
7.493117,1001,1521.21459
24.151163,1001,1524.908656
6.792898,1001,1529.675722
3.894904,1001,1533.551768
25.143845,1001,1537.394103
6.460581,1001,1541.128097
5.887485,1001,1545.973842
8.541818,1001,1549.945402
8.123006,1001,1553.739832
6.733165,1001,1557.491212
9.80235,1001,1562.316099
24.614066,1001,1566.044964
28.637228,1001,1569.750946
19.208984,1001,1573.473128
22.302943,1001,1578.229007
6.398801,1001,1582.053583
8.699282,1001,1585.75769
9.330136,1001,1589.442385
8.30204,1001,1593.133819
7.913975,1001,1597.934206
7.781941,1001,1601.617518
42.265362,1001,1605.360977
6.721715,1001,1609.097022
21.009019,1001,1613.930582
5.211251,1001,1617.62071
8.739282,1001,1621.34032
24.751719,1001,1625.059435
30.733141,1001,1629.830943
35.73794,1001,1633.510469
5.192692,1001,1637.284863
7.734651,1001,1641.019538
57.570359,1001,1645.713792
6.945851,1001,1649.510791
8.761105,1001,1653.259268
9.458216,1001,1657.015394
7.306526,1001,1662.28941
42.296886,1001,1666.08312
25.513376,1001,1669.886597
7.26133,166,1670.761267
5.152526,1001,1674.528674
7.808431,1001,1679.189031
8.02773,1001,1682.868209
6.80321,1001,1686.612356
7.382157,1001,1690.3603
9.079648,1001,1695.207445
30.459729,1001,1699.001687
11.197939,1001,1702.764764
19.903691,1001,1706.468902
18.832918,1001,1711.252482
23.617398,1001,1714.956064
22.804082,1001,1718.642091
9.459829,1001,1722.38422
10.386654,1001,1727.084552
42.535119,1001,1730.804073
44.506938,1001,1734.564989
11.017512,1001,1738.253562
30.229919,1001,1742.907955
16.420562,1001,1746.642149
8.909255,1001,1750.365697
7.498973,1001,1754.114406
24.875618,1001,1758.850446
22.150269,1001,1762.612095
15.504435,1001,1766.36814
26.770432,1001,1770.258756
9.230397,1001,1775.518102
10.612049,1001,1779.228016
39.5729,1001,1782.956252
20.238805,1001,1786.755681
13.492779,1001,1790.669656
20.38915,1001,1795.363351
8.579306,1001,1799.124681
10.969883,1001,1802.917283
45.460962,1001,1806.667881
7.850482,1001,1811.300513
19.593468,1001,1814.998981
23.462633,1001,1818.725704
9.652405,1001,1822.728425
31.256474,1001,1827.817633
7.180234,1001,1831.693607
34.976103,1001,1836.320734
21.024967,1001,1840.797995
10.618904,1001,1846.62614
11.405884,1001,1850.79436
33.347334,1001,1854.787968
7.222684,1001,1859.465035
20.918864,1001,1865.396955
5.274499,1001,1870.295289
6.888473,1001,1875.346184
37.222638,1001,1880.34895
15.799457,1001,1886.642216
7.518832,1001,1891.715476
10.521652,1001,1896.797672
25.316803,1001,1901.878708
16.233898,1001,1907.494794
5.746947,1001,1912.03727
26.663326,1001,1916.685874
44.707978,1001,1921.077769
38.784583,1001,1927.393647
6.13572,1001,1932.66028
5.892215,1001,1937.466624
20.468897,1001,1942.036022
8.681285,1001,1948.074187
18.18629,1001,1952.812235
7.429527,1001,1957.46291
13.091137,1001,1961.424548
8.004729,1001,1966.194093
46.174915,1001,1970.146892
0.177707,96,1970.715979
36.653461,1001,1974.615377
7.199537,1001,1978.564071
9.216519,1001,1983.199359
69.671507,1001,1987.399597
8.804097,1001,1991.526966
12.107304,1001,1995.686678
12.167508,1001,2000.914564
19.91818,1001,2004.716386
10.862722,1001,2008.973869
8.64373,1001,2012.653806
25.807968,1001,2016.333076
25.11903,1001,2020.962615
9.951584,1001,2024.727386
8.890283,1001,2028.388036
6.902077,1001,2032.061416
8.103462,1001,2036.750386
26.524341,1001,2040.477147
44.158449,1001,2044.14907
30.714877,1001,2048.138194
32.326249,1001,2052.7886
8.353957,1001,2056.50634
42.850185,1001,2060.205489
37.715083,1001,2064.058543
1.346058,68,2064.505953
33.225918,1001,2069.174427
7.261004,1001,2072.861277
66.963493,1001,2076.549474
29.511213,1001,2080.241403
10.008325,1001,2084.949428
10.331907,1001,2088.609742
12.052277,1001,2092.273196
36.446086,1001,2095.941528
3.00813,70,2096.400336
25.779241,1001,2101.032269
20.229903,1001,2104.741697
21.180656,1001,2108.443059
13.90781,1001,2112.176203
9.864844,1001,2116.932462
24.54344,1001,2120.631843
21.312364,1001,2124.419799
9.665345,1001,2128.131708
10.765428,1001,2132.788096
7.651425,1001,2136.485927
5.887256,1001,2140.183891
5.126091,1001,2143.899447
13.695413,1001,2148.557078
26.761716,1001,2152.263804
29.317727,1001,2155.956242
13.307343,1001,2159.706884
40.735946,1001,2164.368639
20.903653,1001,2168.373002
7.830241,1001,2172.149335
35.192612,1001,2175.905311
11.827604,1001,2180.540114
6.776272,1001,2184.386071
28.553495,1001,2188.113064
11.223775,1001,2191.855642
11.283995,1001,2196.53825
9.269011,1001,2200.353314
10.809267,1001,2204.059656
26.854943,1001,2207.739022
12.732107,1001,2212.287394
29.765489,1001,2216.126486
22.295761,1001,2219.896726
9.07643,1001,2223.63112
3.439441,1001,2227.440535
45.119893,1001,2232.018275
7.331681,1001,2235.724321
66.057897,1001,2239.397667
12.892581,1001,2243.152062
20.677294,1001,2247.81068
16.102009,1001,2251.508521
6.260688,1001,2255.221487
21.76133,1001,2258.988178
19.603815,1001,2263.61665
35.118693,1001,2267.295027
25.257122,1001,2271.035991
10.762754,1001,2274.748409
6.023127,1001,2279.610557
9.818349,1001,2283.577483
27.227615,1001,2287.403658
10.182188,1001,2291.183995
9.081942,230,2292.230224
30.595189,1001,2296.982298
7.702671,1001,2301.042969
6.719843,1001,2304.800059
5.954377,1001,2308.588045
18.983669,1001,2313.286176
6.028144,1001,2317.07667
31.014425,1001,2320.855405
29.588136,1001,2324.582061
19.073905,1001,2329.255046
28.422138,1001,2333.010118
5.185026,1001,2336.688681
9.193192,1001,2340.474756
26.565075,1001,2345.138546
9.785324,1001,2348.972472
9.359966,1001,2352.721001
7.952368,1001,2356.430726
10.365522,1001,2361.00646
12.082143,1001,2364.817078
31.832332,1001,2368.548165
11.387805,1001,2372.221733
8.123685,1001,2376.913744
63.448132,1001,2380.727004
23.601692,1001,2384.43559
14.985191,1001,2388.187907
9.380834,1001,2392.764662
8.811612,1001,2396.617329
12.084205,1001,2400.390298
20.163151,1001,2404.146803
43.599511,1001,2408.795992
11.871808,1001,2412.811552
20.794712,1001,2416.749768
12.576504,1001,2420.733177
32.666296,1001,2425.425469
16.891274,1001,2429.359219
17.887205,1001,2433.194829
45.463583,1001,2436.991914
8.152227,1001,2440.74387
29.56551,1001,2445.350055
29.625391,1001,2449.354131
8.218999,1001,2453.191343
31.906866,1001,2456.982718
35.68059,1001,2461.641195
60.869665,1001,2465.498132
36.483665,1001,2469.244073
10.694886,1001,2472.979307
33.66928,1001,2477.602134
9.573616,1001,2481.429671
9.069063,1001,2485.21102
11.527608,1001,2488.955468
40.558848,1001,2493.692986
11.272839,1001,2497.496902
24.814786,1001,2501.273946
9.603651,1001,2505.027538
35.104096,1001,2509.62999
11.554704,1001,2513.461294
30.075673,1001,2517.20861
16.642191,1001,2521.04519
8.585811,1001,2525.800961
31.866922,1001,2529.787716
48.183482,1001,2533.550695
29.744589,1001,2537.408794
28.301604,1001,2541.969784
11.577725,1001,2545.83389
57.425625,1001,2549.593026
10.722412,1001,2553.301467
31.542631,1001,2557.916651
20.634302,1001,2561.707329
12.20224,1001,2565.424449
32.689042,1001,2569.146162
59.348369,1001,2573.766688
31.491279,1001,2577.574519
31.092779,1001,2581.337146
24.93302,1001,2585.075731
10.062034,1001,2589.673568
52.02078,1001,2593.509187
41.464303,1001,2597.213718
21.736385,1001,2600.980241
30.026222,1001,2605.516267
12.766836,1001,2609.342369
12.171023,1001,2613.101833
10.07707,1001,2616.868382
26.805834,1001,2620.59233
13.544769,1001,2625.169271
10.895644,1001,2628.931801
32.191846,1001,2632.683743
9.547827,1001,2636.485786
13.778364,1001,2641.050309
12.765748,1001,2645.115828
23.377445,1001,2648.861219
26.861071,1001,2652.627492
25.84134,1001,2657.400164
9.725062,1001,2661.287766
23.642919,1001,2665.114177
13.879167,1001,2668.867063
11.471798,1001,2673.436543
31.047539,1001,2677.258248
10.972722,1001,2681.008065
34.26561,1001,2684.776486
24.548979,1001,2689.323894
30.299313,1001,2693.184963
24.26075,1001,2696.912979
24.802501,1001,2700.64479
12.282091,1001,2705.153763
13.788605,1001,2708.981402
10.723466,1001,2712.673003
10.527203,1001,2716.426627
34.16764,1001,2721.006848
12.05256,1001,2724.861154
12.71525,1001,2728.604427
32.631854,1001,2732.306625
25.878773,1001,2736.811893
13.19076,1001,2740.621909
26.983887,1001,2744.305132
60.998756,1001,2748.049544
33.097027,1001,2752.645413
18.42746,658,2755.244564
12.130051,1001,2759.089919
29.325057,1001,2762.891075
13.829849,1001,2766.919184
12.408952,1001,2771.538171
11.90818,1001,2775.380767
11.351461,1001,2779.340962
12.468732,1001,2783.074254
15.684954,1001,2787.676195
14.0822,1001,2791.528123
12.47262,1001,2795.273746
25.504056,1001,2799.031129
13.765757,1001,2803.620448
47.105696,1001,2807.448329
31.582314,1001,2811.221866
13.416024,1001,2814.957568
13.592417,1001,2819.5639
13.439872,1001,2823.404199
13.321095,1001,2827.309489
10.321705,1001,2831.160206
12.128088,1001,2836.315275
11.10569,1001,2840.829171
26.136181,1001,2845.397553
10.923627,1001,2849.899669
31.221184,1001,2856.126233
10.175257,1001,2860.896433
12.340709,1001,2865.789247
31.021116,1001,2870.333788
12.191284,1001,2875.535615
18.801231,1001,2879.587946
48.276894,1001,2884.143383
14.355224,1001,2888.448429
48.531376,1001,2893.883974
26.008949,1001,2898.511904
11.40631,1001,2902.98459
12.165602,1001,2907.254899
11.794862,1001,2912.606172
13.502896,1001,2916.778459
10.186456,1001,2920.832377
32.802109,1001,2925.174055
12.761608,1001,2929.146561
26.328655,1001,2934.380779
31.340043,1001,2938.475021
11.781272,1001,2942.294779
12.576703,1001,2946.280383
42.84306,1001,2950.854208
10.088854,1001,2954.970928
34.588347,1001,2958.805113
12.607315,1001,2962.669471
69.240346,1001,2967.402547
14.417284,1001,2971.56411
13.155194,1001,2975.445332
19.066031,1001,2979.346913
25.837492,1001,2984.074703
29.072144,1001,2988.086581
13.382801,1001,2991.998814
9.626554,335,2993.426967
11.428492,1001,2997.176545
14.598588,1001,3001.814956
14.442396,1001,3005.875067
39.522378,1001,3009.777997
43.168137,1001,3013.700917
39.018202,1001,3019.38973
15.759477,1001,3023.720325
11.90429,1001,3028.371997
24.425664,1001,3032.788989
27.751676,1001,3038.603871
14.977841,1001,3043.09585
19.279335,1001,3047.181192
20.847601,1001,3051.450772
31.333593,1001,3056.65066
51.740996,1001,3060.795738
30.172176,1001,3064.795635
35.019548,1001,3068.874585
13.546477,1001,3073.673505
25.567394,1001,3077.866004
12.235183,1001,3081.703436
33.31859,1001,3085.422606
23.821118,1001,3090.02394
30.972343,1001,3093.853563
14.699967,1001,3097.642423
14.23732,1001,3101.296322
7.253215,199,3102.186127
14.251129,1001,3106.792265
15.024901,1001,3110.563542
28.166765,1001,3114.298824
13.52717,1001,3117.977009
14.348517,1001,3122.410829
11.692265,1001,3126.117208
16.58905,1001,3129.937052
11.131423,1001,3133.625868
12.422273,1001,3138.120509
36.147068,1001,3141.841451
11.794534,1001,3145.797454
14.476478,1001,3149.622734
16.216192,1001,3154.46159
16.408679,1001,3158.231081
57.106096,1001,3162.060565
35.774409,1001,3166.091199
27.030753,1001,3170.806098
14.330731,1001,3174.540117
55.860042,1001,3178.41366
55.814033,1001,3182.147454
26.050375,1001,3186.663053
15.017299,1001,3190.395728
17.242813,1001,3194.221274
11.616223,1001,3197.936337
36.88414,1001,3202.463273
33.051955,1001,3206.175972
14.668238,1001,3209.996365
49.974281,1001,3213.680751
14.895629,1001,3217.421782
16.032118,1001,3221.960865
13.538827,1001,3225.740827
33.265025,1001,3229.500587
31.751996,1001,3233.200549
15.477624,1001,3237.726682
15.661647,1001,3241.44243
16.264305,1001,3245.232596
13.603535,1001,3248.942506
15.555058,1001,3253.473201
24.951202,1001,3257.144211
13.703326,1001,3260.958134
15.246857,1001,3264.750905
28.90169,1001,3269.361377
14.533179,1001,3273.051293
26.918863,1001,3276.905089
22.132642,1001,3280.69793
14.129869,1001,3285.297855
14.306762,1001,3288.961957
13.533154,1001,3292.778201
25.241526,1001,3296.482148
32.076818,1001,3301.039266
53.462987,1001,3304.737191
10.069906,1001,3308.587568
12.087655,1001,3312.283458
32.119096,1001,3316.772097
24.641214,1001,3320.471737
9.605149,1001,3324.277208
21.554768,1001,3327.961571
13.916153,1001,3332.453041
12.464408,1001,3336.139083
20.667617,1001,3340.002282
15.30432,1001,3343.726503
34.120919,1001,3348.271031
15.406317,1001,3352.058857
29.578938,1001,3355.836069
52.08048,1001,3359.572375
13.912993,1001,3364.053205
12.601795,1001,3367.740332
15.301118,1001,3371.451963
27.566011,1001,3375.27105
14.029288,1001,3379.946062
18.913789,1001,3383.686559
32.169654,1001,3387.484085
40.007516,1001,3391.320149
52.150323,1001,3395.070317
32.922756,1001,3399.594134
38.761784,1001,3403.288735
29.452133,1001,3407.080961
44.007799,1001,3410.782913
13.900902,1001,3415.303522
43.55305,1001,3419.003345
32.235711,1001,3422.780811
19.537047,1001,3426.462714
14.949725,1001,3430.95424
14.43086,1001,3434.65258
12.374649,1001,3438.441628
15.257381,1001,3442.119548
20.628895,1001,3446.641136
14.657428,1001,3450.345529
26.068214,1001,3454.16918
15.196773,1001,3457.850392
27.251947,1001,3462.356415
34.161407,1001,3466.043018
15.811031,1001,3469.826458
10.462001,1001,3473.504299
12.437126,1001,3478.033678
33.981501,1001,3481.701584
17.771448,1001,3485.423105
15.712143,1001,3489.160005
13.477058,1001,3493.631869
24.76218,1001,3497.30854
14.573878,1001,3500.96891
49.743501,1001,3504.86194
15.719979,1001,3509.391119
34.50405,1001,3513.123161
14.181528,1001,3516.822604
15.199163,1001,3520.611385
32.605889,1001,3525.125395
15.798136,1001,3528.836373
32.217877,1001,3532.524935
16.718769,1001,3536.344646
15.599725,1001,3540.831238
38.837655,1001,3544.537494
14.567783,1001,3548.214749
44.023046,1001,3552.116501
17.139596,1001,3556.650372
28.038008,1001,3560.359212
12.637604,1001,3564.066083
14.6762,1001,3567.8626
14.063436,1001,3571.560898
17.016412,1001,3576.107841
10.838928,1001,3579.810835
45.315664,1001,3583.591262
17.7313,1001,3587.289917
16.116279,1001,3591.760488
22.237883,1001,3595.432668
14.156559,1001,3599.145118
36.714779,1001,3602.908455
32.760465,1001,3607.402491
14.917447,1001,3611.105461
15.879705,1001,3614.790078
57.669468,1001,3618.598588
17.739868,1001,3623.267147
36.706168,1001,3627.032209
14.975447,1001,3630.755284
17.659541,1001,3634.554786
14.745261,1001,3639.068277
37.073424,1001,3642.764011
34.436571,1001,3646.4534
33.560937,1001,3650.328173
40.175819,1001,3654.840907
14.88033,1001,3658.528584
17.043823,1001,3662.214986
36.46352,1001,3665.996529
15.493078,1001,3670.516901
34.375261,1001,3674.257265
14.929234,1001,3678.003407
15.524036,1001,3681.822101
15.860851,1001,3686.452085
65.626219,1001,3690.133568
29.97719,1001,3693.856435
47.984362,1001,3697.656857
29.242949,1001,3702.123552
36.037898,1001,3705.811861
32.661234,1001,3709.500067
14.888319,1001,3713.297858
16.686793,1001,3717.863503
17.119879,1001,3721.547429
40.553399,1001,3725.240934
31.944493,1001,3729.026166
17.041966,1001,3732.77306
52.045038,1001,3737.373357
35.006751,1001,3741.066876
15.806336,1001,3744.848782
29.862224,1001,3748.657772
28.992724,1001,3753.19583
15.468194,1001,3756.879264
36.709174,1001,3760.589549
33.387788,1001,3764.4151
15.759801,1001,3768.935965
29.250252,1001,3772.62821
28.997893,1001,3776.301991
18.004026,1001,3780.105352
15.671807,1001,3784.618914
30.205961,1001,3788.338367
69.817028,1001,3792.00918
29.222442,1001,3795.820613
15.3094,1001,3800.327408
43.673326,1001,3804.040433
37.742798,1001,3807.735361
60.528721,1001,3811.548378
13.730598,1001,3816.098947
35.369428,1001,3819.771194
15.42833,1001,3823.455653
18.130226,1001,3827.293934
36.43702,1001,3831.818283
16.614636,1001,3835.535056
15.397024,1001,3839.22293
17.948205,1001,3843.01006
38.914558,1001,3847.550598
30.85807,1001,3851.269093
17.683425,1001,3854.949331
38.320062,1001,3858.733113
28.577893,1001,3863.384942
15.664064,1001,3867.133876
16.70186,1001,3870.846163
15.377126,1001,3874.57449
36.997631,1001,3879.230675
15.451329,1001,3882.944481
16.829291,1001,3886.642196
14.541902,1001,3890.31725
12.95738,1001,3894.940215
15.173617,1001,3898.662721
22.505497,1001,3902.382974
55.608642,1001,3906.096125
15.709832,1001,3909.874793
16.882656,1001,3914.328414
16.633441,1001,3918.012058
15.999428,1001,3921.725753
14.820753,1001,3925.533553
56.630801,1001,3930.066736
18.046135,1001,3933.756265
33.907713,1001,3937.490259
31.173318,1001,3941.277683
14.005275,1001,3945.83989
15.623053,1001,3949.531824
35.390542,1001,3953.253715
39.096785,1001,3957.074877
15.089969,1001,3961.603588
12.162058,221,3962.574149
16.49297,1001,3966.251439
17.53673,1001,3970.032651
38.695596,1001,3973.850613
36.236864,1001,3978.354773
36.411831,1001,3982.127736
18.478098,1001,3985.843648
14.751887,1001,3989.679872
45.284979,1001,3994.238731
18.636133,1001,3997.990309
36.799145,1001,4001.723239
15.241311,1001,4005.487896
29.121387,1001,4010.060517
15.506289,1001,4013.775448
32.450618,1001,4017.48185
37.086708,1001,4021.187941
18.0532,1001,4025.81149
45.784453,1001,4029.519347
36.221637,1001,4033.211323
32.437794,1001,4037.08565
21.961931,1001,4041.974121
17.342095,1001,4045.917184
15.804208,1001,4049.670456
61.182205,1001,4053.425242
38.557103,1001,4057.996487
40.349389,1001,4061.693372
33.746974,1001,4065.404379
17.568733,1001,4069.192463
36.558939,1001,4073.875486
32.594953,1001,4077.564217
64.312955,1001,4081.250302
33.553568,1001,4084.938468
59.580446,1001,4089.541187
18.684941,1001,4093.215025
35.371721,1001,4096.892063
58.246459,1001,4100.596544
20.306593,1001,4105.293951
17.612067,1001,4109.010362
64.029029,1001,4112.690119
17.132555,1001,4116.379484
18.358342,1001,4121.005448
18.497565,1001,4124.698976
43.742065,1001,4128.374293
17.911722,1001,4132.060734
16.185153,1001,4135.745466
19.548654,1001,4140.454023
19.751311,1001,4144.411951
37.841705,1001,4148.691204
17.857512,1001,4152.950125
