#{"t_start": 1704611177.356549, "env_id": "None"}
r,l,t
0.0,21,0.490038
0.0,21,0.779827
0.487638,352,2.228186
0.0,84,2.741289
0.0,21,3.04252
0.012868,71,3.508813
0.0,18,3.808136
0.092504,111,4.502954
0.0,19,4.825631
0.101127,132,5.505838
0.0,20,5.781436
0.013852,93,6.293785
0.620785,405,8.056848
0.0,21,8.338887
0.0,20,8.608627
0.0,21,8.885287
0.0,22,9.160516
0.0,23,9.438716
0.196485,330,10.75044
0.0,22,11.041703
0.0,19,11.310224
0.0,17,11.567955
0.0,21,11.837377
0.0,63,12.248382
0.0,19,12.529349
0.0,21,12.809334
0.0,19,13.081959
0.0,20,13.367663
0.0,21,13.696408
0.0,19,14.013654
0.0,25,14.345278
0.0,22,14.648628
0.0,21,14.92743
0.021988,25,15.222577
0.0,21,15.49307
0.0,22,15.774742
0.0,22,16.052995
0.0,20,16.327825
0.0,22,16.603974
0.0,21,16.878846
0.0,20,17.158488
0.0,20,17.424827
0.0,22,17.698035
0.0,24,17.979573
0.0,19,18.256294
0.0,19,18.548181
0.0,20,18.822118
0.001216,65,19.26006
0.0,21,19.551982
0.0,22,19.841185
0.0,23,20.133515
0.0,22,20.413608
0.0,19,20.704728
0.0,20,21.016513
0.0,18,21.314058
0.0,19,21.610984
0.389856,111,22.262132
0.0,21,22.5375
0.0,20,22.802771
0.0,20,23.098381
0.0,20,23.377236
0.0,20,23.661976
0.0,22,23.968175
0.0,22,24.278933
0.0,21,24.601739
0.0,19,24.963967
0.0,25,25.313913
0.0,21,25.656203
0.0,676,28.226833
0.0,20,28.50506
0.085122,152,29.210428
0.0,114,29.805594
0.0,76,30.272111
0.0,20,30.545026
0.007339,80,31.769093
0.0,20,32.037066
0.0,173,32.823276
0.0,18,33.090582
0.203492,214,34.020385
0.0,19,34.294907
0.0,21,34.578974
0.0,22,34.87824
0.0,19,35.149691
0.0,336,36.473978
0.013731,106,37.028309
0.0,18,37.287485
0.0,23,37.564495
0.0,19,37.828611
0.0,19,38.098926
0.0,24,38.380977
0.0,271,39.477894
0.0,19,39.740478
0.0,21,40.009598
0.011682,22,40.289711
0.0,88,40.789502
0.0,20,41.076752
0.0,20,41.355471
0.0,22,41.633838
0.0,18,41.896617
0.0,20,42.166143
0.0,20,42.451737
0.0,19,42.715499
0.0,19,42.981016
0.0,20,43.257928
0.0,19,43.523256
0.005167,27,43.816143
0.0,20,44.081358
0.0,20,44.348834
0.0,20,44.621847
0.0,128,45.268457
0.0,20,45.549129
0.0,22,45.839362
0.370451,308,47.061499
0.0,453,48.754571
0.019742,125,49.371829
0.0,19,49.635511
0.0,26,49.923241
0.0,23,50.204093
0.0,20,50.471379
0.0,20,50.743419
0.0,23,51.024248
0.0,21,51.300724
0.0,19,51.571581
0.0,23,51.856959
0.0,22,52.134801
0.0,18,52.401512
0.0,18,52.6675
0.0,18,52.930406
0.0,18,53.19582
0.0,19,53.474723
0.0,22,53.750882
0.0,79,54.215239
0.0,19,54.479007
0.0,78,54.94097
0.073991,202,55.808677
0.0,21,56.07789
0.0,23,56.357701
0.0,22,56.632479
0.0,23,56.917005
0.0,23,57.195322
0.0,188,58.027365
0.0,24,58.311754
0.0,22,58.590968
0.0,19,58.862526
0.121652,232,60.507496
0.0,19,60.771391
0.041933,149,61.474478
0.0,24,61.753706
0.0,18,62.013372
0.0,112,62.583428
0.082381,211,63.487404
0.0,18,63.756032
0.0,126,64.375947
0.0,20,64.643927
0.0,19,64.909867
0.0,21,65.186819
0.0,19,65.462632
0.0,23,65.749263
0.0,426,67.3627
0.0,20,67.635725
0.0,18,67.904715
0.0,21,68.174871
0.0,24,68.455662
0.0,25,68.741386
0.0,22,69.01499
0.0,19,69.287338
0.0,21,69.565377
0.024949,97,70.09178
0.898172,276,71.199492
0.0,19,71.469822
0.042313,329,72.763169
0.0,21,73.033179
0.097439,302,74.230877
0.0,20,74.501979
0.0,20,74.774452
0.0,22,75.047681
0.0,18,75.314093
0.0,20,75.581721
0.0,22,75.854147
0.0,20,76.119246
0.521082,657,78.508669
0.0,22,78.785479
0.0,22,79.063787
0.0,23,79.340012
0.0,20,79.614617
0.0,18,79.882994
0.0,23,80.163525
0.0,19,80.436692
0.014896,24,80.728305
0.0,25,81.065074
0.0,20,81.377492
0.0,21,81.692577
0.0,22,81.987487
0.0,23,82.278797
0.19661,113,82.852884
0.0,19,83.122942
0.0,21,83.396684
0.0,19,83.665882
0.0,22,83.939745
0.0,19,84.207431
0.0,19,84.493417
0.0,80,84.963967
0.0,21,85.239704
0.0,20,85.509188
0.0,21,85.780463
0.027835,25,86.064847
0.0,21,86.337059
0.0,20,86.608463
0.040024,71,87.0487
0.018295,158,88.623035
0.0,19,88.913366
0.0,21,89.203759
0.0,18,89.464001
0.0,20,89.735743
0.0,21,90.00384
0.245702,217,90.9122
0.059941,180,91.704868
0.462178,350,93.06889
0.0,20,93.33821
0.0,69,93.764339
0.044831,149,94.454269
0.0,19,94.738207
0.0,26,95.050642
0.0,18,95.359094
0.004133,25,95.665858
0.0,23,95.960144
0.0,20,96.227131
0.0,19,96.50166
0.320342,473,98.277157
0.0,18,98.546808
0.0,20,98.812405
0.0,20,99.093785
0.0,21,99.375652
0.103802,72,99.817209
0.250853,105,100.383297
0.044006,103,100.926751
0.0,19,101.196373
0.0,21,101.503721
0.0,24,101.83937
0.0,19,102.14829
0.0,21,102.492894
0.0,20,102.772253
0.0,23,103.055444
0.0,18,103.316413
0.0,23,103.611204
0.0,22,103.892787
0.0,19,104.159713
0.0,24,104.449361
0.0,29,104.746557
0.0,23,105.044083
0.0,21,105.32087
0.0,22,105.610732
0.0,25,105.895431
0.0,20,106.162476
0.0,20,106.426354
0.25401,125,107.047134
0.0,20,107.327313
0.0,19,107.592306
0.0,111,108.16311
0.0,20,108.439799
0.0,21,108.713315
0.0,106,109.283287
0.0,18,109.556709
0.0,19,109.825542
0.031876,162,110.582284
0.0,20,110.864144
0.044455,82,111.372188
0.0,23,111.668348
0.0,20,111.954463
0.0,64,112.374617
0.0,120,112.984749
0.0,18,113.260276
0.0,25,113.56948
0.0,19,113.85409
0.0,24,114.147917
0.0,21,114.435375
0.0,25,114.721666
0.0,21,115.002298
0.0,23,115.282317
0.0,20,115.565839
0.0,18,115.841317
0.0,20,116.142997
0.0,23,116.442697
0.177776,133,117.091622
0.105589,231,118.774548
0.0,23,119.062728
0.0,17,119.339576
0.01948,524,121.303648
0.0,19,121.56597
0.671035,269,122.681376
0.0,19,122.947519
0.0,283,124.104489
0.0,21,124.432953
0.029679,132,125.166143
0.04472,114,125.907241
0.117758,266,126.999771
0.0,22,127.290188
0.0,22,127.566963
0.0,24,127.846678
0.0,20,128.124044
0.0,19,128.386826
0.0,20,128.66239
0.0,64,129.077993
0.115015,79,129.548342
0.0,19,129.809247
0.0,22,130.083799
0.0,21,130.361261
0.0,19,130.637249
0.0,83,131.124297
0.0,22,131.432229
0.0,21,131.742491
0.0,19,132.037752
0.0,19,132.32564
0.030637,170,133.113661
0.286849,517,135.025467
0.0,18,135.287605
0.0,20,135.553867
0.001813,157,136.304036
0.018971,757,139.475622
0.0,22,139.786397
0.019074,251,141.65649
0.149337,251,142.877639
0.0,20,143.158091
0.0,24,143.441417
0.0,149,144.148268
0.245487,267,145.248327
0.945307,281,146.504911
0.0,18,146.765136
0.0,19,147.02804
0.0,20,147.295722
0.0,21,147.568994
0.0,19,147.835466
0.0,20,148.118982
0.0,22,148.394024
0.0,20,148.677165
0.0,25,148.996703
0.0,22,149.308521
0.0,22,149.608526
0.060762,182,150.429845
0.0,18,150.691277
0.0,590,152.850745
0.159184,226,153.804142
0.0,20,154.077732
0.0,20,154.351909
0.0,20,154.627488
0.0,22,154.910784
0.0,20,155.187321
0.0,22,155.467528
0.0,21,155.750037
0.0,18,156.021797
0.0,20,156.294891
0.0,23,156.571212
0.0,516,158.473718
0.0,19,158.739951
0.000789,319,159.996456
0.0,21,160.266422
0.0,23,160.55546
0.86153,278,161.690974
0.000402,471,164.144998
0.015548,28,164.442653
0.0,81,164.914754
0.161903,185,165.748165
0.346655,414,167.320751
0.0,120,167.918026
0.057757,202,168.79683
0.0,353,170.182326
0.0,24,170.485503
0.0,18,170.755589
0.014979,376,172.215159
0.208838,476,174.010634
0.0,21,174.282919
0.0,23,174.558802
0.0,106,175.115033
0.0,102,175.670848
0.214436,153,176.382574
0.076143,941,179.689574
0.038352,366,181.101505
0.005244,69,182.199878
0.0,19,182.461488
0.609209,606,184.661619
0.0,26,184.95733
0.0,21,185.226997
0.0,135,185.885078
0.0,26,186.170198
0.117532,376,187.603865
0.0,19,187.8909
0.0,273,189.060701
0.0,110,189.64652
0.004668,19,189.938731
0.0,18,190.215018
0.0,22,190.496914
0.003947,27,190.787129
0.0,19,191.053264
0.061792,605,193.255131
0.020404,21,193.538783
0.024282,272,194.649909
0.212877,313,196.079402
0.0,23,196.396387
0.00484,118,197.027013
0.0,18,197.334635
0.317829,203,198.337978
0.0,520,200.267908
0.0,21,200.537641
0.0,29,200.841346
0.0,19,201.117617
0.0,21,201.400672
0.034305,616,204.344773
0.0,27,204.639927
0.0,19,204.912608
0.0,20,205.190052
0.0,217,206.112831
0.0,23,206.389915
0.06407,74,206.843382
0.131406,833,209.852559
0.0,20,210.124052
0.035021,279,211.329349
0.0,172,212.160905
0.0,19,212.451156
0.0,495,214.306852
0.0,23,214.594123
0.0,20,214.869177
0.0,24,215.161801
0.0,61,215.571562
0.026153,265,216.656457
0.0,21,216.936723
0.0,18,217.215315
0.0,22,217.514578
0.0,22,217.824204
0.0,19,218.133066
0.0,22,218.488676
0.026027,162,219.315971
1.230555,217,220.245823
0.0,19,220.524518
0.0,20,220.801468
0.0,23,221.088936
0.0,25,221.399068
0.735799,688,224.621482
0.0,380,226.307869
0.0,64,226.774624
0.0,24,227.071568
0.0,24,227.364876
0.0,22,227.710799
0.0,19,228.073286
0.199533,510,230.217446
0.0,1001,233.831955
0.047528,356,235.924764
0.097883,305,237.614915
1.154471,235,239.1845
0.295558,104,239.885612
0.0,22,240.213304
0.0,21,240.526447
0.0,19,240.834836
0.069306,485,242.980659
0.0,21,243.383347
0.0,23,243.757026
0.142464,136,244.546272
1.376021,971,249.845865
0.159198,186,250.945345
0.0,66,251.475577
0.399382,821,254.855381
1.41593,350,256.264576
0.0,24,256.54404
0.0,22,256.821501
0.0,195,257.728497
0.01795,589,259.977499
0.0,71,260.448419
0.052702,107,261.023156
0.072868,591,263.272415
0.081118,588,266.160673
1.820186,466,267.903563
0.0,18,268.175854
0.0,23,268.455473
0.028544,84,268.937431
0.0,905,272.142811
0.0,19,272.407938
0.0,21,272.676112
0.40215,164,273.419516
0.172325,73,273.876067
0.0,545,275.905992
0.120414,150,276.605847
0.872345,514,278.516403
0.0,19,278.785129
0.0,24,279.076843
0.0,22,279.355845
0.0,19,279.62753
0.082594,177,280.430166
0.840351,447,282.847846
0.200998,217,283.771263
1.019813,430,285.399265
0.0,23,285.688618
1.147639,409,287.262225
0.033347,292,288.425034
0.0,21,288.700729
0.132587,362,290.12272
0.0,23,290.409043
0.002421,74,290.85755
0.010708,22,291.148578
0.123877,389,292.69747
0.11622,609,294.963527
0.0,183,295.80093
0.340739,687,298.306126
0.0,21,298.585348
0.050944,523,301.246052
0.0,21,301.531118
0.015149,342,303.063248
0.152422,536,305.072164
0.043587,103,305.644424
0.0,21,305.933157
0.0,65,306.366336
0.0,509,308.451546
0.166058,651,310.864131
0.468565,83,311.362394
0.39929,512,313.311009
1.184807,689,316.013291
0.484359,922,320.123269
0.013686,210,321.039969
1.052825,626,323.43932
0.248614,164,324.366721
0.040913,163,325.196408
0.596946,388,326.796891
0.297883,231,327.852527
0.504831,295,329.099077
0.772012,212,330.045413
0.127103,216,331.002357
0.0,21,331.285588
1.02126,667,333.739541
0.0,137,334.436603
0.0,86,334.979375
0.415986,584,337.987242
0.0,23,338.326452
0.0,19,338.63842
0.000289,103,339.222115
0.203077,460,340.975897
1.060582,487,342.824713
0.523562,550,344.865639
0.045849,104,345.414959
0.851864,564,347.506028
0.022608,117,348.097658
0.229268,307,349.324479
0.220916,992,353.616464
0.079084,448,355.305259
0.0,21,355.587535
0.449225,116,356.16957
0.782674,969,359.596243
0.0,23,359.87372
0.253317,162,360.635124
0.093793,466,362.373925
0.0,28,362.677982
0.850932,147,363.370833
0.289488,344,364.714541
0.371752,678,367.164326
0.0,24,367.448476
0.405665,154,368.150312
0.00112,212,369.062229
0.355268,586,371.877875
0.0,20,372.146643
0.003393,93,372.668904
0.0,23,372.95507
0.017803,516,374.868333
1.187035,722,377.49112
0.0,303,378.70303
0.306015,751,381.478432
1.515032,1001,385.150453
0.101369,427,387.566527
0.748906,601,389.763246
0.08798,253,390.813116
0.0,1001,394.51167
0.038713,523,396.478635
0.129559,467,398.248034
0.103104,77,398.710727
0.230506,248,399.735261
0.502099,180,400.535843
0.063769,391,402.153663
1.87911,414,404.431539
1.299397,394,405.95359
0.288118,188,406.78018
2.297486,934,410.259524
0.152472,290,411.425826
0.057771,106,411.979824
0.0,571,414.115008
0.295697,1001,417.636269
2.76778,292,418.807064
0.093442,519,421.436078
0.151847,272,422.545113
0.18973,69,422.97191
0.167811,182,423.771404
0.004113,465,425.524916
0.0,23,425.809184
1.895653,284,426.951215
0.0,633,429.245609
0.052563,555,431.286218
0.098898,77,431.741441
0.0,240,432.754197
0.152263,165,433.507942
0.161534,371,434.941087
0.1363,228,435.905812
0.057094,219,437.553414
0.268401,707,440.102196
0.038671,455,441.819495
0.674238,828,444.756792
0.303792,441,446.419929
0.022527,241,447.424906
0.320415,121,448.021672
0.0,635,450.325675
0.010505,235,451.316871
0.228008,99,451.846472
0.128039,691,455.216437
0.033493,740,457.892977
0.57872,563,459.974481
0.025176,403,461.637215
0.26212,292,462.853932
1.87312,709,465.491971
0.251754,246,466.624028
0.771785,212,467.540672
0.194015,418,469.141615
0.052664,205,470.831027
0.0,540,472.879094
1.024751,467,474.715105
0.026813,96,475.234752
0.053167,729,477.849948
0.184393,280,478.979699
1.437424,480,480.777816
0.171248,1001,484.30752
0.03074,295,485.482101
0.0,20,485.752902
0.13367,156,487.224279
0.24593,499,489.081967
0.379155,838,492.100707
0.068062,174,492.885056
0.034443,146,493.577532
0.376705,423,495.182758
0.641448,155,495.899926
0.083184,455,497.601876
0.276263,65,498.01425
0.080757,503,499.887029
0.180447,833,503.53742
0.224648,206,504.433849
1.17913,251,505.470668
0.61426,423,507.091629
1.35183,637,509.43608
0.250472,422,511.050641
1.60936,486,512.868771
0.762674,174,513.648118
1.079388,454,515.370347
0.013131,180,516.175818
0.004194,213,517.082132
0.3784,836,520.944178
0.108362,143,521.620602
0.043117,159,522.356846
0.458838,105,522.904046
0.0,23,523.188558
0.608488,154,523.909966
0.0,1001,527.444882
0.242602,821,530.389085
4.570048,485,532.200397
0.315729,803,535.076639
0.0,180,536.589581
1.353278,855,539.664418
0.04578,105,540.232153
0.047381,819,543.174481
2.620878,501,545.044398
0.489279,1001,548.6046
0.022192,850,552.327496
0.00385,828,555.310416
0.015671,663,557.727642
2.038679,987,561.24227
0.089085,283,562.387894
1.399626,848,565.42844
0.0,190,566.274582
0.132943,155,566.992963
2.422788,222,568.754856
1.995043,705,571.318793
0.057491,867,574.455642
0.281823,768,577.218642
0.545376,1001,580.767099
2.188053,204,581.750416
3.323623,1001,586.15239
0.239391,373,587.592698
1.427484,332,588.891846
0.002946,267,589.979073
1.910148,1001,593.540725
0.360802,1001,597.096637
3.123828,962,601.157038
5.2211,957,604.533527
0.0,22,604.810075
7.429207,627,607.080127
0.806356,399,608.603228
0.219805,313,609.838376
0.0,899,613.03598
0.264385,846,616.841037
0.60406,512,618.79657
0.059391,955,622.199919
0.254903,434,623.84725
0.027005,885,627.008949
0.560282,175,627.799019
0.059522,890,631.801185
2.721909,268,632.897797
3.983166,644,635.243344
5.023306,947,638.604011
0.133497,485,640.429028
0.482033,827,643.406195
5.007994,592,645.578257
0.697515,886,649.562374
0.756279,149,650.261625
6.337812,1001,653.788178
0.095341,819,656.712114
0.080824,585,658.845503
0.530373,123,659.466859
1.7875,667,661.883632
0.289023,1001,666.247411
0.00689,909,669.456285
1.719599,981,672.906958
0.0,800,675.773647
0.210999,900,679.769855
0.0,977,683.2367
0.53447,886,686.40672
0.0,920,689.699295
0.484002,190,690.554497
0.03823,376,692.015917
0.000784,763,695.447747
0.066634,826,698.40641
2.118579,792,701.416876
0.023519,841,704.615778
0.028696,812,707.623518
0.26132,195,708.490791
0.052236,793,712.16087
0.060868,359,713.706525
2.010536,889,716.882102
0.6644,950,720.232117
0.070862,978,723.806454
0.010612,778,727.411144
0.241695,714,730.10568
0.121529,669,732.543424
0.148093,705,735.0728
2.532999,831,738.080467
0.0,691,741.223302
0.0,953,744.598148
3.600483,896,747.775102
4.828921,883,750.909649
0.0,654,753.290012
6.96357,966,757.500615
3.703052,657,759.872325
2.490532,814,762.780129
3.760157,1001,766.291061
2.737008,763,769.015247
0.099779,558,771.068594
0.168845,1001,775.251995
0.006663,873,778.426601
3.203603,917,781.743617
2.160132,888,784.898939
0.086045,871,789.037238
1.600709,676,791.901988
0.064485,756,794.971544
0.0,1001,799.188794
0.325276,818,803.429379
4.470698,864,808.502574
1.770355,1001,813.452544
4.501016,642,816.850909
4.743945,1001,821.838222
0.254412,1001,826.485468
0.0,596,828.687656
0.732341,583,830.834731
1.83332,739,833.492652
3.951159,778,836.332396
9.303717,687,838.954556
0.023627,826,842.908427
0.115494,1001,846.624224
0.01627,829,849.64028
0.003367,598,851.819568
3.676144,908,855.044071
3.641917,258,856.109653
4.516269,809,859.643605
2.871596,809,862.543947
0.0,1001,866.059131
5.47895,748,868.767176
2.582075,798,871.730432
2.402708,838,875.552228
2.42496,1001,879.278255
0.18588,1001,882.8688
0.096361,929,886.429325
1.899821,614,888.735662
0.248507,836,892.588385
4.889475,828,895.73842
0.032672,576,898.057259
6.946555,594,900.247824
0.214303,1001,903.758716
8.350165,784,907.246254
2.257325,945,910.608672
7.477309,1001,914.142575
9.740901,683,916.601076
0.003333,1001,920.822317
3.791137,918,924.070017
0.053527,829,927.090674
7.124034,1001,930.627327
1.340672,968,934.176847
0.224383,1001,938.437528
1.041005,1001,941.956884
9.544912,735,944.612684
7.418227,1001,948.160161
0.17901,1001,952.532206
0.01487,701,955.074176
0.0,1001,958.783834
0.007008,399,960.383893
5.725669,751,963.184074
0.591825,1001,967.563735
0.156377,644,969.895732
3.801105,979,973.492617
0.36274,706,976.048524
1.302717,1001,979.569217
0.10519,1001,984.107411
0.384811,901,987.307852
0.175881,1001,990.83609
0.223133,890,993.985928
0.143981,942,997.311987
1.226466,1001,1001.554971
0.008869,873,1004.686328
6.479797,1001,1008.731179
4.924592,1001,1013.259682
0.273596,944,1018.521397
0.279485,434,1020.73063
0.213416,920,1024.677112
0.0,1001,1028.366126
0.166712,794,1031.227136
6.337809,1001,1035.559004
8.102405,830,1038.603948
0.084959,1001,1042.408486
0.0,897,1045.658724
1.42912,370,1047.212681
0.153524,863,1051.173731
0.0,793,1054.487519
0.131105,1001,1058.102698
0.526068,1001,1061.74021
0.062443,879,1065.843559
0.186672,899,1069.251357
4.070115,1001,1072.886648
3.212298,1001,1076.433084
3.457479,940,1079.804142
0.380134,1001,1084.183766
5.318071,980,1087.650212
0.113912,1001,1091.179286
0.611577,942,1094.493005
0.696659,1001,1098.825806
0.366174,1001,1102.374235
10.069655,722,1104.976877
9.123809,1001,1108.514797
0.0,852,1112.296291
2.873859,888,1115.445523
0.067493,1001,1118.980273
5.097337,274,1120.091265
0.161001,966,1123.507636
10.5287,787,1127.148967
8.797657,941,1130.658361
7.668399,1001,1134.207578
6.995917,1001,1137.899416
0.39978,1001,1141.448716
2.241319,1001,1146.24704
7.567675,963,1149.666342
3.794712,1001,1153.356915
0.139927,878,1156.670515
1.208569,345,1158.041419
0.311203,981,1162.431714
7.691287,914,1165.79843
0.0,846,1168.798378
0.073066,920,1172.058448
0.008016,974,1176.275606
0.0,866,1179.353224
0.057372,262,1180.433704
6.94863,829,1183.393272
6.37411,869,1186.507836
0.0,282,1187.657157
0.0,248,1188.675396
0.119001,820,1192.302602
6.147361,767,1195.078672
0.09916,984,1198.586407
0.474478,575,1200.727495
7.539549,955,1204.117563
0.003431,1001,1208.32158
7.850352,705,1210.873911
0.330947,925,1214.164941
1.734274,860,1217.447859
5.898388,868,1221.888898
9.335285,825,1224.876735
0.083755,925,1228.266128
0.282597,875,1231.407298
14.013028,992,1234.910896
0.059612,792,1238.58725
0.0,869,1241.710401
0.17767,835,1244.877821
18.312187,855,1247.9189
0.084832,213,1248.831964
0.023338,970,1252.259911
0.021401,1001,1256.506682
0.0292,696,1259.020641
6.722362,834,1262.000806
10.690933,701,1264.530175
0.0,946,1268.588342
11.527712,792,1271.428906
0.27997,1001,1274.995129
5.457589,881,1278.122607
0.001732,949,1281.624372
5.478413,726,1284.9862
0.014084,637,1287.310435
5.469897,883,1290.432546
0.260481,1001,1293.967213
0.0,906,1297.194417
9.591566,889,1301.172147
0.022845,968,1304.761116
1.448199,149,1305.454348
5.180089,755,1308.340662
16.410244,845,1311.355366
5.626372,929,1315.677472
10.771927,409,1317.243198
0.012377,1001,1320.784809
0.340354,706,1323.480132
0.638595,750,1326.334087
0.698689,1001,1329.928304
4.149865,744,1333.41186
5.429791,638,1335.744654
0.859641,1001,1339.271815
0.074073,893,1342.444091
4.852842,625,1344.729776
0.145591,1001,1349.091316
6.231757,961,1352.477201
5.275206,886,1355.628984
0.211646,727,1358.238641
6.051311,1001,1362.442373
0.031056,998,1365.952917
0.394924,912,1369.164366
12.726231,656,1371.545708
1.911511,938,1374.841351
6.146789,472,1377.483954
3.380399,1001,1381.036032
12.029248,564,1383.104993
0.076301,773,1385.883266
5.053182,603,1388.12686
0.0,938,1391.587678
0.008957,988,1396.400867
15.812623,841,1399.396709
3.264313,406,1400.938921
6.047522,1001,1404.458274
4.775166,446,1406.133145
0.390358,1001,1410.439139
4.614751,215,1411.356374
0.04772,1001,1414.883888
0.008369,927,1418.177899
5.593941,549,1420.205384
4.727806,955,1423.601001
0.262017,124,1425.08019
0.047416,306,1426.310814
12.367409,917,1429.587486
0.937311,919,1432.86822
3.544307,1001,1436.410916
0.0,1001,1440.679422
0.158642,1001,1446.751074
0.331197,1001,1450.300258
0.006072,927,1453.580091
0.014635,484,1455.418163
9.589208,1001,1459.657834
3.483353,1001,1463.19982
20.359311,1001,1466.757778
0.066462,1001,1470.290792
7.792436,886,1474.252777
0.345003,1001,1477.796177
6.908403,1001,1481.323469
4.597217,1001,1484.849172
0.18564,471,1486.619741
0.057239,535,1489.395313
2.409057,942,1492.743684
0.0,1001,1496.292282
0.035484,931,1499.619798
4.254755,1001,1503.202192
0.0,255,1505.025176
0.264868,1001,1508.567614
0.0,831,1511.682717
5.844299,1001,1515.218438
10.676594,847,1518.257259
0.048148,596,1521.255138
20.648086,1001,1524.792884
0.026102,1001,1528.303718
5.784956,1001,1531.851296
9.369697,734,1534.48096
6.529833,837,1538.153564
0.0,1001,1541.711754
0.173828,712,1544.287779
11.260641,395,1545.808897
0.0,758,1548.524763
0.0,784,1552.012569
0.277948,888,1555.177849
6.890061,905,1558.409018
0.0,662,1560.83906
13.019451,924,1564.100337
12.830183,1001,1568.453995
7.276589,800,1571.310854
0.011888,707,1573.853599
8.297964,930,1577.16162
11.2331,655,1579.556903
0.0,950,1583.690662
0.03716,1001,1587.225893
5.66124,1001,1590.768857
5.214261,1001,1594.365588
12.400501,993,1598.761779
0.026026,983,1602.236855
10.992484,1001,1605.777489
0.125649,1001,1609.317205
2.938101,1001,1613.562127
0.016973,1001,1617.163985
0.12173,968,1620.603147
0.062969,1001,1624.291841
2.614717,1001,1628.520081
0.0,1001,1632.157966
19.488077,1001,1635.716362
0.03741,1001,1639.47288
0.021046,1001,1644.123751
5.928937,1001,1647.690274
0.0,1001,1651.453348
5.780549,1001,1655.047867
0.027005,359,1656.594036
0.099721,1001,1660.853159
0.037156,1001,1664.50704
3.526314,1001,1668.253601
0.0,779,1671.065989
0.344691,1001,1675.391053
12.480094,1001,1678.916282
3.977406,1001,1682.475913
0.264052,1001,1686.008018
2.79841,654,1688.378412
7.925028,755,1691.855882
0.049282,1001,1695.389655
6.891903,1001,1698.912407
0.0,1001,1702.445654
13.026912,1001,1706.661987
0.370395,1001,1710.189745
0.121268,1001,1713.754118
8.711194,837,1716.771739
0.260216,1001,1721.001896
1.898927,118,1721.596948
0.128355,1001,1725.312916
0.012286,922,1728.764843
0.13043,770,1731.771293
5.078958,1001,1735.378477
0.167907,1001,1739.857316
0.0,1001,1743.534633
7.6717,1001,1747.084359
0.123298,1001,1750.779983
7.409288,1001,1755.12454
7.011886,886,1758.386283
0.325735,959,1761.892557
3.981585,1001,1765.410633
0.314735,589,1768.246002
0.001698,911,1771.473162
10.904031,646,1773.827756
0.0,1001,1777.345078
0.025515,951,1780.707627
0.142473,1001,1784.893421
0.11269,505,1786.776792
21.747082,879,1789.886102
6.176879,794,1792.726091
0.019777,953,1796.09269
9.038231,358,1797.482292
5.774289,1001,1801.705006
5.781088,936,1805.015554
22.254266,963,1808.440487
0.219111,1001,1811.983359
7.120306,1001,1816.248253
8.128879,1001,1819.808235
0.0,829,1822.756564
5.757505,967,1826.381919
7.850723,840,1830.301998
8.851675,1001,1833.921819
15.337422,849,1837.057959
8.827102,604,1839.346202
0.268825,1001,1842.922554
9.798064,882,1847.22842
1.723504,316,1848.548188
13.599604,1001,1852.265067
0.0,595,1854.449066
0.0,903,1857.696424
0.002919,848,1861.564629
27.403371,1001,1865.098473
0.220588,901,1868.299043
6.307645,928,1871.583672
16.640644,1001,1875.108006
13.472742,765,1878.675322
6.171317,963,1882.095849
8.140336,1001,1885.614321
0.0,1001,1889.161134
10.728159,1001,1893.503173
0.0,861,1896.584854
0.063654,923,1899.852723
0.0,632,1902.190115
9.671767,953,1905.565189
0.014342,1001,1910.021424
0.202318,1001,1913.683806
1.52051,1001,1917.208401
9.799793,720,1919.933132
0.0,899,1923.927891
5.398652,761,1926.707032
0.009509,1001,1930.438312
0.022515,1001,1934.004233
9.010944,307,1935.226303
10.462423,1001,1939.633832
6.1132,853,1942.703259
0.033002,1001,1946.252271
3.291912,1001,1949.768572
15.399568,1001,1953.289891
0.052183,1001,1957.694683
11.069456,792,1960.556813
6.242149,899,1963.76168
0.013287,1001,1967.52824
6.651726,1001,1971.833325
7.069838,721,1974.439984
5.72975,1001,1977.991078
0.0,980,1981.439484
12.817069,924,1985.52303
1.980302,1001,1989.200827
0.0,906,1992.435701
0.031085,287,1993.727946
0.006844,271,1994.832289
0.0,854,1997.888341
0.0145,1001,2002.196263
3.510154,763,2004.918154
6.374849,620,2007.172107
0.00625,843,2010.166497
7.049252,670,2012.599095
0.04513,761,2015.311391
6.275807,878,2019.115674
0.035818,933,2022.42761
0.045106,1001,2025.9682
13.898527,788,2028.792365
0.325335,997,2033.134875
9.063348,710,2035.696277
0.0,938,2039.011302
15.105985,698,2041.546542
10.698111,795,2044.41664
0.005938,917,2048.499224
4.146403,820,2051.42821
0.109985,603,2053.63111
0.028986,633,2055.933301
5.136444,826,2058.865008
0.0,780,2061.670717
0.001827,846,2065.534232
6.993575,774,2068.330913
6.320052,273,2069.451249
7.697315,766,2072.231459
0.0,529,2074.212213
0.079392,392,2075.747102
10.37505,663,2079.252269
14.384495,547,2081.283561
7.65414,692,2083.795458
0.615559,450,2085.489478
0.035937,735,2088.146101
0.0,354,2089.542357
0.021929,484,2091.382796
0.359759,766,2094.174577
4.882163,717,2097.747164
25.227244,770,2100.518173
7.364717,404,2102.061301
8.017279,527,2104.024938
3.737519,716,2106.62234
3.482021,862,2109.698567
12.097634,896,2113.73223
0.095737,430,2115.365075
7.268321,795,2118.233489
0.113793,922,2121.506511
0.044631,782,2124.301083
11.613071,658,2127.519211
6.937639,776,2130.301212
0.0,717,2132.898368
0.0,776,2135.683248
4.918314,722,2138.309211
7.693598,793,2141.157746
9.702292,849,2144.933506
5.706133,995,2148.447578
0.0,515,2150.369924
12.480709,803,2153.263822
0.001013,849,2156.386612
30.58351,789,2159.953618
0.031364,927,2163.245634
0.0,871,2166.35497
0.152205,862,2169.434547
4.753548,822,2173.143429
0.024552,722,2175.75146
0.035969,826,2178.715929
0.011427,254,2179.780976
0.008788,545,2181.833021
14.826399,438,2183.498495
0.002772,73,2183.953084
0.0,671,2186.403263
0.0,689,2189.709647
11.613397,815,2192.607419
18.661973,929,2196.080385
16.775206,961,2199.462865
14.761777,607,2201.685107
5.798285,786,2205.158924
0.146382,748,2207.843045
1.847787,108,2208.40016
3.526954,749,2211.112708
0.400955,784,2213.954529
0.106445,457,2215.67962
0.0,522,2217.631372
7.793031,829,2221.375828
26.48669,771,2224.175328
8.491543,623,2226.461595
4.207497,589,2228.631436
22.728057,737,2231.424647
0.195169,563,2233.502511
5.220324,884,2237.539047
4.684401,764,2240.296744
5.247748,561,2242.498606
0.051284,800,2245.357609
5.817067,941,2248.682871
4.635406,949,2252.980955
18.633242,813,2255.982351
31.75971,889,2259.162844
0.013838,199,2260.030925
0.033928,879,2263.17855
6.005881,341,2264.534111
3.821042,610,2266.769118
0.388506,819,2270.487017
0.0,1001,2274.021392
0.079618,903,2277.222577
0.18091,745,2279.960133
0.56249,890,2283.930411
0.042959,963,2287.4082
0.196714,784,2290.2085
10.271927,752,2292.917447
7.132831,469,2294.684186
0.0,841,2297.700018
0.033509,901,2301.679532
4.278703,968,2305.115631
0.073165,177,2305.91932
8.451613,783,2308.909066
0.005894,943,2312.403473
3.367789,418,2314.025216
11.610531,897,2318.154594
17.598094,999,2321.740482
0.082702,750,2324.632885
0.616188,869,2327.734531
10.42673,411,2329.356809
0.013446,935,2333.61435
0.088335,838,2336.806173
9.73219,674,2339.27212
4.151091,959,2342.840745
9.720238,1001,2347.172943
12.908659,954,2350.730973
0.019664,703,2353.292647
2.610069,890,2356.45391
0.337177,953,2359.837874
0.246826,819,2363.556777
3.674786,808,2366.464141
0.089305,874,2369.600972
10.589754,881,2372.741003
7.51511,861,2375.811357
0.0,670,2379.065706
0.007202,920,2382.326145
0.264561,916,2385.605635
5.715209,1001,2389.142453
0.124241,762,2391.887404
0.0,796,2395.51501
13.021768,791,2398.360195
0.045537,604,2400.584256
19.369769,823,2403.702829
10.00343,872,2406.822306
0.0505,324,2408.111778
0.039049,956,2412.430116
0.386029,961,2415.863314
0.138354,1001,2419.449648
9.765478,826,2422.427529
0.198258,766,2426.247573
5.982706,578,2428.371033
0.0,914,2431.617338
7.716849,951,2434.955065
11.593796,590,2437.11506
9.382106,776,2440.656932
0.0,911,2443.88188
10.972302,700,2446.401932
0.088226,822,2449.350373
6.306595,436,2451.000663
6.240644,786,2453.836503
4.051904,762,2457.329177
0.368124,750,2460.030655
0.083142,877,2463.164243
0.015506,847,2466.18487
0.583175,908,2469.412021
6.256597,837,2473.071257
0.120797,791,2475.930247
0.24867,221,2476.879799
0.022355,779,2479.684254
0.0,935,2483.023949
0.017691,905,2487.161439
0.0,1001,2490.716088
0.012056,704,2493.287943
0.0,569,2495.406073
0.267646,1001,2498.934479
32.061691,1001,2503.206174
9.956323,773,2505.992293
0.078411,1001,2509.539444
10.655894,881,2512.697856
9.809315,853,2515.762859
0.613613,55,2516.160421
0.0,1001,2520.48419
0.332102,881,2523.63148
0.044372,789,2526.43673
12.226553,887,2529.614078
0.0,709,2532.241713
0.300803,761,2535.764441
9.261846,974,2539.368787
0.0,728,2541.990912
0.532299,809,2544.859009
0.156031,788,2547.674139
0.015776,991,2551.95615
10.760154,547,2553.97999
0.0,845,2557.00078
0.158035,864,2560.073054
0.152703,832,2563.040448
0.269679,460,2565.530754
0.0,756,2568.223821
0.001011,885,2571.352465
0.157187,361,2572.753789
0.205804,1001,2576.286082
0.019619,1001,2580.563407
6.732221,753,2583.263567
5.200077,437,2584.933072
7.799064,788,2587.76395
5.534323,929,2591.029165
15.46077,681,2593.499331
4.270125,1001,2597.824452
10.502562,1001,2601.416112
7.321429,839,2604.467688
0.237419,1001,2608.032715
4.245743,992,2612.367659
0.561809,365,2613.802539
0.0,216,2614.732936
0.0,287,2615.910504
9.207622,924,2619.225237
14.968755,775,2622.088517
0.0,806,2625.013637
1.952173,782,2628.579813
5.573415,972,2632.078205
0.41686,923,2635.615871
0.0,88,2636.12734
0.194523,890,2639.37382
0.00208,1001,2643.968404
0.0,552,2646.009274
10.567831,592,2648.32067
22.794276,1001,2651.92525
0.0,548,2654.185494
19.70322,840,2657.386663
18.127095,768,2661.191701
0.37168,928,2664.49615
0.109556,1001,2668.064815
20.568503,784,2670.898919
10.612796,832,2673.857497
0.010556,1001,2678.089328
0.064004,1001,2681.60379
14.673544,985,2685.100407
0.023232,1001,2688.620615
6.678694,1001,2692.824772
0.005131,1001,2696.347836
21.56908,1001,2699.890849
4.492362,1001,2703.469092
8.804148,788,2707.120545
0.0,1001,2710.653145
0.024078,846,2713.677384
0.495235,860,2716.735014
0.203162,902,2720.053696
0.304074,854,2723.93229
0.050838,676,2726.561851
0.0,1001,2730.122457
6.878609,503,2732.102852
0.077766,731,2734.790849
0.228596,875,2738.5937
13.545095,1001,2742.295182
10.45781,459,2744.140867
0.160428,795,2747.016124
0.350718,665,2749.431569
5.96897,524,2751.390097
0.0,852,2755.207327
0.0,728,2757.838238
9.278586,589,2760.02749
18.022185,501,2761.910275
0.34142,1001,2765.429404
0.0,636,2768.41958
0.279888,458,2770.177516
0.00778,1001,2773.854686
0.224065,162,2774.614193
0.161563,355,2775.996785
3.015256,1001,2779.544803
10.095819,908,2782.810617
0.01941,865,2786.623171
4.284111,213,2787.545526
0.0,388,2789.076057
4.123028,628,2791.370481
0.060355,470,2793.158662
0.074832,805,2796.04626
4.428757,817,2798.990968
0.0,728,2802.353622
0.004424,737,2805.17786
7.143658,815,2808.091271
8.127634,472,2810.024696
0.019477,437,2811.681237
5.317832,431,2813.314533
8.692081,326,2814.623944
11.889527,804,2818.547573
0.0,879,2821.72204
0.0,220,2822.663886
7.160532,988,2826.313206
0.0,271,2827.410633
0.0,820,2830.535841
17.99359,1001,2834.79293
8.51012,694,2837.305859
13.308733,783,2840.089711
5.117901,747,2842.761754
0.0,821,2845.678825
0.01903,864,2849.485336
3.424242,864,2852.550335
0.021557,702,2855.086245
0.006107,478,2856.887649
0.223099,1001,2860.477539
10.330316,945,2864.604388
0.50574,849,2867.641915
8.01127,1001,2871.175601
0.271954,663,2873.586015
0.506013,856,2876.672623
15.305199,669,2879.940023
15.487071,834,2882.954484
14.626304,773,2885.909146
5.033839,885,2889.048947
2.772385,904,2892.455013
0.0,904,2896.644525
0.120558,311,2897.895668
0.007661,864,2900.989491
0.04234,786,2903.955858
18.414977,827,2906.938425
0.13998,685,2909.442679
0.03642,328,2912.028589
15.769476,891,2915.321145
25.941335,945,2918.714087
6.471781,627,2920.992819
14.851832,762,2923.736519
0.131799,389,2925.2431
0.070853,90,2925.74759
22.597995,1001,2930.007794
3.773256,746,2932.710949
0.0,729,2935.335371
7.034557,749,2938.038403
10.95064,603,2940.247489
9.841966,647,2943.430324
3.972824,1001,2946.952125
0.025381,587,2949.107842
7.62895,1001,2952.658967
8.642032,689,2955.159088
4.465396,752,2958.614719
0.048479,786,2961.447784
9.810892,785,2964.281739
0.134731,704,2966.838377
14.109772,764,2969.607628
12.318283,479,2971.413621
0.080159,802,2975.225775
0.098335,706,2977.897847
26.586458,832,2980.888566
18.588473,856,2984.008297
0.171909,735,2986.781264
0.028178,950,2990.868841
0.0,949,2994.374449
0.409545,705,2996.945605
8.421372,931,3000.401776
13.994884,1001,3003.959892
3.72573,735,3007.372013
11.751389,825,3010.333533
6.646835,312,3011.602561
5.832285,823,3014.546335
0.0,930,3017.831579
0.14327,878,3021.768313
18.713452,914,3025.022596
2.222135,876,3028.14731
0.009328,732,3030.800925
0.477522,842,3033.792583
4.020396,877,3037.576503
12.620689,647,3039.939729
2.799738,600,3042.127256
0.057992,780,3044.916806
7.345202,816,3047.856524
3.245182,121,3048.460615
8.44516,854,3052.340473
0.1033,501,3054.281682
6.419728,815,3057.357147
9.205083,675,3059.906504
6.813501,775,3062.769655
0.0,973,3066.254225
8.539824,514,3069.184794
11.729987,673,3071.637231
7.333296,896,3074.838377
0.0,840,3078.000571
2.931536,885,3081.29244
16.302235,766,3084.776666
15.271193,502,3086.648847
21.292903,707,3089.206172
0.105792,277,3090.346212
0.0,860,3093.399536
0.28832,689,3095.887291
13.65027,702,3098.421293
0.142646,607,3101.444352
0.042304,853,3104.470646
10.659424,702,3107.024424
9.689348,862,3110.131941
0.0,651,3112.502785
0.044135,598,3115.894954
22.285226,662,3118.313169
0.039794,722,3120.907669
14.94211,601,3123.108252
0.380431,801,3126.005184
0.215407,617,3128.265301
0.016164,644,3131.354532
0.020772,575,3133.496984
0.151725,770,3136.254389
0.0,765,3139.012427
0.017454,589,3141.32474
0.07954,720,3143.913582
0.033938,823,3148.009419
0.001985,611,3150.263612
5.893965,730,3152.912118
0.562845,742,3155.604165
13.720158,723,3158.374309
0.461795,698,3160.904042
9.679508,265,3161.986685
0.154664,530,3164.97158
11.989195,488,3166.799791
0.069042,617,3169.204064
0.015824,664,3171.605866
0.0,587,3173.756807
0.0,305,3174.984771
12.889846,657,3177.535787
6.76531,688,3180.821446
0.144631,727,3183.464679
17.131357,600,3185.81331
0.018405,872,3189.094511
13.398281,760,3191.845558
0.048348,707,3194.393417
0.037753,522,3197.107616
25.235404,643,3199.471038
6.172711,676,3201.941416
0.336593,360,3203.333487
0.077402,634,3205.640924
0.116904,613,3207.87909
7.219672,848,3211.662483
0.007766,671,3214.103422
11.505686,785,3216.935745
2.631031,175,3217.747503
10.374799,472,3219.523522
3.918107,152,3220.231389
0.060699,671,3222.682835
3.239697,303,3223.92375
7.182706,726,3226.594532
0.098681,718,3230.047075
6.902427,589,3232.415191
9.24448,597,3234.586778
0.0,553,3236.625095
0.0,633,3238.924083
0.454247,592,3241.09763
0.0,729,3244.502837
5.185336,180,3245.307656
6.344524,660,3247.807363
0.285821,574,3249.941937
0.0,696,3252.619084
8.87177,815,3255.561947
0.027243,651,3257.946546
0.388994,666,3261.16661
9.954734,683,3263.663914
0.125167,405,3265.223221
11.805266,558,3267.409514
9.386842,913,3270.804796
0.170197,466,3272.565007
7.298099,411,3274.138128
0.023981,603,3277.180468
0.0265,440,3278.839877
11.729722,582,3280.975758
0.095977,371,3282.405211
0.057217,517,3284.348127
18.336215,749,3287.066265
0.069807,701,3289.595893
0.018145,791,3293.192435
0.17721,685,3295.677153
7.819392,766,3298.427799
0.0,777,3301.220161
0.010792,756,3303.937047
9.615546,551,3305.981047
7.064705,473,3308.5074
20.353074,765,3311.268352
4.870613,703,3313.813603
6.931412,733,3316.48046
9.107701,774,3319.272854
7.094783,881,3323.146579
6.823498,351,3324.522441
16.937339,665,3326.9675
0.49924,754,3329.689838
0.015117,487,3331.689506
0.087061,741,3334.376314
0.057822,609,3336.768573
0.015639,741,3340.169557
0.1558,797,3343.100422
0.034746,771,3346.020495
0.144403,697,3348.70257
11.184409,715,3351.335355
0.107377,747,3354.205646
0.061085,811,3358.152598
11.36168,738,3360.813704
0.395823,696,3363.323365
0.004472,763,3366.054806
12.000285,578,3368.165543
0.34767,838,3371.886538
6.833209,637,3374.187673
0.0,672,3376.616834
6.017115,686,3379.08562
0.004339,722,3381.705454
0.030442,632,3384.002344
14.472903,774,3387.544021
11.99181,301,3388.758808
10.15437,661,3391.147491
8.972935,721,3393.737488
0.005922,653,3396.11221
5.273071,673,3398.563008
0.040715,789,3402.179679
0.027024,750,3404.896228
0.0,898,3408.084538
27.16314,816,3410.997629
15.430163,594,3413.190565
8.85937,878,3416.291114
0.103493,797,3420.139143
5.666053,836,3423.267545
8.946902,851,3426.312717
0.0,317,3427.589464
6.311762,350,3428.960778
6.836692,679,3431.553833
13.497723,854,3435.338702
0.215733,784,3438.2533
9.019267,764,3441.107716
5.234172,480,3443.028925
4.716085,709,3445.604938
0.005469,831,3448.579636
0.210821,688,3451.782641
5.461507,1001,3455.332477
0.0,653,3457.743041
6.39746,624,3460.021353
0.600898,806,3462.917187
0.051008,650,3466.247464
0.0,733,3468.884071
4.569892,773,3471.676068
0.0,678,3474.130989
6.455308,873,3477.235311
0.124977,725,3479.859227
9.471329,452,3482.304178
9.141426,944,3485.632802
8.084336,658,3488.00658
6.518317,882,3491.149818
25.942783,843,3494.166019
0.467643,621,3497.198311
10.879846,647,3499.55772
0.360874,674,3501.997803
0.594548,827,3505.088497
0.2029,584,3507.247573
7.632201,490,3509.247267
0.0,492,3511.079334
0.103475,735,3514.456997
0.0288,432,3516.297421
3.226607,842,3519.355056
13.756036,503,3521.23122
0.0,850,3524.385552
13.78173,820,3527.457066
7.235622,677,3530.640126
20.405865,804,3533.53814
0.0,580,3535.682297
14.875344,756,3538.410588
10.11166,875,3541.521922
15.642093,721,3544.887979
18.286043,847,3547.944513
0.042362,471,3549.715391
0.17501,965,3553.123557
3.605196,982,3556.583496
0.015002,781,3560.096943
26.384081,740,3562.764501
6.089361,740,3565.432616
2.518356,903,3568.640067
0.221896,775,3571.411246
0.095716,673,3573.873875
13.295366,842,3577.638319
0.0,552,3579.810695
0.239504,868,3583.025208
5.689026,757,3585.839245
0.052839,873,3589.121995
15.879067,959,3593.309493
4.290074,910,3596.680702
0.018997,600,3598.874674
3.348658,1001,3602.450463
0.151985,870,3605.673159
10.269916,641,3608.844166
0.255777,894,3612.025186
0.119818,821,3614.959762
0.003772,1001,3618.465646
0.161538,702,3620.992179
8.83868,606,3623.950266
9.674415,738,3626.641567
0.0,717,3629.23143
0.0,866,3632.33158
0.336183,751,3635.065233
11.251053,639,3638.121003
16.818652,861,3641.19392
0.075877,876,3644.316021
10.071439,968,3647.741239
11.713117,799,3650.59317
7.283202,667,3653.780829
0.248236,869,3656.886634
18.452618,814,3659.805921
16.399922,654,3662.204531
6.792549,654,3664.591991
0.074818,724,3667.220062
11.118327,809,3671.102433
5.540494,877,3674.434017
14.751459,863,3677.494532
0.364252,1001,3681.151145
10.938398,866,3684.970935
24.560212,732,3687.622276
10.958964,796,3690.590958
14.089894,534,3692.675178
0.037368,744,3695.489955
11.497952,852,3698.541305
9.059659,512,3701.19409
8.901887,652,3703.550381
0.207059,827,3706.505673
0.400748,780,3709.340334
9.354705,874,3712.474679
7.518003,815,3716.16592
0.108278,954,3719.554786
4.170245,861,3722.614324
12.082799,758,3725.339074
0.158407,441,3727.000024
9.091608,719,3729.59517
5.949144,664,3732.763484
18.861329,714,3735.354503
0.0,737,3738.019747
0.167731,819,3740.968871
18.039293,730,3743.594299
10.496099,610,3745.838756
0.018042,639,3748.833542
9.677746,466,3750.592933
6.52463,713,3753.187738
0.105152,869,3756.300784
18.925545,877,3759.614899
25.887151,643,3763.005782
13.891399,689,3765.586679
8.759829,642,3767.974154
0.007593,367,3769.408705
6.205053,665,3771.83477
11.724844,804,3774.847837
9.773105,753,3777.563375
0.205364,698,3781.132047
8.031994,717,3783.746851
20.583614,702,3786.300275
8.584892,912,3789.681936
11.521557,926,3793.097751
0.032387,932,3797.176952
6.345759,675,3799.668354
0.01371,807,3802.591866
22.9428,927,3805.905643
6.120032,803,3808.999334
0.066228,508,3811.597928
0.067693,866,3814.682627
0.005597,998,3818.185939
0.275695,850,3821.224793
5.624957,589,3823.40691
11.901165,849,3827.202068
0.258334,830,3830.153359
4.723924,619,3832.439268
19.415982,703,3834.996147
0.041111,873,3838.22828
0.028683,746,3841.461168
0.042907,750,3845.041536
4.870873,840,3848.059973
24.08804,925,3851.542283
22.432496,917,3854.814714
9.928084,833,3858.623534
20.520221,669,3861.095327
0.010104,773,3864.033945
16.414746,918,3867.3224
17.094938,791,3870.172614
16.37889,812,3873.968391
0.223031,648,3876.556717
10.742448,547,3878.604705
18.60052,842,3881.589224
0.0,692,3884.118877
9.238273,553,3886.203236
10.374161,674,3888.654883
0.007049,917,3892.5606
0.188762,705,3895.091219
14.224907,822,3898.001642
15.291245,922,3901.273761
8.31675,424,3902.89895
6.816357,454,3905.325634
0.176381,562,3907.379876
0.045892,713,3909.968331
11.340876,842,3912.988027
10.274323,751,3915.791005
0.0,580,3917.985815
15.675122,851,3921.772183
0.798934,724,3924.389922
0.0,748,3927.096237
0.249117,789,3930.01911
0.02505,763,3933.1398
0.02956,512,3935.172935
12.996321,881,3939.365917
9.206812,404,3940.935925
23.721598,721,3943.578849
9.839467,774,3946.506239
0.140384,582,3948.699525
0.067828,636,3951.01986
8.459701,631,3954.117121
14.296441,495,3956.098909
0.0,761,3958.996917
4.016647,753,3961.722756
7.077727,481,3963.509326
25.758093,629,3965.804195
0.002242,698,3968.325304
