#{"t_start": 1704663589.1774342, "env_id": "None"}
r,l,t
0.0,22,0.514705
0.0,20,0.833501
0.0,149,1.705162
0.0,19,2.030592
0.0,18,2.342562
0.0,20,2.659397
0.0,20,2.976296
0.0,21,3.300222
0.0,19,3.615702
0.0,20,3.916818
0.0,21,4.239058
0.0,20,4.630183
0.0,18,4.965638
0.0,19,5.311854
0.0,20,5.651853
0.0,71,6.174767
0.0,18,6.456609
0.0,20,6.746057
0.0,66,7.247614
0.0,20,7.632078
0.0,21,8.060761
0.0,20,8.429757
0.0,19,8.798394
0.0,19,9.095434
0.0,21,9.405087
0.0,18,9.721589
0.060885,270,11.066766
0.0,21,11.368967
0.0,21,11.667539
0.0,20,12.011083
0.0,23,12.381739
0.0,24,12.736181
0.0,21,13.056662
0.0,131,13.916265
0.0,421,16.170104
0.0,19,16.473885
0.0,22,16.791577
0.0,24,17.165236
0.0,20,17.552966
0.0,20,17.947994
0.0,18,18.276187
0.0,21,18.621645
0.0,21,18.940453
0.0,19,19.257091
0.0,23,19.552817
0.0,98,20.109282
0.0,287,21.407661
0.0,21,21.715448
0.0,18,22.012089
0.0,19,22.313259
0.0,20,22.627195
0.0,23,22.965549
0.0,19,23.275398
0.0,24,23.609563
0.0,21,23.898193
0.0,23,24.192048
0.0,20,24.496445
0.0,20,24.805731
0.0,455,26.663871
0.626549,279,27.865417
0.0,20,28.153392
0.0,21,28.444116
0.0,22,28.730369
0.0,21,29.024784
0.0,199,30.255722
0.0,20,30.619408
0.0,20,30.925787
0.0,23,31.229393
0.0,19,31.524175
0.0,472,33.548724
0.0,363,36.177374
0.0,22,36.46987
0.0,21,36.779942
0.0,23,37.096927
0.0,20,37.392994
0.0,19,37.684668
0.0,20,37.987924
0.0,20,38.277044
0.0,20,38.564417
0.0,22,38.862939
0.0,248,39.963029
0.0,19,40.239891
0.0,132,40.923598
0.0,19,41.201623
0.0,19,41.480875
0.0,22,41.769367
0.0,20,42.059715
0.0,19,42.35856
0.0,234,43.4269
0.0,21,43.747569
0.0,19,44.066727
0.0,19,44.402799
0.0,18,44.711252
0.0,22,45.02991
0.0,22,45.339143
0.0,19,45.618607
0.0,21,45.942459
0.0,478,47.978696
0.0,20,48.311319
0.0,19,48.62881
0.0,18,48.933652
0.0,111,49.592692
0.0,119,50.248643
0.0,19,50.538518
0.0,20,50.844513
0.0,21,51.155096
0.0,20,51.451116
0.0,18,51.745302
0.0,18,52.056012
0.0,20,52.345557
0.0,21,52.667173
0.0,72,53.225933
0.0,83,53.737453
0.0,22,54.039463
0.0,19,54.32642
0.0,19,54.604331
0.0,18,54.885589
0.0,22,55.174914
0.0,20,55.468246
0.0,21,55.796884
0.0,23,56.120939
0.0,26,56.506381
0.0,99,57.118449
0.0,74,57.604038
0.0,22,57.917634
0.186415,429,59.698926
0.0,23,60.027266
0.0,189,61.074852
0.0,28,61.508624
0.0,21,61.840094
0.0,20,62.129768
0.0,22,62.434172
0.0,124,63.208789
0.0,27,63.544381
0.0,114,64.184261
0.0,20,64.483708
0.0,23,64.797868
0.0,24,65.112974
0.0,20,65.401016
0.0,24,65.707191
0.0,63,66.150307
0.0,28,66.468188
0.0,276,69.318804
0.0,370,70.991562
0.0,20,71.301702
0.0,21,71.611623
0.0,18,71.899714
0.0,19,72.203039
0.0,21,72.552519
0.0,113,73.313125
0.0,19,73.614686
0.0,24,73.957658
0.0,19,74.288118
0.0,134,75.040389
0.0,20,75.327275
0.0,19,75.617763
0.0,23,75.919135
0.0,21,76.279063
0.0,21,76.611117
0.0,21,76.919898
0.0,20,77.217959
0.0,20,77.540626
0.0,19,77.869461
0.0,172,78.834924
0.0,23,79.181582
0.0,19,79.65409
0.0,28,80.046041
0.0,20,80.431018
0.0,20,80.754515
0.0,115,81.395438
0.0,26,81.713982
0.0,19,82.006352
0.0,21,82.32161
0.0,63,82.776881
0.0,21,83.061948
0.0,20,83.347522
0.0,72,83.841464
0.0,25,84.167687
0.0,21,84.506037
0.0,20,84.843548
0.0,23,85.170781
0.0,22,85.49827
0.0,19,85.795891
0.0,24,86.105742
0.0,21,86.401035
0.0,18,86.687752
0.0,18,86.97092
0.0,20,87.259095
0.0,20,87.559351
0.0,22,87.851635
0.0,25,88.164752
0.0,19,88.438119
0.0,197,89.349129
0.0,19,89.630831
0.0,21,89.927531
0.0,20,90.217001
0.0,21,90.511185
0.0,88,91.037431
0.0,314,92.911258
0.0,22,93.396085
0.0,25,93.911284
0.0,18,94.342733
0.0,19,94.666012
0.0,66,95.125974
0.105757,392,96.73834
0.0,23,97.04419
0.0,25,97.347394
0.0,71,97.819683
0.0,18,98.102574
0.0,20,98.40219
0.0,18,98.679469
0.0,21,98.995969
0.0,23,99.291996
0.0,19,99.644791
0.0,19,99.942026
0.0,26,100.25899
0.0,19,100.546056
0.0,21,100.843023
0.0,20,101.12898
0.0,18,101.404981
0.136268,279,102.645691
0.0,94,104.242389
0.0,213,105.388856
0.0,20,105.708286
0.0,18,106.024648
0.0,18,106.316733
0.0,22,106.622253
0.0,100,107.260075
0.0,21,107.718238
0.0,24,108.112081
0.0,18,108.488989
0.0,22,108.840145
0.0,21,109.158613
0.0,18,109.438041
0.0,18,109.725605
0.0,23,110.032217
0.0,21,110.337029
0.0,20,110.63042
0.0,21,110.922487
0.0,23,111.214169
0.0,19,111.500211
0.0,20,111.793526
0.0,19,112.108936
0.0,21,112.457682
0.0,21,112.791682
0.0,28,113.121143
0.0,73,113.589601
0.0,22,113.87988
0.0,173,114.717464
0.0,23,115.022638
0.0,18,115.303377
0.0,21,115.594179
0.0,23,115.896978
0.0,17,116.204833
0.0,21,116.514566
0.0,23,116.852237
0.0,20,117.155102
0.0,22,117.461869
0.0,22,117.758748
0.0,19,118.049148
0.0,22,118.342972
0.0,466,120.223433
0.0,74,120.712537
0.0,18,121.007035
0.0,18,121.322268
0.0,18,121.627297
0.0,19,121.943761
0.0,20,122.258534
0.0,369,123.862633
0.0,20,124.180956
0.0,23,124.492805
0.0,20,124.803572
0.0,19,125.097145
0.160107,302,126.739086
0.0,20,127.07124
0.0,21,127.369325
0.0,17,127.655412
0.0,19,127.953637
0.0,21,128.24518
0.0,119,128.90761
0.413717,292,130.182129
0.0,503,132.619477
0.0,21,132.950916
0.0,20,133.26248
0.0,23,133.576966
0.0,20,133.90515
0.0,19,134.239992
0.0,22,134.5424
0.0,23,134.857393
0.0,20,135.170624
0.0,19,135.473695
0.0,19,135.766134
0.0,23,136.07257
0.0,69,136.532046
0.0,294,138.716937
0.096576,284,139.995459
0.0,20,140.304321
0.0,19,140.607859
0.0,18,140.898151
0.0,22,141.24293
0.0,21,141.55569
0.0,20,141.86332
0.0,20,142.236022
0.0,28,142.717639
0.0,24,143.116628
0.0,26,143.490946
0.0,17,143.818725
0.0,21,144.125493
0.0,18,144.410128
0.0,20,144.702648
0.0,20,145.033005
0.0,22,145.326192
0.0,19,145.654334
0.0,21,145.94611
0.0,20,146.238062
0.0,18,146.521454
0.0,18,146.827431
0.0,22,147.160645
0.0,20,147.460528
0.0,19,147.797111
0.0,20,148.113466
0.0,19,148.415612
0.0,19,148.713536
0.0,71,149.269797
0.0,18,149.573917
0.0,19,149.900786
0.0,22,150.225493
0.0,19,150.541795
0.0,420,152.322585
0.0,323,153.81347
0.0,24,154.125752
0.0,19,154.40552
0.0,19,154.686081
0.0,20,154.985662
0.0,21,155.277333
0.0,24,155.598995
0.0,19,155.937784
0.0,150,156.764905
0.0,200,157.690399
0.0,21,158.016833
0.0,20,158.364128
0.0,21,158.656956
0.0,20,158.956616
0.0,20,159.256567
0.0,17,159.543424
0.0,20,159.834062
0.0,22,160.132501
0.0,21,160.425925
0.0,20,160.717
0.0,193,161.593839
0.0,21,161.893048
0.0,19,162.186124
0.0,20,162.476784
0.0,23,162.783224
0.0,18,163.072811
0.0,28,163.39484
0.0,22,163.687763
0.0,16,163.9617
0.0,21,164.251244
0.0,20,164.537718
0.0,23,164.862903
0.0,19,165.160148
0.0,22,165.487884
0.0,489,167.628646
0.0,20,167.937338
0.0,21,168.23055
0.0,130,168.944331
0.0,23,169.261901
0.0,21,169.603742
0.0,20,169.931906
0.0,20,170.246465
0.0,19,170.568252
0.0,21,170.874497
0.0,20,171.189586
0.0,22,171.520659
0.0,77,172.135618
0.0,20,172.499786
0.0,20,172.823342
0.0,19,173.129692
0.0,20,174.311716
0.0,24,174.632456
0.0,17,174.93902
0.0,23,175.360556
0.0,133,176.117977
0.0,22,176.497346
0.0,21,176.942077
0.0,20,177.292296
0.029093,163,178.328905
0.006075,115,179.059607
0.0,19,179.346567
0.0,21,179.635586
0.0,19,179.917528
0.0,21,180.204725
0.0,20,180.498073
0.0,19,180.804065
0.0,21,181.119145
0.0,75,181.603832
0.0,19,181.882066
0.0,211,182.847876
0.0,21,183.15103
0.0,20,183.449551
0.0,118,184.091853
0.0,21,184.372096
0.0,74,184.845402
0.0,21,185.135472
0.0,24,185.427754
0.0,19,185.7039
0.0,22,186.001259
0.0,21,186.306149
0.0,19,186.593322
0.0,101,187.17387
0.0,43,187.556093
0.0,20,187.846045
0.0,21,188.14336
0.0,19,188.430547
0.0,109,189.055202
0.0,19,189.364388
0.0,21,189.668596
0.0,19,189.96552
0.0,18,190.260917
0.0,21,190.583323
0.0,19,190.865729
0.0,21,191.167429
0.0,20,191.490926
0.0,22,191.852169
0.0,20,192.164035
0.0,19,192.453115
0.0,24,192.744347
0.00872,280,194.171199
0.0,23,194.516861
0.0,19,194.847224
0.0,19,195.151712
0.0,23,195.501267
0.0,86,196.113336
0.0,19,196.455767
0.0,134,197.320837
0.0,362,199.16158
0.0,18,199.465328
0.0,19,199.779698
0.0,23,200.204895
0.0,112,200.998729
0.0,19,201.373215
0.0,21,201.807901
0.0,20,202.179047
0.0,22,202.564023
0.0,20,202.928035
0.0,19,203.326903
0.0,19,203.71421
0.0,23,204.11593
0.0,18,204.47031
0.005039,210,205.62879
0.0,119,206.554807
0.0,24,206.998425
0.0,22,207.435294
0.0,19,207.861852
0.0,20,208.256197
0.011464,149,209.13351
0.0,19,209.452886
0.0,21,209.80083
0.0,22,210.168263
0.0,19,210.608955
0.0,19,211.012085
0.0,21,211.466707
0.0,19,211.791244
0.0,26,212.176659
0.0,26,212.587676
0.0,22,212.923302
0.0,19,213.251817
0.0,21,213.58125
0.0,21,213.915611
0.0,18,215.919231
0.0,67,216.522204
0.0,176,217.571868
0.0,22,217.957788
0.0,19,218.323822
0.0,20,218.715122
0.109945,178,219.95617
0.0,138,221.078894
0.0,22,221.434811
0.0,26,221.79379
0.0,19,222.112863
0.0,20,222.43109
0.0,20,222.755878
0.0,20,223.068859
0.0,20,223.382463
0.0,21,223.711072
0.0,25,224.044087
0.0,21,224.363166
0.0,20,224.676335
0.0,23,225.002631
0.0,18,225.314493
0.080925,218,226.610753
0.0,23,227.00356
0.0,22,227.367882
0.0,18,227.760957
0.021888,176,228.747914
0.0,114,229.473119
0.0,188,230.449465
0.0,18,230.819554
0.0,18,231.16673
0.0,20,231.534317
0.0,21,231.909506
0.0,18,232.264064
0.429861,379,234.102053
0.0,19,234.430948
0.0,21,234.761846
0.0,21,235.086748
0.0,70,235.610244
0.0,24,235.942784
0.0,22,236.262261
0.0,19,236.574472
0.0,132,237.599323
0.0,21,237.98778
0.0,20,238.365381
0.02655,81,238.995543
0.0,134,239.8184
0.0,20,240.132189
0.0,18,240.450957
0.0,21,240.780086
0.0,27,241.139288
0.0,29,241.494206
0.002393,591,244.062996
0.0,28,244.456212
0.0,112,245.168882
0.0,492,247.662094
0.0,24,248.033465
0.0,19,248.367949
0.0,69,249.911911
0.0,19,250.240686
0.0,242,251.545423
0.090242,172,252.535478
0.0,131,253.334538
0.0,31,253.697588
0.0,22,254.008485
0.0,23,254.327404
0.0,20,254.645508
0.0,21,254.978824
0.0,25,255.352216
0.0,21,255.702804
0.0,31,256.079763
0.0,24,256.413567
0.0,193,257.45346
0.0,259,258.857276
0.0,23,259.271908
0.0,21,259.716699
0.0,22,260.083885
0.0,23,260.456738
0.0,21,260.810681
0.0,22,261.159007
0.0,20,261.484413
0.0,21,261.805141
0.0,21,262.12378
0.0,23,262.475211
0.0,18,262.798593
0.0,17,263.163292
0.0,25,263.552105
0.0,22,263.898841
0.0,21,264.236107
0.0,188,265.476804
0.0,415,267.955999
0.0,18,268.356034
0.0,22,268.738382
0.0,183,269.820066
0.0,22,270.154392
0.0,18,270.517351
0.0,18,270.890458
0.0,21,271.281463
0.0,22,271.696237
0.0,19,272.085593
0.0,19,272.420634
0.0,23,272.773502
0.0,22,273.143418
0.0,26,273.52255
0.0,21,273.900964
0.0,21,274.276009
0.0,22,274.653648
0.0,19,275.05266
0.0,24,275.419535
0.0,22,275.76427
0.0,24,276.252916
0.0,126,277.064033
0.0,166,278.057645
0.0,18,278.366748
0.0,23,278.686417
0.0,25,279.032548
0.0,19,279.394991
0.0,20,279.764131
0.0,121,280.523768
0.0,22,280.896695
0.0,21,281.238486
0.0,20,281.583213
0.0,19,281.953727
0.030153,221,283.210332
0.0,112,283.98462
0.0,132,284.817742
0.0,22,285.145349
0.0,116,285.856046
0.0,20,286.165713
0.0,188,288.336697
0.0,191,289.37891
0.0,22,289.722582
0.0,17,290.01982
0.0,21,290.363055
0.0,22,290.67236
0.0,18,290.970217
0.0,22,291.297939
0.0,23,291.645019
0.0,19,291.961785
0.0,255,293.227732
0.0,304,294.670598
0.0,18,295.003063
0.0,21,295.317334
0.0,22,295.628648
0.0,21,295.925981
0.0,21,296.224778
0.0,20,296.519788
0.0,17,296.814664
0.0,23,297.138069
0.0,19,297.435609
0.0,19,297.737278
0.0,24,298.114126
0.0,23,298.462905
0.0,22,298.798957
0.0,61,299.267579
0.0,19,299.563289
0.0,28,299.894462
0.0,19,300.187692
0.0,18,300.481698
0.0,249,301.690481
0.0,20,302.031464
0.0,20,302.381419
0.0,17,302.736054
0.0,18,303.173169
0.0,22,303.566088
0.0,23,303.944223
0.0,20,304.288009
0.337143,185,305.363276
0.0,20,305.733275
0.0,20,306.097332
0.0,20,306.510199
0.0,20,306.835759
0.0,20,307.141699
0.0,21,307.440135
0.0,25,307.805221
0.0,19,308.124385
0.0,21,308.495367
0.0,20,308.839282
0.0,22,309.164736
0.0,20,309.478486
0.0,20,309.838247
0.0,22,310.210443
0.0,19,310.713844
0.0,26,311.298284
0.0,22,311.703608
0.0,25,312.14905
0.0,20,312.474862
0.0,21,312.801804
0.0,21,313.115125
0.0,233,314.270799
0.0,20,314.604542
0.0,82,315.1976
0.0,20,315.533688
0.0,22,315.91632
0.0,145,316.830847
0.0,21,317.175002
0.0,19,317.482315
0.0,21,317.829484
0.0,20,318.256008
0.0,134,319.088615
0.0,20,319.439104
0.0,21,319.802672
0.0,25,320.157725
0.0,19,320.491078
0.0,19,320.794484
0.0,19,321.101784
0.0,20,321.604877
0.0,33,322.0253
0.0,20,322.470968
0.0,269,324.652326
0.0,18,325.084863
0.0,22,325.423875
0.0,20,325.744737
0.0,24,326.089823
0.0,637,333.000575
0.0,20,333.455572
0.0,217,335.154837
0.0,20,335.838656
0.0,23,336.562602
0.0,21,337.168497
0.0,111,338.130514
0.0,17,338.583967
0.0,19,339.164859
0.0,22,339.835487
0.0,23,340.342003
0.0,20,340.772724
0.0,18,341.181207
0.0,19,341.609596
0.0,20,342.10601
0.0,18,342.67766
0.0,20,343.379494
0.0,19,344.040763
0.0,18,344.607387
0.0,20,345.205066
0.0,24,345.772216
0.0,19,346.267743
0.0,81,347.075581
0.0,19,347.633366
0.0,21,348.203396
0.0,19,348.804344
0.0,20,349.349834
0.0,19,349.877137
0.0,20,350.253713
0.0,22,350.637156
0.0,19,351.087345
0.201513,119,352.102993
0.0,24,352.561987
0.0,321,354.986305
0.0,23,355.546974
0.0,20,355.994413
0.0,18,356.46936
0.0,20,356.917015
0.0,22,357.425674
0.0,19,357.963442
0.0,23,358.463103
0.0,22,358.947056
0.0,18,359.451286
0.0,24,360.011542
0.0,20,360.537701
0.0,17,361.015596
0.0,19,361.47291
0.0,19,361.955873
0.0,20,362.506839
0.245285,578,366.380234
0.0,18,366.91893
0.036438,242,368.800847
0.0,27,369.305851
0.0,23,369.93605
0.0,21,370.452326
0.0,25,370.952468
0.0,22,371.406976
0.0,22,371.922304
0.0,21,372.468514
0.0,72,373.417138
0.0,18,373.929718
0.0,21,374.494582
0.0,18,374.975152
0.0,21,375.403895
0.0,268,376.933935
0.0,25,377.265008
0.0,20,377.569805
0.0,19,377.874116
0.0,22,378.191354
0.0,18,378.492563
0.0,19,378.828931
0.0,26,379.150344
0.0,142,379.881344
0.0,20,380.174995
0.0,20,380.482088
0.0,19,380.781368
0.0,20,381.09852
0.0,18,381.379172
0.0,18,381.661006
0.0,18,381.943482
0.0,21,382.22722
0.0,22,382.514997
0.0,20,382.804931
0.0,20,383.088225
0.0,19,383.378901
0.0,22,383.676202
0.0,186,385.701022
0.0,22,386.009777
0.0,150,386.776995
0.0,20,387.068166
0.0,28,387.402103
0.0,20,387.72931
0.0,23,388.051074
0.0,26,388.363033
0.0,20,388.642844
0.0,20,388.936426
0.0,19,389.226542
0.203616,323,390.633112
0.0,66,391.131935
0.0,19,391.453994
0.0,91,392.029317
0.0,20,392.320432
0.0,22,392.614139
0.0,22,392.92553
0.0,21,393.221994
0.0,23,393.539126
0.0,20,393.860356
0.0,25,394.197708
0.0,99,394.798985
0.0,241,395.948499
0.0,19,396.319835
0.0,18,396.651948
0.0,19,397.001943
0.0,22,397.316809
0.0,22,397.625655
0.0,20,397.928861
0.0,69,398.422914
0.0,19,398.747588
0.0,21,399.076165
0.0,20,399.393111
0.0,120,400.116388
0.0,20,400.480579
0.0,21,400.826014
0.0,20,401.186354
0.0,72,401.96454
0.0,21,402.352635
0.0,18,402.661588
0.0,21,402.964006
0.0,19,403.380832
0.0,21,403.753007
0.0,20,404.073105
0.0,19,404.368047
0.0,136,405.075375
0.0,20,405.380454
0.0,20,405.676802
0.0,77,406.35645
0.0,28,406.812161
0.0,18,407.130707
0.0,108,408.039501
0.0,24,408.643158
0.0,19,409.192839
0.0,22,409.691354
0.0,279,411.341734
0.0,20,411.727312
0.0,18,412.138712
0.0,25,412.569186
0.0,20,412.976994
0.0,274,414.611706
0.0,66,415.243172
0.0,24,415.64295
0.0,122,416.518115
0.0,18,417.023147
0.0,22,417.601011
0.0,19,418.14027
0.0,21,418.619597
0.0,19,419.089584
0.0,20,419.575948
0.0,22,420.035072
0.0,20,420.458786
0.0,18,420.949886
0.0,294,423.29507
0.0,22,423.803207
0.0,61,424.781199
0.0,19,425.313149
0.0,19,425.732153
0.0,18,426.139745
0.0,19,426.571077
0.0,162,429.196743
0.0,27,429.648106
0.0,24,430.065243
0.0,23,430.477617
0.0,21,430.879054
0.0,430,433.378164
0.0,19,433.877585
0.014068,152,434.83625
0.0,19,435.227373
0.0,21,435.627135
0.0,20,436.046253
0.0,19,436.467967
0.0,21,436.882613
0.0,23,437.327548
0.0,22,437.724642
0.0,20,438.137334
0.0,20,438.541191
0.0,20,438.931531
0.0,18,439.294073
0.010251,68,439.950345
0.0,19,440.361975
0.0,22,440.742435
0.0,22,441.151101
0.0,22,441.54754
0.0,74,442.283953
0.0,19,442.729596
0.0,154,443.779449
0.0,19,444.08836
0.0,120,444.852665
0.0,24,445.247795
0.0,101,445.926263
0.0,20,446.340873
0.0,127,447.219531
0.0,19,447.595524
0.0,162,448.602697
0.0,20,448.967908
0.0,21,449.324679
0.0,22,449.673124
0.041047,118,450.508416
0.0,20,450.894523
0.0,19,451.242451
0.0,22,451.611493
0.0,19,452.014821
0.0,19,452.37404
0.0,17,452.708148
0.0,278,454.321183
0.0,20,454.703043
0.0,21,455.098935
0.0,22,455.489171
0.0,18,455.835699
0.0,19,456.240993
0.0,20,456.655649
0.0,19,457.063056
0.0,21,457.460234
0.0,18,457.853907
0.0,27,458.299822
0.0,19,458.650242
0.0,18,459.019613
0.0,19,459.374807
0.0,22,459.760436
0.003321,126,460.685056
0.0,20,461.081478
0.0,19,461.512014
0.0,19,461.884387
0.0,23,462.32495
0.0,18,462.748953
0.0,20,463.191296
0.0,18,463.503642
0.0,21,463.84875
0.0,22,464.162168
0.0,21,464.450078
0.0,24,464.772993
0.0,23,465.150043
0.0,133,465.895069
0.0,68,466.344773
0.0,19,466.622748
0.0,256,467.855018
0.0,259,469.071569
0.0,19,469.366587
0.0,105,469.978822
0.0,162,471.730684
0.0,23,472.066524
0.0,149,472.88886
0.0,19,473.213087
0.0,23,473.533827
0.0,25,473.876168
0.0,113,474.633566
0.0,24,475.059706
0.0,21,475.454981
0.0,19,475.796626
0.0,24,476.148945
0.0,21,476.480829
0.0,21,476.871173
0.0,19,477.198434
0.0,79,477.722964
0.0,92,478.269558
0.0,19,478.555063
0.0,206,479.505303
0.0,21,479.826555
0.0,20,480.142511
0.0,19,480.446251
0.0,19,480.747127
0.0,23,481.06833
0.0,20,481.36843
0.0,22,481.704355
0.0,19,482.043459
0.0,23,482.408979
0.0,71,482.92961
0.0,19,483.218695
0.0,21,483.502935
0.0,132,484.187307
0.0,20,484.475151
0.043542,186,485.402095
0.0,21,485.74593
0.0,90,486.295008
0.0,431,488.044784
0.0,22,488.346531
0.0,21,488.625925
0.100381,167,489.435675
0.0,63,489.877672
0.0,20,490.162384
0.0,135,490.854246
0.0,27,491.15752
0.0,18,491.426409
0.0,19,491.703304
0.0,24,492.009074
0.0,23,492.319338
0.0,24,492.61766
0.0,67,493.117946
0.0,124,493.852375
0.0,21,494.152319
0.028062,74,494.674527
0.0,18,494.979365
0.0,21,495.292326
0.0,26,495.624667
0.0,24,495.928608
0.0,22,496.223173
0.0,19,496.499961
0.0,24,496.793896
0.0,19,497.086374
0.0,18,497.392173
0.0,19,497.714942
0.0,22,498.041191
0.0,20,498.372105
0.0,19,498.673378
0.0,19,498.959393
0.0,19,499.239095
0.0,19,499.533226
0.0,21,499.855904
0.0,24,500.162928
0.0,20,500.460519
0.0,20,500.753132
0.0,18,501.03383
0.0,20,501.359122
0.0,114,501.997726
0.0,21,502.28283
0.0,23,502.576392
0.0,130,503.330474
0.0,21,503.681948
0.0,18,504.043325
0.0,20,504.386306
0.0,21,504.748828
0.0,488,507.770664
0.0,21,508.08093
0.0,26,508.391924
0.0,23,508.724353
0.119213,141,509.454077
0.0,21,509.756376
0.0,17,510.04741
0.0,20,510.338185
0.146063,712,513.401975
0.061913,132,514.089483
0.0,19,514.381239
0.0,23,514.677887
0.0,21,514.958671
0.0,18,515.23136
0.0,18,515.512541
0.0,18,515.789322
0.0,21,516.076596
0.0,21,516.375039
0.0,21,516.657844
0.0,19,516.940862
0.0,22,517.232119
0.0,19,517.513782
0.0,22,517.805039
0.0,21,518.093516
0.0,22,518.389159
0.0,19,518.666562
0.0,21,518.961861
0.0,21,519.255948
0.0,21,519.572506
0.0,18,519.914487
0.0,21,520.234207
0.0,18,520.52769
0.0,20,520.807616
0.131408,172,521.63059
0.0,19,521.907001
0.0,187,522.810705
0.0,21,523.157604
0.0,134,523.973148
0.0,25,524.320889
0.072495,100,524.886093
0.0,22,525.186648
0.0,18,525.460368
0.0,20,525.746213
0.0,190,526.636781
0.0,24,526.968423
0.0,21,527.291913
0.0,19,527.596311
0.0,20,527.908971
0.0,249,529.03427
0.0,20,529.349432
0.0,20,529.63882
0.0,18,529.931582
0.0,19,530.212411
0.0,19,530.49837
0.0,146,531.24794
0.0,183,532.112941
0.0,19,532.393991
0.0,25,532.700354
0.0,23,532.99016
0.0,27,533.303211
0.0,20,533.580077
0.0,22,533.878597
0.0,139,534.597888
0.0,20,534.910045
0.0,26,535.252237
0.0,20,535.550903
0.0,23,535.873261
0.0,21,536.177503
0.0,22,536.46889
0.0,171,537.30133
0.0,20,538.801164
0.0,19,539.083462
0.0,23,539.379831
0.0,165,540.174013
0.0,20,540.454861
0.0,22,540.74243
0.0,24,541.062989
0.115588,120,541.762648
0.0,20,542.07928
0.0,104,542.802888
0.0,20,543.13569
0.0,20,543.430497
0.0,20,543.730926
0.0,21,544.079876
0.0,23,544.424125
0.0,22,544.731762
0.0,517,546.881222
0.0,18,547.161072
0.0,20,547.450651
0.0,240,548.585891
0.0,100,549.231361
0.0,23,549.54445
0.0,19,549.847481
0.0,21,550.153481
0.0,20,550.453778
0.0,20,550.737249
0.0,22,551.033773
0.0,131,551.700576
0.0,71,552.174381
0.0,19,552.459711
0.0,19,552.743196
0.0,20,553.029327
0.0,17,553.302373
0.0,19,553.58136
0.0,26,553.898517
0.0,21,554.202027
0.0,24,554.507595
0.0,19,554.793946
0.0,223,555.794521
0.0,23,556.086387
0.0,20,556.367098
0.0,98,556.92702
0.0,19,557.218402
0.0,24,557.515884
0.0,21,557.83918
0.0,26,558.188052
0.0,19,558.480124
0.0,19,558.765187
0.0,24,559.089236
0.0,22,559.377665
0.0,20,559.655843
0.0,144,560.412672
0.0,19,560.698546
0.081743,264,561.872226
0.047874,794,564.993741
0.0,19,565.275796
0.0,19,565.564908
0.0,20,565.848194
0.0,272,567.93511
0.0,20,568.218654
0.0,23,568.507585
0.0,22,568.793404
0.0,21,569.075136
0.0,20,569.356879
0.0,20,569.64894
0.0,22,569.946993
0.0,114,570.552439
0.0,18,570.827759
0.0,22,571.121751
0.0,21,571.41757
0.0,30,571.734475
0.0,22,572.020088
0.0,23,572.310823
0.0,116,572.939832
0.0,21,573.226443
0.0,66,573.685524
0.0,25,573.990207
0.0,20,574.283073
0.0,20,574.571035
0.175629,172,575.44634
0.0,20,575.778368
0.0,124,576.481473
0.0,22,576.778253
0.0,21,577.05946
0.004826,183,577.914199
0.748353,265,579.067814
0.0,23,579.358523
0.0,234,580.402752
0.0,23,580.693889
0.0,31,581.052779
0.0,27,581.398397
0.0,18,581.689944
0.0,19,581.964957
0.0,20,582.241307
0.0,23,582.532266
0.0,19,582.812319
0.0,21,583.097738
0.0,19,583.373352
0.0,23,583.670702
0.0,19,583.958196
0.0,20,584.253947
0.0,21,584.559149
0.0,19,584.88793
0.0,21,585.207083
0.0,19,585.527755
0.0,20,585.842793
0.0,22,586.206616
0.0,19,586.491337
0.0,22,586.788128
0.002982,94,587.344121
0.0,187,588.280216
0.0,25,588.609975
0.0,20,588.918647
0.0,19,589.212174
0.0,24,589.514116
0.0,21,589.802626
0.0,19,590.086894
0.0,168,591.004819
0.0,21,591.320199
0.02194,147,592.091827
0.0,23,592.393079
0.0,20,592.681659
0.112187,333,594.088388
0.0,18,594.3678
0.0,21,594.661199
0.0,22,594.957741
0.0,19,595.241229
0.0,21,595.534985
0.0,70,595.992201
0.0,21,596.278982
0.0,22,596.594934
0.0,41,596.950455
0.0,62,597.397545
0.0,95,598.067369
0.0,134,598.879847
0.0,76,599.370522
0.0,416,602.091605
0.0,81,602.593565
0.0,18,602.870357
0.0,19,603.151894
0.0,24,603.463562
0.0,115,604.09291
0.0,20,604.384626
0.0,21,604.673922
0.0,17,604.957335
0.0,24,605.267347
0.0,80,605.769411
0.0,23,606.070869
0.0,21,606.397012
0.0,111,607.154066
0.0,427,608.948284
0.0,22,609.234052
0.0,19,609.513369
0.0,19,609.795039
0.0,19,610.087576
0.0,21,610.406187
0.0,21,610.768357
0.0,21,611.097153
0.619417,369,612.671274
0.0,22,612.977154
0.0,115,613.639312
0.0,21,614.01198
0.0,21,614.333847
0.0,207,615.333272
0.0,21,615.640318
0.0,19,615.94154
0.0,117,616.626407
0.0,195,617.595462
0.0,17,617.898138
0.0,21,618.202726
0.0,24,618.528625
0.0,25,618.838751
0.0,22,619.135675
0.080759,129,619.873601
0.0,21,620.202026
0.0,21,620.498218
0.0,88,621.023019
0.0,224,622.056407
0.0,20,622.34261
0.0,19,622.621729
0.0,17,622.899005
0.0,423,624.612665
0.0,19,624.917228
0.0,20,625.210402
0.0,19,625.497195
0.0,23,625.79818
0.0,326,627.156402
0.0,128,628.774958
0.0,18,629.062319
0.0,22,629.359075
0.0,21,629.669478
0.0,20,629.953678
0.0,18,630.228969
0.0,23,630.522491
0.0,25,630.823888
0.0,28,631.137372
0.0,67,631.587777
0.021916,259,632.715707
0.0,631,635.149834
0.0,21,635.442846
0.0,24,635.740528
0.0,22,636.030316
0.0,23,636.319894
0.0,22,636.616004
0.0,21,636.907143
0.0,21,637.198641
0.023533,119,637.833329
0.0,22,638.148561
0.0,23,638.489874
0.0,22,638.853171
0.0,19,639.170731
0.0,301,640.430443
0.0,17,640.715128
0.0,21,641.00802
0.0,18,641.286603
0.0,128,641.959768
0.036471,159,642.734317
0.0,21,643.041865
0.0,20,643.330371
0.0,283,644.545853
0.0,19,644.833373
0.0,26,645.142006
0.0,164,645.926787
0.0,20,646.211911
0.08201,142,646.936582
0.0,18,647.218474
0.0,20,647.516709
0.0,19,647.793849
0.0,22,648.078298
0.0,21,648.366334
0.0,21,648.657788
0.0,168,649.472557
0.0,22,649.76619
0.0,20,650.054097
0.0,22,650.345697
0.0,399,651.958196
0.0,19,652.247862
0.0,21,652.564671
0.0,20,652.848653
0.0,85,653.385988
0.0,119,654.025634
0.0,24,654.319232
0.0,21,654.617575
0.0,20,654.894374
0.0,74,655.363604
0.0,21,655.64816
0.002302,132,657.223106
0.0,20,657.522738
0.0,20,657.811715
0.0,21,658.116854
0.0,164,658.918536
0.0,64,659.365302
0.0,20,659.658641
0.0,163,660.429265
0.0,143,661.142515
0.060993,597,663.48688
0.0,21,663.776296
0.0,21,664.065585
0.0,19,664.351227
0.0,18,664.623001
0.0,322,665.992467
0.0,20,666.275185
0.0,24,666.583751
0.0,20,666.895301
0.0,20,667.185292
0.0,77,667.677101
0.0,67,668.11687
0.0,18,668.398435
0.0,19,668.725955
0.0,18,669.064783
0.0,20,669.410324
0.0,570,671.673204
0.0,19,671.954325
0.0,20,672.24981
0.0,21,672.547838
0.0,23,672.837504
0.037956,118,673.473856
0.0,140,674.348369
0.0,20,674.702515
0.0,69,675.226854
0.0,149,675.971005
0.0,23,676.258952
0.0,19,676.532528
0.0,30,676.854387
0.0,178,677.689069
0.0,212,678.653941
0.0,22,678.952359
0.0,99,679.525111
0.0,22,679.82556
0.0,22,680.122038
0.0,19,680.395836
0.0,24,680.71244
0.0,20,681.024701
0.0,23,681.353474
0.0,61,681.820448
0.0,20,682.111178
0.0,20,682.400978
0.0,19,682.685156
0.0,21,682.967853
0.0,19,683.250942
0.0,22,683.565372
0.0,25,684.703606
0.057928,91,685.24968
0.0,23,685.539431
0.0,100,686.102105
0.0,23,686.397075
0.0,18,686.672901
0.0,18,686.949242
0.0,18,687.225563
0.0,148,687.952248
0.0,18,688.222223
0.0,19,688.501178
0.0,20,688.784463
0.0,67,689.252971
0.0,23,689.552798
0.0,116,690.348837
0.0,468,692.244396
0.044759,185,693.155415
0.0,19,693.484068
0.0,274,694.841569
0.0,19,695.129806
0.0,24,695.4358
0.0,20,695.727021
0.0,19,696.011312
0.0,22,696.299466
0.0,297,697.563398
0.0,21,697.876597
0.0,18,698.150086
0.0,72,698.612286
0.0,26,698.929436
0.0,19,699.217439
0.0,23,699.505157
0.0,20,699.783162
0.356716,289,701.018682
0.0,72,701.485166
0.0,19,701.763139
0.0,101,702.325235
0.0,19,702.599898
0.0,18,702.876428
0.0,148,703.625314
0.0,21,703.911025
0.0,414,705.584868
0.0,19,705.874789
0.0,23,706.164181
0.0,20,706.447735
0.0,21,706.736278
0.0,22,707.02615
0.0,19,707.305532
0.0,20,707.589706
0.0,450,709.371678
0.0,19,709.664512
0.0,20,709.950146
0.011578,286,711.975239
0.0,21,712.280585
0.0,22,712.618354
0.0,65,713.116812
0.0,22,713.40456
0.064303,662,715.92997
0.0,21,716.220448
0.0,26,716.523733
0.0,21,716.805621
0.030837,338,718.203525
0.0,21,718.497801
0.0,19,718.779282
0.0,356,720.242078
0.0,137,720.945382
0.0,21,721.228609
0.0,30,721.545481
0.0,19,721.824547
0.0,21,722.10977
0.0,19,722.388386
0.0,21,722.683116
0.0,20,722.967278
0.0,19,723.252823
0.0,24,723.568167
0.0,20,723.859503
0.0,22,724.142429
0.0,20,724.418853
0.0,23,724.707035
0.0,18,724.976264
0.0,222,725.959356
0.0,24,726.249743
0.0,21,726.533711
0.0,20,726.810327
0.0,74,727.29391
0.0,498,729.228005
0.0,21,729.515731
0.0,22,729.806239
0.0,29,730.142178
0.0,24,730.489026
0.0,18,730.805965
0.0,22,731.116083
0.0,251,732.200052
0.0,20,732.493316
0.0,20,732.776373
0.0,208,733.719432
0.0,348,735.165511
0.0,22,735.454436
0.0,22,735.749724
0.0,21,737.06745
0.0,19,737.345866
0.0,26,737.645388
0.0,20,737.929957
0.0,20,738.213004
0.16588,186,739.079214
0.0,20,739.358233
0.0,132,740.034336
0.0,19,740.310979
0.0,28,740.632608
0.0,164,741.431894
0.0,23,741.750629
0.0,118,742.397935
0.0,576,744.626371
0.0,18,744.903835
0.0,26,745.211558
0.0,21,745.497698
0.0,20,745.779075
0.0,22,746.069294
0.0,21,746.350499
0.0,22,746.650726
0.0,22,746.946521
0.0,74,747.460031
0.0,22,747.789697
0.0,21,748.11377
0.0,20,748.443345
0.0,215,749.501814
0.0,20,749.792166
0.0,25,750.088258
0.0,22,750.373017
0.0,20,750.648997
0.0,29,750.959388
0.0,22,751.247755
0.0,21,751.531605
0.0,19,751.807953
0.0,22,752.103586
0.0,25,752.410654
0.0,21,752.697056
0.0,19,752.978002
0.0,23,753.308447
0.0,19,753.604022
0.0,19,753.886873
0.0,139,754.580826
0.0,20,754.860139
0.0,131,755.563503
0.0,20,755.885809
0.467528,359,757.491108
0.0,18,757.771329
0.0,27,758.081002
0.0,80,758.584423
0.0,21,758.891379
0.0,19,759.167415
0.0,18,759.450852
0.0,17,759.736575
0.0,24,760.073641
0.0,20,760.383668
0.0,20,760.681322
0.0,20,760.960314
0.0,21,761.241057
0.0,170,762.038335
0.0,21,762.331091
0.0,25,762.646124
0.0,234,763.690988
0.05121,153,764.452286
0.0,20,764.744498
0.0,20,765.02272
0.0,19,765.311063
0.0,27,765.624539
0.0,23,765.919083
0.0,22,766.233016
0.0,21,766.563436
0.0,402,769.268376
0.0,142,769.972527
0.0,29,770.295348
0.0,22,770.589567
0.0,23,770.885994
0.0,21,771.179608
0.0,24,771.483104
0.0,22,771.775237
0.0,21,772.07601
0.0,177,772.919595
0.0,18,773.192969
0.212325,410,774.937323
0.0,22,775.29513
0.065557,241,776.36329
0.0,21,776.646204
0.0,181,777.485566
0.0,21,777.780086
0.095446,319,779.128985
0.0,19,779.40664
0.0,24,779.703097
0.0,117,780.330375
0.0,27,780.637818
0.0,24,780.932355
0.0,21,781.221936
0.0,25,781.526507
0.0,169,782.360171
0.0,24,782.687984
0.0,25,783.033705
0.0,68,783.525145
0.0,18,783.814508
0.0,21,784.105287
0.0,73,784.576957
0.0,20,784.858027
0.0,26,785.184364
0.0,23,785.589251
0.0,21,785.931979
0.0,18,786.339941
0.0,169,787.223606
0.0,21,787.506036
0.0,18,787.784628
0.0,25,788.085862
0.0,20,788.372089
0.0,21,788.658819
0.0,22,788.945994
0.0,74,789.421227
0.350545,628,791.876786
0.266076,597,795.093254
0.0,19,795.362358
0.0,520,797.404515
0.0,22,797.69545
0.0,20,797.972153
0.0,63,798.404348
0.0,220,799.398652
0.0,24,799.697418
0.0,22,799.990388
0.0,21,800.281839
0.0,288,801.494935
0.0,20,801.784393
0.0,25,802.086749
0.0,25,802.389004
0.012987,195,803.291279
0.0,22,803.584597
0.0,24,803.88359
0.0,22,804.170118
0.042346,1001,808.022219
0.0,25,808.3296
0.0,21,808.631442
0.106698,238,809.663035
0.0,22,809.953609
0.0,22,810.244166
0.0,20,810.530236
0.0,22,810.817369
0.0,19,811.095344
0.0,21,811.377903
0.0,20,811.662388
0.0,24,811.958138
0.0,24,812.251528
0.0,24,812.54841
0.0,23,812.842074
0.0,22,813.130736
0.0,22,813.423536
0.084243,272,814.573179
0.0,56,814.975547
0.086907,637,818.469189
0.075041,517,820.473052
0.0,20,820.76887
0.0,24,821.069054
0.0,23,821.366365
0.0,217,822.347467
0.0,102,822.934898
0.0,22,823.244158
0.0,21,823.56533
0.0,21,823.889407
0.0,229,824.936046
0.0,18,825.218065
0.0,348,826.653552
0.0,19,826.929726
0.0,24,827.227973
0.0,22,827.520177
0.0,21,827.81104
0.0,19,828.095451
0.0,179,828.942843
0.0,117,829.55796
0.0,19,829.846985
0.0,24,830.138675
0.0,21,830.428006
0.0,69,830.886981
0.0,22,831.175764
0.0,143,831.904303
0.0,22,832.201132
0.0,25,832.503661
0.413281,468,834.394512
0.0,19,834.684291
0.030986,123,835.339986
0.0,112,835.957267
0.0,71,836.42583
0.0,20,836.716785
0.0,18,836.995051
0.0,21,837.280048
0.0,22,837.570336
0.0,63,838.012057
0.056189,200,838.953266
0.0,18,839.235014
0.0,120,839.868213
0.0,19,840.148978
0.0,20,840.42719
0.0,22,840.709024
0.0,20,841.004705
0.0,78,841.564201
0.0,21,841.858427
0.0,19,842.128897
0.0,20,842.408486
0.0,21,842.701313
0.0,18,842.974661
0.0,22,843.263005
0.0,655,847.055807
0.0,17,847.326692
0.0,24,847.626257
0.0,21,847.912446
0.0,19,848.19601
0.0,20,848.484504
0.0,132,849.17081
0.0,51,849.562552
0.0,66,850.074947
0.0,20,850.414117
0.0,29,850.76558
0.0,18,851.054457
0.0,23,851.343868
0.0,21,851.625343
0.0,1001,855.406802
0.0,179,856.238031
0.0,21,856.526721
0.0,22,856.807221
0.0,26,857.102111
0.0,22,857.383634
0.0,22,857.667291
0.0,20,857.958305
0.0,23,858.251293
0.0,20,858.532517
0.0,21,858.809617
0.0,22,859.095006
0.0,20,859.373125
0.0,22,859.675982
0.0,191,860.657659
0.0,152,861.401109
0.0,19,861.677383
0.0,22,861.979815
0.0,645,864.457325
0.0,219,865.433914
0.0,22,865.721674
0.0,207,866.649442
0.0,98,868.050466
0.0,171,868.864775
0.0,65,869.30874
0.0,209,870.268894
0.0,70,870.736161
0.0,20,871.018103
0.0,24,871.315362
0.0,20,871.604114
0.0,624,873.986351
0.0,20,874.268602
0.0,24,874.56304
0.0,21,874.882061
0.0,23,875.216863
0.0,550,877.436609
0.0,23,877.746665
0.0,22,878.085795
0.0,27,878.455965
0.0,18,878.76202
0.0,23,879.069824
0.0,72,879.540831
0.0,367,881.025696
0.0,93,881.557065
0.0,74,882.036116
0.0,172,882.838354
0.0,19,883.116655
0.0,182,883.963147
0.0,28,884.274153
0.0,20,884.554442
0.0,22,884.845372
0.0,19,885.144167
0.0,22,885.42981
0.0,21,885.724173
0.0,22,886.010321
0.0,23,886.307717
0.0,18,886.583737
0.0,227,887.584496
0.0,158,888.355939
0.0,189,889.318327
0.049802,163,890.254013
0.0,172,891.102161
0.009962,60,892.462644
0.0,155,893.228511
0.0,192,894.121555
0.0,19,894.401401
0.008352,125,895.051038
0.0,22,895.351541
0.0,123,896.006
0.0,19,896.309307
0.0,24,896.656954
0.0,21,896.997266
0.0,19,897.275994
0.0,21,897.556999
0.0,19,897.832389
0.0,518,899.915151
0.0,188,900.80356
0.0,22,901.095713
0.0,265,902.239119
0.0,18,902.524831
0.0,24,902.816169
0.0,20,903.095052
0.0,19,903.367215
0.0,21,903.650575
0.0,27,903.96151
0.0,22,904.253029
0.434913,114,904.852402
0.0,102,905.442382
0.050175,310,906.755347
0.0,454,908.553988
0.0,25,908.868035
0.0,21,909.151186
0.0,21,909.440127
0.0,96,909.979136
0.0,26,910.282019
0.0,21,910.575514
0.0,21,910.859765
0.0,25,911.159901
0.0,332,912.536149
0.0,21,912.831626
0.0,28,913.141448
0.0,26,913.44327
0.0,23,913.761716
0.0,20,914.097922
0.0,19,914.424706
0.0,82,914.947688
0.0,20,915.239833
0.300263,94,915.786055
0.044155,154,916.545085
0.0,23,916.836719
0.0,21,917.123168
0.0,138,918.70501
0.0,107,919.293004
0.0,17,919.579864
0.0,18,919.858784
0.0,25,920.155506
0.0,21,920.443691
0.0,229,921.458834
0.0,19,921.757189
0.001002,781,924.790274
0.0,25,925.092933
0.0,27,925.40153
0.06842,293,926.644583
0.0,429,928.364186
0.0,193,929.24619
0.005243,443,931.004626
0.0,23,931.294357
0.0,186,932.235345
0.0,21,932.561364
0.196244,645,935.052514
0.0,25,935.359298
0.0,22,935.665783
0.0,89,936.201461
0.053587,301,937.538823
0.0,25,937.840709
0.0,380,940.313648
0.0,235,941.366033
0.0,22,941.670881
0.0,25,941.975298
0.0,20,942.259438
0.0,333,943.683127
0.0,238,944.769969
0.0,21,945.058001
0.0,138,945.784585
0.0,22,946.104685
0.0,20,946.407416
0.0,19,946.704628
0.0,20,946.995159
0.0,26,947.298975
0.0,21,947.615247
0.0,1001,951.483573
0.0,18,951.758425
0.0,105,952.430221
0.0,18,952.753501
0.0,20,953.09479
0.0,22,953.428609
0.0,20,953.739607
0.0,19,954.037404
0.466445,217,955.032495
0.0,23,955.338669
0.0,19,955.618086
0.0,94,956.168078
0.0,69,956.633481
0.0,63,957.075293
0.0,18,957.345187
0.0,19,957.621721
0.0,20,957.911957
0.0,20,958.193628
0.0,19,958.48013
0.0,20,958.763046
0.0,20,959.044836
0.0,22,959.342697
0.0,25,959.65299
0.0,20,959.940452
0.0,183,960.803516
0.0,23,961.114312
0.0,167,961.911174
0.0,22,962.2065
0.0,19,962.495585
0.0,165,963.285764
0.0,118,963.923455
0.0,19,965.142996
0.0,18,965.416466
0.0,20,965.695007
0.0,24,965.989878
0.0,66,966.43565
0.0,19,966.719443
0.058425,296,968.131949
0.0,27,968.451824
0.0,20,968.744071
0.0,20,969.038503
0.0,94,969.61725
0.0,19,969.921126
0.0,21,970.215139
0.0,658,972.718664
0.0,24,973.014708
0.0,20,973.296187
0.0,20,973.577953
0.024632,100,974.141747
0.0,29,974.45042
0.0,20,974.729702
0.0,20,975.008964
0.0,22,975.296552
0.0,19,975.590717
0.0,65,976.036134
0.107887,123,976.675858
0.0,21,976.966851
0.0,23,977.261783
0.0,388,978.843847
0.0,19,979.135468
0.0,20,979.424185
0.0,20,979.722374
0.0,21,980.019845
0.0,18,980.294783
0.0,18,980.569771
0.0,20,980.847521
0.0,68,981.290957
0.0,74,981.761502
0.0,68,982.223034
0.0,51,982.618496
0.0,80,983.1184
0.0,20,983.400639
0.0,24,983.697182
0.106384,203,984.640555
0.0,85,985.252446
0.0,23,985.549614
0.0,22,985.836716
0.0,157,986.601719
0.0,20,986.886973
0.0,20,987.169158
0.0,83,987.676518
0.0,19,987.956322
0.0,291,989.205388
0.0,1001,993.897128
0.22874,962,997.536081
0.0,76,998.016025
0.0,191,998.911165
0.0,23,999.22957
0.0,26,999.532901
0.0,259,1000.659888
0.0,347,1002.101216
0.0,21,1002.438055
0.0,19,1002.718267
0.0,20,1003.068818
0.0,20,1003.395634
0.0,313,1004.76995
0.0,102,1005.33981
0.0,19,1005.625235
0.0,74,1006.101668
0.0,507,1008.109201
0.0,137,1008.799509
0.0,83,1009.298114
0.0,20,1009.571571
0.0,85,1010.072752
0.0,230,1011.102125
0.0,20,1012.434803
0.0,60,1012.8664
0.0,189,1013.742608
0.0,23,1014.038723
0.0,23,1014.341789
0.0,24,1014.63623
0.0,23,1014.946308
0.0,21,1015.227719
0.0,22,1015.513417
0.0,94,1016.063012
0.0,21,1016.347649
0.0,21,1016.630396
0.0,65,1017.084399
0.0,22,1017.371577
0.0,24,1017.666029
0.0,21,1017.957385
0.0,24,1018.253591
0.0,19,1018.531996
0.491503,214,1019.515827
0.0,19,1019.800817
0.0,23,1020.103076
0.0,28,1020.433668
0.0,17,1020.717835
0.0,24,1021.06772
0.0,78,1021.605384
0.0,356,1023.208071
0.0,24,1023.528664
0.649362,468,1025.422818
0.0,23,1025.735682
0.0,24,1026.055171
0.0,17,1026.329708
0.0,22,1026.6183
0.0,130,1027.28592
0.0,20,1027.569324
0.0,19,1027.847831
0.0,18,1028.121316
0.0,227,1029.138083
0.0,23,1029.428101
0.0,20,1029.710142
0.0,20,1030.014674
0.0,195,1030.911053
0.0,21,1031.196597
0.480082,131,1031.864805
0.0,20,1032.143805
0.0,278,1033.339588
0.0,27,1033.656567
0.0,21,1033.967983
0.0,242,1035.037502
0.0,22,1035.326574
0.038855,535,1037.405303
0.0,26,1037.746553
0.0,23,1038.088881
0.0,18,1038.394552
0.0,20,1039.557727
0.0,25,1039.857123
0.0,20,1040.145146
0.0,20,1040.430938
0.0,19,1040.713432
0.191694,293,1041.956395
0.0,165,1042.784679
0.0,237,1043.820948
0.123248,255,1044.931602
0.0,68,1045.385452
0.0,17,1045.661567
0.0,21,1045.95162
0.0,22,1046.252221
0.0,20,1046.536558
0.0,58,1046.959017
0.0,29,1047.283413
0.0,62,1047.708788
0.0,69,1048.164302
0.0,981,1051.825753
0.009668,289,1053.046811
0.0,19,1053.35104
0.0,24,1053.658416
0.0,59,1054.079289
0.083143,265,1055.25204
0.0,18,1055.576477
0.0,19,1055.893553
0.0,476,1057.784045
0.0,19,1058.085457
0.0,21,1058.38965
0.019913,479,1060.306461
0.0,27,1061.503435
0.0,425,1063.211547
0.0,285,1064.423077
0.0,266,1065.583691
0.0,68,1066.042647
0.009491,179,1066.877241
0.0,24,1067.170844
0.0,18,1067.450386
0.0,132,1068.155444
0.0,23,1068.462015
0.0,22,1068.765573
0.0,20,1069.048397
0.0,21,1069.336933
0.0,67,1069.77933
0.0,23,1070.076373
0.0,21,1070.3611
0.0,20,1070.644446
0.0,351,1072.080753
0.342564,738,1075.019941
0.0,68,1075.482326
0.0,22,1075.790343
0.0,22,1076.088344
0.0,20,1076.382772
0.0,20,1076.667611
0.0,37,1077.016744
0.0,19,1077.319807
0.0,22,1077.619922
0.0,20,1077.908532
0.0,20,1078.194005
0.0,174,1079.018063
0.0,21,1079.316006
0.0,22,1079.60718
0.053824,204,1080.565864
0.0,18,1080.864699
0.0,22,1081.162464
0.0,20,1081.446502
0.0,824,1085.530157
0.0,22,1085.858892
0.0,22,1086.166959
0.0,22,1086.472545
0.0,21,1086.759077
0.0,25,1087.064884
0.0,116,1087.716264
0.0,64,1088.150362
0.0,107,1088.754349
0.024692,429,1090.616914
0.0,21,1090.981845
0.0,24,1091.328542
0.0,149,1092.137878
0.020647,95,1092.697973
0.0,21,1092.989266
0.0,175,1093.834452
0.0,67,1094.279421
0.0,161,1095.080251
0.0,23,1095.388013
0.0,24,1095.688764
0.0,64,1096.125591
0.0,268,1097.329608
0.0,23,1097.656197
0.0,156,1098.435758
0.0,21,1098.722219
0.0,69,1099.173953
0.0,337,1100.575647
0.0,135,1101.269534
0.0,101,1101.849786
0.0,18,1102.12364
0.0,23,1102.41288
0.0,21,1102.702558
0.0,20,1103.009389
0.014553,139,1103.721593
0.0,21,1104.011565
0.082827,143,1104.728837
0.349359,261,1105.875267
0.0,19,1106.176761
1.044042,1001,1111.053473
0.0,22,1111.352752
0.0,76,1111.842583
0.0,216,1112.821596
0.0,21,1113.10297
0.0,21,1113.38738
0.0,20,1113.664827
0.0,22,1113.952602
0.0,19,1114.230133
0.0,190,1115.100963
0.0,22,1115.392288
0.0,22,1115.689569
0.0,20,1115.97944
0.0,21,1116.265711
0.0,21,1116.560006
0.0,20,1116.846744
0.235493,169,1117.662315
0.0,19,1117.939327
0.0,61,1118.377559
0.0,28,1118.703883
0.0,19,1118.98141
0.0,20,1119.265144
0.0,20,1119.54978
0.0,91,1120.089821
0.0,245,1121.195831
0.0,236,1122.274765
0.0,20,1122.562033
0.0,19,1122.841162
0.0,53,1123.249738
0.024494,90,1123.783208
0.0,22,1124.068207
0.0,23,1124.365294
0.0,21,1124.66263
0.0,19,1124.947
0.091849,152,1125.698757
0.0,18,1125.975567
0.0,128,1126.640497
0.0,200,1127.711919
0.0,24,1128.017507
0.0,18,1128.293653
0.0,113,1128.896689
0.0,149,1129.621458
0.0,265,1130.769477
0.0,45,1131.144094
0.0,22,1131.436254
0.0,22,1131.733518
0.0,17,1132.032695
0.157515,87,1132.621221
0.0,228,1133.737927
0.040331,1001,1138.283711
0.0,22,1138.577049
0.250988,173,1139.390171
0.0,20,1139.676814
0.0,100,1140.250353
0.002236,61,1140.680392
0.0,20,1140.964712
0.052692,125,1141.628126
0.0,23,1141.937442
0.0,594,1144.374822
0.0,135,1145.066233
0.0,21,1145.386463
0.0,24,1145.74984
0.067566,110,1146.410069
0.0,24,1146.704271
0.0,206,1147.631668
0.0,20,1147.931539
0.0,95,1148.474146
0.0,144,1149.199217
0.0,108,1149.796134
0.0,19,1150.080371
0.0,172,1150.905746
0.0,21,1151.199105
0.0,306,1152.48855
0.0,22,1152.796447
0.0,18,1153.079449
0.0,19,1153.357487
0.0,28,1153.663079
0.0,19,1153.955058
0.0,110,1154.567179
0.0,23,1154.860748
0.0,20,1155.14579
0.0,109,1155.739853
0.011774,193,1156.653619
0.0,27,1156.962483
0.0,18,1157.244128
0.0,17,1157.532477
0.0,20,1157.830972
0.0,27,1158.147644
0.0,163,1159.882715
0.0,25,1160.186573
0.0,74,1160.665713
0.0,19,1160.943884
0.0,107,1161.546402
0.037345,139,1162.271359
0.0,24,1162.578782
0.0,66,1163.083552
0.0,293,1164.379519
0.0,180,1165.229248
0.0,52,1165.627768
0.0,153,1166.401028
0.0,20,1166.732689
0.0,66,1167.255324
0.0,21,1167.600025
0.025188,63,1168.035704
0.0,112,1168.667674
0.0,178,1169.499617
0.0,82,1169.995072
0.0,23,1170.288447
0.0,20,1170.570208
0.0,18,1170.843895
0.0,17,1171.112729
0.0,23,1171.473973
0.0,17,1171.81316
0.0,21,1172.138807
1.122783,245,1173.268346
0.0,110,1173.881282
0.0,303,1175.175909
0.0,167,1175.97114
0.0,22,1176.264133
0.0,74,1176.731749
0.007924,116,1177.350823
0.0,25,1177.662361
0.0,19,1177.96074
0.0,172,1178.895939
0.0,20,1179.199507
0.0,20,1179.483085
0.817151,224,1180.482369
0.0,20,1180.832435
0.0,25,1181.176313
0.0,236,1182.234042
0.014617,136,1182.918786
0.0,23,1183.212854
0.0,76,1183.690927
0.426947,196,1185.449073
0.492299,126,1186.120046
0.0,20,1186.401617
0.0,210,1187.367873
0.0,21,1187.681628
0.0,21,1188.013594
0.0,22,1188.345641
0.245158,121,1188.993441
0.0,373,1190.557344
0.0,72,1191.08834
0.080599,84,1191.641091
0.0,21,1191.940274
0.005864,365,1193.461497
0.0,21,1193.759393
0.0,131,1194.443351
0.0,865,1197.767418
0.0,18,1198.044643
0.0,19,1198.336176
0.0,450,1200.230273
0.200209,93,1200.781864
0.0,24,1201.077324
0.0,58,1201.491348
0.0,23,1201.786141
0.0,21,1202.095751
0.0,23,1202.389027
0.0,19,1202.671939
0.509967,137,1203.366074
0.0,131,1204.044118
0.0,86,1204.560455
0.0,19,1204.841446
0.0,22,1205.136504
0.0,24,1205.440326
0.0,19,1205.731313
0.0,23,1206.033532
0.0,25,1206.358709
0.0,154,1207.107658
0.0,18,1207.38579
0.0,20,1207.675099
0.0,19,1207.953679
0.0,21,1208.240666
0.0,28,1208.552293
0.0,21,1208.844124
0.0,26,1209.153128
0.03107,69,1210.677503
0.0,18,1210.946766
0.0,21,1211.234713
0.0,147,1211.981963
0.0,20,1212.284266
0.0,22,1212.596318
0.0,21,1212.878829
0.085887,288,1214.13998
0.0,129,1214.840933
0.0,19,1215.117719
0.0,18,1215.396076
0.951967,108,1215.99408
0.0,26,1216.304674
0.0,21,1216.614643
0.0,19,1216.917361
0.460825,119,1217.643676
0.0,264,1218.797737
0.0,250,1219.878454
0.31068,189,1220.776122
0.049902,119,1221.41118
0.0,97,1221.969184
0.0,23,1222.274196
0.0,403,1223.907782
0.0,21,1224.192623
2.174105,193,1225.06901
0.0,80,1225.557784
0.004981,72,1226.051941
0.076516,111,1226.746675
0.0,264,1227.906901
1.772932,383,1229.465395
0.0,23,1229.757009
0.0,18,1230.027364
0.072816,182,1230.891622
0.0,116,1231.517685
0.0,96,1232.06864
0.0,1001,1237.050009
0.0,105,1237.628442
0.0,27,1237.937982
0.0,55,1238.353438
0.0,63,1238.80586
0.0,112,1239.409849
0.0,79,1239.902896
0.0,68,1240.361924
0.063335,108,1240.975936
0.0,21,1241.268232
0.0,147,1241.986609
0.0,1001,1245.747353
0.502761,132,1246.421123
1.53534,958,1250.195572
0.0,22,1250.500658
0.0,1001,1256.029553
0.835903,202,1256.967081
0.138852,113,1257.591408
0.0,28,1257.91335
0.0,117,1258.532891
0.0,18,1258.81568
0.0,18,1259.092919
0.665971,261,1260.327035
0.0,21,1260.67534
0.0,22,1260.976885
0.0,167,1261.784624
0.0,217,1262.773916
0.0,20,1263.063956
0.0,179,1263.915495
0.0,66,1264.389169
0.0,21,1264.684214
0.0,18,1264.961395
0.0,85,1265.48541
0.0,21,1265.768697
0.0,85,1266.282295
0.022561,105,1266.871455
0.0,28,1267.182123
0.849452,1001,1271.367729
0.7599,361,1273.166638
0.0,77,1273.716092
0.0,92,1274.255566
0.557957,243,1276.658803
0.0,22,1276.953109
0.011966,67,1277.392252
0.026145,118,1278.02392
0.0,62,1278.465318
0.0,138,1279.241438
0.0,31,1279.595148
0.100214,108,1280.216986
0.0,202,1281.16265
0.0,355,1282.672592
0.0,146,1283.421981
0.435086,250,1284.529174
0.0,160,1285.334412
0.0,28,1285.686703
0.0,205,1286.705647
0.0,18,1286.995709
0.206159,181,1287.838178
0.0,58,1288.253131
0.160532,161,1289.158064
0.0,61,1289.607337
0.204548,194,1290.52297
0.262515,126,1291.17843
0.0,121,1291.81374
0.027255,84,1292.323386
0.0,19,1292.618479
0.0,173,1293.51029
0.0,21,1293.84308
0.0,296,1295.129566
0.0,21,1295.410252
0.993374,165,1296.208191
0.0,54,1296.603569
0.0,19,1296.878889
0.0,23,1297.168462
0.0,656,1300.742418
0.0,102,1301.350563
0.0,105,1301.95781
0.022738,27,1302.286737
0.0,124,1302.937156
0.358557,101,1303.511001
0.0,536,1305.648217
0.0,24,1305.954658
0.0,156,1306.809941
0.0,63,1307.246254
0.0,28,1307.5604
0.856374,220,1308.537187
0.15404,193,1309.42051
0.0,96,1309.969135
0.0,22,1310.261526
0.0,23,1310.554239
0.0,56,1310.972052
0.0,24,1311.266703
0.0,23,1311.567563
0.574226,119,1312.204701
0.917258,236,1313.267152
0.161796,175,1314.098265
0.067166,1001,1318.061995
0.0,284,1320.456419
0.0,74,1320.929812
0.0,24,1321.232488
0.538173,138,1321.957015
0.0,56,1322.382127
0.002803,152,1323.140462
0.0,17,1323.424411
0.935104,1001,1327.324643
0.019397,106,1327.915077
0.0,76,1328.399471
0.053719,151,1329.20819
0.0,156,1330.100385
0.24608,100,1330.68527
0.0,111,1331.306919
0.0,77,1331.806394
0.0,23,1332.09916
0.0,23,1332.393202
0.0,124,1333.050603
0.370892,194,1334.003171
0.0,21,1334.329558
0.117565,90,1334.925862
0.620012,243,1335.997848
0.0,239,1337.066069
0.0,24,1337.364183
0.190653,112,1337.984346
0.0,59,1338.412549
0.0,100,1338.978854
0.0,103,1339.557501
0.367624,174,1340.380409
0.025538,274,1341.663472
0.0,20,1342.003238
0.0,206,1344.002049
0.0,25,1344.317255
1.172157,597,1346.626539
0.0,67,1347.08489
0.018373,175,1347.908706
0.0,152,1348.649115
0.0,71,1349.107728
0.0,182,1350.00333
0.0,140,1350.798993
0.0,75,1351.354812
0.0,60,1351.782689
0.100828,98,1352.35041
0.406338,113,1352.972555
0.0,97,1353.604642
0.547353,130,1354.36442
0.117693,80,1354.893245
0.544414,133,1355.566244
0.0,82,1356.070984
0.0,22,1356.382085
0.024443,327,1357.902906
1.72968,168,1358.71996
0.0,87,1359.26847
0.515029,244,1360.367271
0.0,70,1360.89997
0.0,21,1361.238842
0.0,69,1361.701915
0.0,175,1362.539031
0.078805,165,1363.344312
0.548627,117,1364.025425
0.0,79,1364.563746
0.0,117,1366.092847
0.0,1001,1369.864513
0.0,356,1371.33494
0.0,97,1371.889544
0.82491,227,1372.903946
0.0,168,1373.706791
0.0,142,1374.425453
0.0,131,1375.09187
0.0,234,1376.110386
0.721441,110,1376.705942
0.159782,105,1377.276797
0.0,100,1377.842881
0.0,118,1378.584664
0.0,66,1379.061808
0.764617,145,1379.795272
0.07944,141,1380.508752
2.189469,135,1381.195647
0.050678,364,1382.704598
1.196017,281,1383.923104
0.0,87,1384.463209
0.054024,134,1386.032604
0.0,21,1386.310257
0.112827,148,1387.031028
0.0,18,1387.300397
0.571501,206,1388.239511
0.0,231,1389.273303
0.0,22,1389.56325
0.0,123,1390.220619
0.0,163,1391.006911
0.0,112,1391.6153
0.0,163,1392.403063
0.0,432,1394.141982
0.0,281,1395.337024
0.0,128,1396.075446
0.0,217,1397.073361
0.053615,113,1397.687822
0.0,154,1398.448698
0.31616,195,1399.350617
0.0,83,1399.861272
0.0,22,1400.154403
0.0,176,1400.979646
0.029665,63,1401.41454
0.094022,64,1401.847786
0.050619,117,1402.485186
0.01247,60,1402.905319
0.0,250,1403.999137
0.0,422,1405.822204
0.0,90,1407.24162
0.0,75,1407.718733
0.0,24,1408.012448
0.0,19,1408.286853
0.0,65,1408.733447
0.0,55,1409.147735
0.0,189,1410.028336
1.260438,104,1410.610033
0.0,18,1410.931266
0.0,58,1411.369841
0.351362,129,1412.023075
0.0,187,1412.887405
1.488935,102,1413.51512
0.0,228,1414.656213
0.0,81,1415.247383
0.0,86,1415.855161
0.0,156,1416.628885
1.263916,129,1417.293925
0.0,56,1417.700647
0.020034,178,1418.607125
0.0,150,1419.438432
0.0,80,1419.930692
0.799915,150,1420.679392
0.0,53,1421.077924
0.0,21,1421.372734
0.0,22,1421.672845
0.025303,74,1422.15547
0.0,120,1422.797326
0.0,162,1423.580503
0.088844,93,1424.125152
0.038106,103,1424.708805
0.0,19,1424.995451
0.0,218,1426.073399
3.572095,1001,1430.724207
1.228791,260,1431.955615
0.0,82,1432.469787
0.155644,172,1433.370343
0.0,68,1433.832759
0.0,122,1434.489372
0.216359,70,1434.953799
0.374434,202,1435.885648
0.0,20,1436.172749
0.0,96,1436.729361
0.429778,129,1437.40321
0.032139,116,1438.024902
0.0,122,1438.665661
0.0,144,1439.399268
0.0,247,1440.483869
0.0,137,1441.401333
0.0,221,1442.4517
0.0,190,1443.337635
0.0,114,1444.06019
0.0,246,1445.234484
0.0,17,1445.516878
0.0,197,1446.42599
0.0,21,1446.73704
0.0,1001,1451.527088
0.0,20,1451.813804
0.0,43,1452.171487
0.952989,195,1453.063696
0.176271,106,1453.653026
0.0,144,1454.381758
0.0,111,1455.002491
2.496245,430,1456.745935
0.025328,84,1457.271374
0.0,125,1457.93395
0.392377,342,1459.403567
0.0,166,1460.204127
1.310738,172,1461.046112
0.12252,99,1461.615401
0.0,58,1462.043236
0.0,293,1463.380657
0.27534,145,1464.241413
0.701634,153,1465.007691
0.0,23,1465.310348
0.0,61,1465.743344
0.0,199,1466.72351
0.00089,101,1467.354765
0.169458,71,1467.809977
0.0,199,1468.721097
0.0,68,1469.184837
0.025309,151,1469.927635
1.618763,196,1470.824397
0.0,20,1471.112266
2.174303,149,1471.841262
0.0,80,1472.339899
0.068773,74,1473.666212
0.839924,445,1475.460907
1.389875,101,1476.025383
0.0,297,1477.298291
0.0,158,1478.082174
0.0,154,1478.84302
0.0,136,1479.541507
0.0,157,1480.308783
0.0,162,1481.105077
0.0,235,1482.145969
0.0,180,1482.992488
0.637085,84,1483.501065
0.0,128,1484.177109
0.0,143,1485.015476
1.189291,479,1486.932623
0.0,147,1487.654311
0.0,183,1488.506354
0.0,149,1489.258082
0.0,179,1490.091218
1.524955,253,1491.177071
0.0,52,1491.567106
0.0,123,1492.208179
0.0,21,1492.493571
0.0,147,1494.097966
0.570318,167,1494.887712
0.0,93,1495.42145
0.170152,112,1496.024711
0.0,140,1496.745243
0.56469,348,1498.191221
0.401024,317,1499.530447
0.346193,111,1500.13853
0.0,243,1501.211454
0.0,72,1501.679668
1.03061,215,1502.772709
0.0,21,1503.09503
1.082758,110,1503.779706
0.0,166,1504.635708
0.188711,188,1505.539252
0.0,249,1506.616059
1.393727,152,1507.377059
2.911402,267,1508.692189
0.0,60,1509.124954
0.118745,116,1509.73736
0.516045,250,1510.838281
0.231199,230,1511.87093
0.0,149,1512.614895
1.492378,188,1513.511063
0.0,172,1515.797636
0.0,180,1516.654293
1.680413,243,1517.773122
0.207858,106,1518.46636
0.0,74,1518.973974
1.248287,157,1519.770913
0.0,73,1520.31405
0.470871,95,1520.911016
0.572386,149,1521.637427
0.0,254,1522.75256
1.162268,170,1523.626513
3.148916,122,1524.378803
0.0,36,1524.742699
0.0,162,1525.5527
2.227412,1001,1529.550427
0.0,141,1530.296952
1.569213,228,1531.470005
0.0,27,1531.810829
0.0,619,1534.416409
1.560653,115,1535.134195
0.0,124,1536.605213
0.0,225,1537.6834
0.267325,131,1538.462513
0.0,23,1538.806533
2.021188,230,1539.946593
0.033038,97,1540.6876
0.890966,196,1541.705798
0.142645,137,1542.743586
0.0,242,1543.912958
0.300354,122,1544.590264
0.005832,91,1545.187141
0.0,69,1545.859723
0.0,153,1546.840149
0.239627,200,1548.12042
0.236454,66,1548.731941
0.451707,141,1549.647968
0.0,124,1550.783762
0.0,423,1553.817464
0.0,106,1554.569162
0.0,264,1556.075901
0.0,507,1558.928685
0.0,22,1559.350601
0.595146,148,1560.395842
3.229999,1001,1567.022559
0.921971,241,1568.401615
0.0,143,1569.413215
0.0,21,1569.839546
0.0,24,1570.260661
0.0,154,1571.278377
0.0,90,1572.030528
0.0,286,1573.912873
0.0,311,1575.971716
1.291063,171,1577.101447
2.135328,139,1578.881617
0.038405,516,1582.455348
0.0,109,1583.285139
0.065823,136,1584.313651
0.109591,175,1585.951755
1.511756,265,1587.828386
0.0,143,1589.071749
0.554044,235,1591.178243
0.0,22,1591.698914
1.090051,370,1595.814657
0.0,177,1596.959483
4.685954,662,1601.243871
0.0,274,1603.433588
2.899328,192,1605.571749
0.0,84,1606.484246
0.0,114,1607.399343
0.0,328,1609.270438
0.0,76,1610.011604
0.072317,146,1611.064717
3.072744,207,1612.49293
0.0,26,1613.00363
1.424249,223,1614.560561
1.036145,407,1617.128676
0.0,148,1618.03001
3.097359,1001,1623.344786
0.0,23,1623.652485
2.226804,433,1625.678451
0.779483,222,1626.70573
0.0,79,1627.224842
1.666415,160,1628.036394
1.919879,779,1631.113248
0.0,24,1631.417374
1.555455,308,1632.785247
0.0,209,1633.787185
6.499267,421,1635.701307
0.0,67,1636.248132
0.432354,109,1636.905885
0.337942,1001,1640.995189
0.0,120,1641.732164
1.699395,158,1644.765366
0.069566,65,1645.232128
0.0,180,1646.079809
0.0,135,1646.920438
0.617101,182,1647.989191
0.504907,104,1648.799162
0.749916,114,1649.607316
0.0,96,1650.431765
0.303075,129,1651.31273
0.0,63,1651.897052
0.0,60,1652.472495
2.035475,165,1653.650272
3.331632,183,1654.855175
0.652061,168,1655.959103
0.526345,130,1656.871786
1.903115,261,1658.651192
0.0,117,1659.552226
1.449013,189,1660.858361
0.0,292,1662.64441
0.0,128,1663.573248
0.521723,154,1664.649947
1.456083,302,1666.8298
0.0,116,1668.057857
0.0,177,1669.804071
0.19669,239,1671.32815
0.0,360,1675.812989
0.049414,162,1676.95482
1.586843,314,1679.416833
1.358158,176,1681.105725
0.02317,66,1681.761751
0.0,349,1683.839489
1.576125,93,1684.74093
2.63624,186,1686.190851
0.127311,107,1686.965302
3.788983,248,1688.693376
0.0,22,1689.330445
0.805441,108,1690.362066
0.0,275,1692.116591
0.549881,190,1693.4593
0.0,173,1694.622907
0.0,132,1696.200752
0.0,20,1696.722887
1.121228,127,1697.750909
0.0,216,1699.024998
0.0,132,1699.823328
0.017881,125,1700.580342
0.0,158,1701.408755
0.0,160,1702.249744
0.0,179,1703.119846
0.0,125,1703.807532
0.012427,50,1704.228486
0.0,140,1705.807147
0.0,23,1706.110115
0.05882,253,1707.272483
0.0,209,1708.346007
0.0,283,1709.568196
0.0,265,1710.702412
0.376265,83,1711.201882
0.0,370,1712.693808
0.019555,134,1713.368658
0.0,132,1714.047295
0.161824,363,1715.54472
0.0,202,1716.464597
3.356815,270,1717.614081
0.788999,156,1718.373896
2.483197,248,1719.452832
3.681389,1001,1723.415258
0.0,131,1725.37494
0.0,182,1726.244738
0.0,1001,1730.244529
0.0,268,1731.513773
1.85643,697,1734.277549
0.0,29,1734.617151
0.811108,160,1735.406923
0.0,23,1735.704583
2.24715,126,1736.35949
0.375041,136,1737.060279
0.0,225,1738.063335
0.0,121,1738.701844
1.866568,388,1740.28152
3.855263,299,1741.538088
1.242604,168,1742.352318
0.0,144,1743.212
2.25006,237,1745.105691
0.61871,196,1746.000281
0.634751,430,1747.7028
1.011859,132,1748.388929
0.0,185,1749.2744
0.0,263,1750.421782
0.078667,69,1750.883538
1.804656,1001,1754.849814
0.378834,885,1758.129473
0.0,175,1758.949593
0.916329,110,1759.610916
1.700726,226,1760.771307
0.0,21,1761.081042
0.126527,241,1763.051697
0.0,438,1764.782824
0.11879,77,1765.256319
0.064551,1001,1769.13167
0.0,50,1769.517655
0.0,1001,1773.237686
0.0,59,1773.655098
0.0,121,1774.287108
0.0,650,1776.921628
4.167335,235,1778.040563
2.34689,216,1779.132201
0.0,171,1779.941583
0.0,264,1781.997309
0.0,266,1783.150713
0.450341,134,1783.826904
1.351398,138,1784.527982
0.0,309,1785.82641
0.745107,142,1786.534983
0.0,121,1787.169362
1.194764,217,1788.127652
0.089842,116,1788.744661
0.021144,67,1789.191716
0.154547,135,1789.879019
0.0,206,1790.81397
0.449768,356,1792.284649
0.0,218,1793.27849
0.0,142,1794.044303
4.610737,580,1796.369337
0.0,209,1797.32122
0.0,73,1797.803414
0.0,21,1798.11468
0.008956,121,1798.758966
0.842858,458,1801.624222
0.0,46,1801.999621
3.280664,200,1802.919907
0.200718,172,1803.737858
3.34621,1001,1807.462505
2.29647,1001,1811.32675
0.0,222,1812.501328
1.811755,380,1814.069326
1.5054,192,1814.957562
1.58036,1001,1819.554602
3.376125,1001,1823.300146
1.431689,176,1824.130969
0.0,1001,1827.95535
0.0,239,1829.187598
5.361077,1001,1832.999081
0.0,1001,1837.805725
0.0,844,1841.394293
0.0,1001,1845.554872
0.0,19,1845.87171
0.0,279,1847.259572
0.199267,89,1847.85075
0.0,20,1848.14072
0.0,236,1849.242656
3.461809,200,1850.357938
0.0,441,1852.257427
5.220369,1001,1857.507375
0.0,135,1858.209016
0.0,194,1859.143098
1.836683,229,1860.178755
5.745189,509,1862.213076
0.839843,154,1862.989272
1.798591,274,1864.182751
0.0,196,1865.131325
0.0,1001,1868.902072
2.507771,609,1871.285367
3.761787,1001,1875.937176
1.703698,194,1876.846422
0.965536,121,1877.482447
0.0,168,1878.317893
0.0,25,1878.61862
0.0,313,1879.957148
0.0,1001,1883.82871
0.0,709,1886.534327
0.0,145,1887.261758
3.084301,1001,1891.89799
3.710107,1001,1895.650899
0.0,74,1896.132153
2.497001,315,1897.470961
0.0,191,1898.372932
1.311248,242,1899.481674
1.060055,1001,1903.278604
1.988978,193,1904.179603
0.0,543,1906.321583
2.062685,1001,1911.123417
0.0,222,1912.146841
1.011767,625,1914.609503
3.156937,1001,1918.554079
0.0,409,1920.204929
0.0,144,1920.927972
0.120063,187,1921.822958
0.0,447,1923.775667
1.062694,162,1925.472356
0.0,181,1926.329319
0.002042,197,1927.228417
3.486779,247,1928.325639
0.0,115,1928.9431
0.0,312,1930.27246
0.0,1001,1934.338407
1.915179,114,1934.972497
0.0,240,1936.05466
3.284909,234,1937.090623
0.0,138,1937.78443
1.605244,1001,1941.737243
0.0,285,1942.987733
1.831321,196,1944.752987
0.0,196,1945.66558
0.0,236,1946.698355
0.011762,273,1947.873618
0.0,768,1951.012769
0.900398,122,1951.785581
2.837529,186,1952.671905
0.0,123,1953.331185
0.94468,235,1954.382653
0.0,237,1955.426516
2.133296,229,1956.436479
3.385473,209,1957.385791
3.547994,917,1960.840093
0.0,1001,1965.453825
0.0,1001,1969.259197
0.0,512,1971.297885
0.126817,1001,1975.005405
0.0,409,1976.639436
1.710816,1001,1981.183566
0.633041,1001,1985.155621
1.991781,155,1985.95401
1.126209,1001,1989.77103
0.005574,306,1991.088545
0.612658,1001,1995.827184
0.815684,1001,1999.724006
0.561,163,2000.51353
0.060502,1001,2004.393326
0.978346,1001,2008.373536
0.0,336,2009.753424
3.563501,1001,2014.516834
1.592118,336,2015.96531
0.0,1001,2020.033393
0.0,225,2021.033947
3.425333,1001,2024.756607
0.0,252,2025.845213
0.217082,112,2026.466242
0.0,1001,2031.102875
0.0,216,2032.076249
0.0,290,2033.303276
2.892831,195,2034.197219
0.0,1001,2038.073629
0.30165,367,2039.580587
1.432211,599,2041.942267
0.0,208,2042.915323
1.33114,1001,2047.644892
1.414288,1001,2051.396258
2.737708,240,2052.472657
0.007487,1001,2056.371263
2.841333,137,2057.077733
0.0,272,2058.249506
0.0,277,2059.431181
0.268064,66,2059.889022
0.0,1001,2063.619185
3.198222,627,2066.936794
0.0,1001,2070.994326
0.0,144,2071.705623
0.0,806,2074.745514
0.0,403,2076.39241
1.363439,971,2080.071971
0.0,274,2082.465532
0.0,293,2083.744895
2.536065,1001,2087.847146
0.0,1001,2091.588617
2.271228,491,2093.524479
0.0,1001,2097.298434
6.254902,1001,2102.142826
0.0,1001,2106.13497
5.488384,649,2108.578534
0.0,1001,2112.356162
0.0,260,2113.501736
0.810364,1001,2118.131977
0.0,26,2118.444173
2.405671,173,2119.285462
12.317604,1001,2123.141364
7.075739,288,2124.361873
5.772577,692,2126.979365
0.0,81,2127.481947
0.0,171,2128.277563
2.004603,197,2129.191381
2.437989,187,2130.049542
2.408517,304,2131.3135
5.60154,1001,2135.900435
1.725026,1001,2139.720286
1.258816,333,2141.104516
2.897388,212,2142.046738
0.0,1001,2145.733876
0.07294,1001,2150.458426
1.58978,904,2153.853583
0.0,1001,2157.721458
2.429147,243,2158.782163
0.0,1001,2162.48788
5.127387,479,2164.390563
0.0,359,2165.869637
5.391987,1001,2170.67628
3.041638,1001,2174.582758
1.189079,222,2175.58007
0.0,180,2176.428296
0.394548,191,2177.333219
0.0,1001,2181.066493
0.0,39,2181.428289
2.577156,1001,2186.111117
0.0,197,2187.035951
0.0,145,2187.762532
0.0,162,2188.563978
1.742413,210,2189.695646
0.0,1001,2193.525051
1.909832,307,2194.803641
0.0,193,2195.681053
3.791889,1001,2199.425902
0.0,928,2203.699576
0.0,326,2205.042049
6.078293,1001,2208.875597
2.416331,271,2210.043936
0.0,1001,2213.776196
0.0,961,2217.395679
0.0,1001,2222.105421
0.0,1001,2225.992271
0.0,1001,2229.911299
5.012895,1001,2233.879467
4.27315,1001,2238.674601
3.067603,1001,2242.554421
0.0,282,2243.739086
0.0,1001,2247.472961
0.0,195,2248.374292
0.0,240,2249.440276
0.021893,556,2252.562978
2.790437,1001,2256.298025
4.446312,1001,2260.149907
5.673895,1001,2263.911843
0.0,1001,2267.780123
2.106958,1001,2272.984987
0.0,265,2274.157182
4.138726,243,2275.411167
3.843969,241,2276.782934
0.0,1001,2281.837659
1.889082,1001,2287.92043
0.0,243,2289.598171
0.0,588,2294.47133
4.846245,322,2296.362093
1.060477,340,2298.439272
0.0,1001,2303.784007
2.935502,1001,2309.151787
0.854686,1001,2315.725578
0.0,1001,2320.841114
4.303099,1001,2325.787079
0.810607,138,2326.507284
1.08946,1001,2330.481291
0.0,186,2331.488726
0.0,250,2332.635154
0.057712,21,2332.971216
0.0,194,2334.332447
0.0,1001,2339.91874
0.0,213,2340.879466
7.603607,1001,2346.396396
0.0,233,2348.062608
3.770317,1001,2353.158955
1.219689,1001,2360.880953
0.0,1001,2367.329423
0.0,148,2368.413467
2.590754,177,2369.760994
8.021951,236,2371.215675
0.0,1001,2377.128776
0.0,1001,2383.622501
0.0,1001,2390.974553
4.98149,427,2393.059324
0.0,1001,2396.977013
0.0,273,2398.154188
8.88598,1001,2402.057824
2.839557,229,2403.224734
3.436187,328,2404.618358
5.76263,1001,2409.555547
0.0,150,2410.316815
0.0,382,2411.879932
0.254962,263,2413.185551
0.007232,1001,2416.932967
0.0,367,2418.454276
0.0,1001,2422.390565
0.0,1001,2427.177693
0.0,209,2428.125189
1.302873,1001,2431.946956
0.00156,254,2433.051888
0.0,1001,2436.771921
6.355898,307,2438.060394
9.452425,358,2439.528539
0.0,110,2440.14647
0.221245,92,2441.63884
0.0,1001,2445.342469
1.007185,353,2446.957079
0.0,165,2447.738893
0.0,456,2449.53666
6.494285,1001,2453.298128
1.352808,149,2454.030464
1.063764,246,2455.11317
5.86866,1001,2460.319085
0.345339,1001,2464.269003
9.123232,311,2465.562734
1.303148,290,2466.788188
1.790806,1001,2470.730534
0.0,1001,2474.565625
2.403253,167,2475.491909
0.0,1001,2480.342506
0.508889,1001,2484.260097
0.0,1001,2487.954716
0.0,1001,2491.670311
0.0,1001,2496.379078
2.623175,240,2497.530809
1.561425,136,2498.209528
0.0,714,2500.914856
0.0,1001,2504.607543
2.968268,292,2505.835092
0.0,479,2507.72264
0.0,418,2510.257357
5.108376,253,2511.353847
0.0,1001,2515.381589
0.12093,426,2517.067493
7.980963,1001,2520.772476
4.051428,175,2521.594025
6.902179,335,2522.969467
4.46143,1001,2527.626244
0.0,175,2528.456208
11.059844,1001,2532.301967
0.0,978,2535.974026
0.0,207,2536.90782
0.0,234,2537.930758
0.0,1001,2541.665755
10.242803,562,2544.704885
0.0,1001,2548.687778
3.406521,1001,2552.5361
5.001746,218,2553.52199
0.00298,1001,2557.359477
0.0,364,2558.838012
1.796668,100,2559.396479
2.817797,687,2562.878167
0.111441,274,2564.16809
5.657626,1001,2568.084802
1.67685,1001,2571.993965
0.481892,591,2574.270853
0.11622,882,2578.598103
0.0,1001,2582.486494
0.152662,1001,2586.226013
8.44506,478,2588.127376
6.373409,886,2591.475546
8.971228,1001,2596.228698
0.0,426,2598.064567
7.195655,235,2599.108705
2.169536,1001,2603.057459
0.0,1001,2606.819559
0.000199,1001,2611.458627
0.0,497,2613.403123
2.735881,175,2614.344868
6.903054,230,2615.422989
0.0,1001,2619.165418
0.0,190,2620.045316
0.015667,258,2621.184312
12.180587,1001,2625.143731
9.241042,1001,2629.928157
0.0,328,2631.41336
0.016594,248,2632.689293
0.0,493,2634.657263
5.573344,323,2636.153529
0.01157,1001,2639.975564
0.0,22,2640.282295
5.718049,263,2641.409263
0.0,925,2645.082237
0.660866,1001,2649.794539
1.701084,897,2653.299906
0.0,1001,2657.054686
4.707126,405,2658.822342
0.0,452,2660.61319
0.0,1001,2665.473978
3.745178,1001,2669.236777
0.0,252,2670.341182
9.772587,1001,2674.085185
0.0,377,2675.632614
0.0,1001,2679.345725
4.543837,1001,2684.171882
0.0,1001,2687.922245
8.405145,1001,2691.680874
3.783867,1001,2695.413055
0.0,1001,2700.359954
2.30032,239,2701.461985
0.0,649,2704.022347
0.0,1001,2707.878254
1.30637,1001,2711.595167
0.0,581,2714.747794
1.559157,1001,2718.536555
2.748182,751,2721.4138
3.500793,1001,2725.389416
4.242325,1001,2729.406258
3.43023,216,2731.31149
4.915891,327,2732.818195
0.0,598,2735.147847
3.286648,623,2737.687762
3.508076,681,2740.341963
1.165555,424,2742.062241
0.0,515,2744.104964
0.0,1001,2749.06348
7.467448,1001,2753.100937
1.461643,268,2754.287274
0.043104,291,2755.527108
0.0,195,2756.439614
0.0,432,2758.189746
0.057768,203,2759.138637
2.750637,566,2761.353916
0.0,351,2762.786169
0.0,1001,2767.409508
0.048055,395,2769.02495
3.676655,185,2769.885936
0.0,1001,2773.615879
0.0,254,2774.718027
0.0,713,2777.4031
0.0,1001,2781.137313
0.0,1001,2785.984943
0.0,423,2787.715588
0.0,382,2789.287855
2.001417,382,2790.845905
0.0,188,2791.715809
9.244386,493,2793.664593
7.933263,426,2795.397333
0.0,346,2796.826151
0.0,183,2797.720009
0.0,1001,2802.515981
0.0,1001,2806.378639
11.160948,289,2807.602897
0.805701,1001,2811.512943
0.0,312,2812.823829
0.0,1001,2818.276924
2.449364,449,2820.106705
4.032844,1001,2823.851006
0.0,465,2825.762637
0.0,1001,2829.692443
9.545902,897,2833.197963
0.0,272,2835.351511
4.491481,1001,2839.123826
0.0,208,2840.072614
2.688201,495,2842.009693
0.0,534,2844.135767
8.120362,344,2845.583274
2.45828,547,2847.683125
0.0,1001,2852.921076
5.757511,253,2854.050865
3.135259,1001,2857.759172
0.0,359,2859.208575
0.0,409,2860.87978
0.0,622,2863.28587
11.702724,741,2866.471101
0.0,212,2867.759723
0.0,223,2869.110159
0.022663,146,2870.048515
3.445241,120,2872.142381
0.0,154,2873.209244
4.075452,1001,2878.242239
0.0,279,2879.807301
0.0,1001,2885.290864
0.0,234,2887.319548
3.817304,518,2891.468727
0.067271,82,2892.6271
0.181872,1001,2898.011543
0.0,1001,2902.042305
2.341789,374,2903.669934
0.0,1001,2907.521087
0.0,1001,2911.362721
1.309993,1001,2915.973802
0.0,210,2916.914907
9.597936,445,2918.720708
0.833171,346,2920.186561
6.879646,1001,2923.97768
4.615196,212,2924.97411
0.0,599,2927.370841
0.56104,1001,2932.097076
7.480515,1001,2935.885341
2.737278,98,2936.421665
0.0,258,2937.52054
0.0,329,2939.185186
11.284283,310,2940.710172
3.131245,392,2942.413368
1.839229,967,2946.465456
15.320762,1001,2952.201713
0.0,273,2953.624827
4.462227,1001,2957.977852
0.0,1001,2962.677667
0.0,297,2964.267145
0.0,764,2967.914399
0.0,646,2971.99518
1.995623,1001,2976.606793
5.410499,1001,2980.551387
2.929592,1001,2984.286179
0.58734,1001,2989.133254
0.0,143,2990.01768
0.437281,1001,2994.081519
2.984731,1001,2998.080107
0.0,222,2999.135989
4.207992,215,3000.238844
0.0,1001,3004.761598
1.24154,313,3007.447098
15.926715,1001,3011.643357
0.0,281,3012.945402
12.126939,432,3015.283987
3.925059,252,3016.656875
2.381968,462,3018.528684
4.285341,411,3020.347959
0.0,602,3022.997913
5.406458,1001,3027.872539
3.208413,278,3029.093348
7.215413,1001,3032.876075
0.0,1001,3036.78588
3.425622,923,3040.468432
7.912096,394,3042.063865
1.518091,1001,3046.965331
5.39819,1001,3050.730593
0.0,1001,3054.625929
3.728288,1001,3058.399835
1.42773,1001,3063.480384
0.0,1001,3067.482653
0.01466,207,3068.440903
5.728609,225,3069.521159
0.0,627,3072.253173
0.078995,1001,3076.938907
6.153314,1001,3081.783065
0.0,1001,3086.530684
4.443161,336,3088.675214
0.0,1001,3095.076628
3.930108,203,3096.223293
0.0,1001,3101.532804
12.563344,294,3103.478012
2.389807,1001,3109.363982
0.01374,1001,3114.000717
0.0,1001,3118.540979
4.848575,181,3119.574608
0.0,175,3120.474906
0.0,1001,3125.654518
3.498331,1001,3129.679942
0.0,1001,3134.721235
4.070916,626,3137.352862
0.0,32,3137.708398
7.240647,1001,3142.794402
0.0,983,3146.654938
7.364221,536,3149.112482
8.957903,459,3151.035687
0.011618,1001,3154.922967
6.77684,1001,3160.291179
7.490281,325,3161.743338
6.848474,1001,3166.190869
0.843248,642,3169.10213
8.993111,1001,3173.187578
0.0,27,3173.556509
0.0,1001,3178.683354
13.238471,329,3180.162931
0.0,1001,3184.047591
4.968909,426,3186.017043
0.000275,453,3188.161268
1.873522,1001,3192.904127
0.0,768,3198.704312
3.294925,1001,3202.859443
3.543114,199,3203.834922
3.49102,402,3205.763577
4.724081,345,3207.460092
2.91273,269,3208.87326
0.0,571,3211.853937
0.0,376,3213.950206
16.553357,352,3216.056444
0.0,1001,3223.174286
8.955513,1001,3228.762753
10.86488,794,3233.057422
0.0,1001,3238.547571
1.792419,1001,3245.797235
2.069271,210,3247.374379
0.0,1001,3252.752777
0.015778,1001,3257.957454
6.116115,675,3261.873268
0.0,1001,3268.602677
2.164624,164,3269.561349
0.0,1001,3273.753529
2.85633,1001,3277.660473
0.0,1001,3281.505108
7.527373,1001,3287.348906
0.0,1001,3291.006191
0.0,1001,3294.813839
0.0,367,3296.305688
0.0,1001,3299.944292
3.94315,451,3301.715324
0.0,1001,3306.916495
3.437111,218,3307.949195
0.0,254,3309.056763
0.0,1001,3313.114564
0.0,1001,3317.087182
2.796554,1001,3322.240077
0.0,1001,3326.205267
2.005644,172,3327.080169
6.068084,324,3328.553237
0.0,1001,3332.307844
0.228679,574,3334.804345
26.913824,1001,3339.533853
0.0,449,3341.33686
6.267809,1001,3345.058604
0.0,664,3347.591851
3.880401,411,3349.439869
0.0,304,3350.712809
5.851995,503,3352.728104
0.0,214,3353.71171
3.815021,402,3356.292336
2.251835,1001,3360.209279
0.0,42,3360.575164
6.685512,1001,3364.531817
0.0,1001,3368.324327
0.0,804,3371.517833
0.0,1001,3376.256009
9.003333,1001,3380.512823
5.986256,1001,3384.725976
0.0,386,3386.345961
0.0,123,3387.018225
6.425771,994,3391.732385
0.0,1001,3395.530624
0.0,1001,3399.54102
0.0,1001,3403.51843
0.0,778,3406.696541
0.0,1001,3411.571077
11.790953,1001,3415.776118
0.0,1001,3419.697002
3.571182,301,3421.156729
0.0,232,3422.227271
0.0,428,3423.970262
0.0,1001,3429.19429
0.0,1001,3433.023496
3.552104,770,3436.181447
1.746747,114,3436.801263
1.28596,471,3438.719164
0.0,1001,3442.632494
0.745355,47,3443.969339
1.318391,655,3446.504742
4.54077,292,3447.791186
0.021614,892,3451.293576
0.0,378,3452.938907
0.0,1001,3456.83845
0.0,1001,3461.870959
0.0,431,3463.671483
0.0,239,3464.72899
0.69871,1001,3468.545796
0.0,1001,3472.544272
0.0,585,3474.921666
0.0,1001,3479.740317
0.0,1001,3483.651731
0.0,1001,3487.525305
1.860608,1001,3491.528607
1.579058,1001,3496.320707
2.453111,1001,3500.416318
6.085582,1001,3504.451297
3.205981,1001,3508.393111
0.0,1001,3513.13121
2.250303,1001,3517.133656
7.439882,1001,3521.090605
2.590438,807,3524.197279
6.41508,1001,3528.03236
2.213483,1001,3532.73348
2.635461,726,3535.510639
3.722782,332,3536.892564
0.0,1001,3540.896748
5.348304,1001,3544.814671
12.557323,1001,3549.514861
0.0,620,3552.049076
3.830867,1001,3555.990051
5.212945,1001,3559.753777
0.0,1001,3564.448778
4.372157,1001,3568.229286
12.035457,1001,3572.207877
0.0,1001,3576.071448
6.765892,622,3578.499826
1.170671,1001,3583.37829
11.619442,1001,3587.393721
3.602967,1001,3591.194295
0.0,1001,3595.271061
16.412285,775,3599.279778
0.0,1001,3603.041038
0.0,1001,3606.801916
22.228188,614,3609.194391
8.343702,1001,3613.937639
0.0,1001,3617.74272
0.0,431,3619.508604
0.0,137,3620.189617
0.005838,1001,3624.020364
0.0,402,3625.649953
0.0,47,3626.037089
5.271318,1001,3630.818419
4.892654,1001,3634.651499
8.380357,1001,3638.450173
14.691878,1001,3642.229603
5.74578,1001,3645.991612
4.857512,1001,3650.787522
8.724948,1001,3654.619826
0.0,1001,3658.461064
1.580802,1001,3662.448261
0.0,1001,3667.148544
10.658262,1001,3670.914582
9.227541,1001,3674.806739
0.0,1001,3678.704369
0.0,1001,3683.432511
0.0,1001,3687.661277
2.267321,1001,3691.408449
0.0,1001,3695.195801
1.846393,1001,3700.045442
6.33716,1001,3704.584116
0.0,491,3706.935033
9.739666,633,3710.003104
2.749675,1001,3715.027796
0.0,1001,3722.135334
0.0,1001,3727.766031
0.0,256,3729.506835
11.965704,1001,3735.158046
0.0,1001,3740.802042
14.140623,1001,3747.185056
21.041873,1001,3752.556446
0.0,550,3755.681205
0.0,1001,3759.90434
0.0,592,3762.504615
15.224896,1001,3767.473722
7.9646,283,3768.712407
9.41374,1001,3772.62516
0.0,1001,3776.359176
0.0,845,3779.551448
4.825709,1001,3784.026601
6.75253,1001,3787.717257
18.72038,1001,3791.714966
0.0,1001,3795.51217
0.799977,1001,3800.314496
0.0,648,3803.253618
8.329618,1001,3807.583058
0.0,1001,3811.56721
0.639191,1001,3816.687315
0.0,1001,3820.920978
0.0,1001,3825.864475
3.115385,1001,3831.351596
1.258397,1001,3839.298965
0.023608,1001,3844.745456
4.538992,1001,3850.429578
0.0,1001,3856.121321
0.0,1001,3862.894102
4.444444,1001,3867.407752
8.783166,1001,3871.872488
10.001125,1001,3876.123975
0.0,1001,3882.338355
4.983751,1001,3886.613035
4.772738,1001,3890.749723
0.0,1001,3894.832474
13.835007,1001,3899.831509
6.143902,1001,3903.732977
0.0,1001,3907.626483
0.008047,1001,3911.369529
6.479566,1001,3915.490573
0.0,1001,3920.837461
0.0,956,3924.897055
0.0,1001,3928.810419
0.0,1001,3932.664865
3.047415,1001,3937.834872
4.773596,1001,3941.605093
0.0,1001,3945.674565
2.783545,1001,3949.695719
3.278817,1001,3955.412508
0.0,1001,3959.513478
6.176561,1001,3963.445128
4.766169,247,3964.578274
19.314587,1001,3968.761636
0.635785,1001,3973.987929
0.0,28,3974.315538
3.976942,1001,3978.247228
0.0,1001,3982.696761
0.0,1001,3987.058441
0.0,28,3987.396321
0.062296,1001,3992.325124
3.63479,1001,3996.105642
0.0,1001,3999.920733
0.0,1001,4003.773687
7.491535,1001,4008.992292
0.0,1001,4013.951176
0.0,1001,4019.383617
0.0,1001,4024.001427
3.467814,1001,4029.290052
0.0,1001,4033.495081
0.0,1001,4037.754677
0.0,1001,4041.699408
0.0,1001,4046.528209
0.0,1001,4050.308867
2.083703,1001,4054.085085
4.703804,1001,4057.82336
7.930702,1001,4062.580724
0.0,1001,4066.436474
0.0,1001,4070.641659
9.092189,1001,4074.851553
4.461605,1001,4079.873754
0.0,1001,4083.785433
0.0,1001,4087.996157
12.014948,1001,4092.120845
6.136627,1001,4097.645773
20.256508,1001,4102.85251
7.531187,1001,4108.553338
3.448813,1001,4113.9459
0.0,1001,4122.198182
5.334208,1001,4127.731958
5.024401,1001,4133.030485
0.042415,1001,4138.51653
11.473027,1001,4145.234113
0.0,1001,4150.353608
7.911598,1001,4154.39631
0.0,1001,4158.259081
0.0,1001,4162.263467
1.508332,1001,4167.305974
0.0,1001,4171.304662
0.0,1001,4175.092694
4.257362,1001,4178.869397
0.0,1001,4183.637776
5.630425,1001,4187.418603
0.0,1001,4191.251554
15.954454,1001,4195.079914
5.718472,1001,4199.810557
0.0,1001,4203.674535
0.0,1001,4207.388243
4.781928,1001,4211.127166
5.147038,1001,4215.716311
7.264721,1001,4219.680669
0.0,1001,4223.400483
0.022912,1001,4227.116548
6.0218,1001,4231.631802
0.0,1001,4235.452075
8.840897,1001,4239.417878
0.0,1001,4243.348933
11.86812,1001,4248.83192
5.965537,1001,4253.170051
0.0,1001,4257.576548
0.0,1001,4261.975451
5.508058,1001,4266.805754
4.897535,1001,4270.968942
1.428885,1001,4275.284533
0.539061,1001,4280.117234
0.0,1001,4285.103045
1.650193,1001,4289.2949
9.998225,1001,4293.400006
0.0,1001,4297.256998
0.0,1001,4302.284515
0.0,1001,4306.564421
21.671686,1001,4310.723761
4.444479,1001,4314.958551
0.0,1001,4320.710965
15.024054,729,4323.728906
4.351297,1001,4327.64813
0.0,1001,4331.636288
0.0,1001,4335.816361
0.0,1001,4340.503499
15.635581,1001,4344.595028
0.0,1001,4348.910324
4.050746,1001,4352.969673
6.250371,1001,4357.813923
0.0,1001,4362.249857
0.019173,1001,4366.43983
0.0,1001,4372.090023
0.0,1001,4378.75818
0.0,1001,4384.092357
3.415485,697,4388.068955
0.0,1001,4392.201984
0.0,1001,4397.208946
11.275652,1001,4401.384027
0.0,1001,4405.342309
