#{"t_start": 1704894204.8579898, "env_id": "None"}
r,l,t
0.047276,22,0.491227
0.317524,72,0.999537
0.0,18,1.29167
0.0,20,1.596956
0.040594,19,1.881919
1.576638,188,2.768402
0.047327,22,3.060993
0.010033,20,3.358777
0.0,19,3.638347
0.052307,22,3.933568
0.10636,21,4.317111
1.148195,316,5.84457
0.0,20,6.135147
0.0,18,6.427444
0.067919,22,6.744892
0.06563,21,7.072642
0.068491,20,7.404612
0.046482,18,7.70647
0.055062,20,8.018523
0.110665,23,8.329695
0.052088,22,8.634759
0.026331,22,8.935088
0.132115,23,9.230855
0.04095,21,9.513948
0.126699,70,10.025397
0.0,20,10.332658
0.077841,23,10.662244
0.458398,145,11.43532
0.096821,20,11.730881
0.15595,21,12.030489
0.048956,22,12.325919
0.065563,22,12.629448
0.035746,19,12.921143
0.044811,22,13.236648
0.139662,20,13.526867
1.042718,247,14.700015
1.376878,329,16.363611
0.249585,76,16.85234
0.0,19,17.137961
0.722783,639,19.960737
0.267628,23,20.291266
1.34817,271,21.506993
0.028558,17,21.790958
0.891787,340,23.231054
0.034676,20,23.535927
0.071106,20,23.835606
0.086799,23,24.157501
0.107126,93,24.72918
0.149211,26,25.039975
0.370358,148,25.851873
0.031073,24,26.23852
0.018286,22,26.549567
0.0,17,26.928649
0.097091,27,27.28241
0.71186,183,28.151535
0.044403,20,28.444664
0.084224,25,28.754053
0.0,20,29.042293
0.177013,21,29.332022
0.020707,20,29.617983
0.877258,176,31.245307
0.062626,23,31.544507
0.363586,75,32.067067
0.135801,67,32.577274
0.020624,19,32.881498
0.0,19,33.175562
0.064802,20,33.473031
0.030042,19,33.754787
0.336813,115,34.379622
0.0,22,34.66493
0.000594,21,34.950807
0.055885,19,35.258478
0.107158,18,35.553397
0.141509,21,35.837377
0.107833,24,36.135312
0.128661,20,36.433148
0.097648,20,36.722887
0.032055,23,37.021241
0.0,21,37.312417
0.0,19,37.597881
0.02173,19,37.883225
0.303154,140,38.617434
0.019655,22,38.921518
0.074042,20,39.213145
0.737003,121,39.857298
0.263332,22,40.150192
0.137967,20,40.429459
0.734707,145,41.148983
0.146216,21,41.446926
1.41277,338,42.856243
0.088119,20,43.153515
0.511838,191,44.29729
1.558623,255,45.541907
0.072603,18,45.867465
0.0,19,46.165993
0.037507,20,46.46149
0.0,21,46.764524
0.632498,164,47.575965
0.120334,27,47.888945
0.0,20,48.183571
0.822395,202,49.177437
0.176362,24,49.488879
0.098058,23,49.793863
0.015416,21,50.093996
0.0,21,50.398069
0.191277,23,50.708333
0.099251,18,50.99163
0.095604,20,51.284478
0.0,18,51.57591
0.051027,21,51.86834
0.050691,24,52.181818
0.038361,18,52.474942
0.068211,24,52.786484
0.057119,21,53.091444
0.033797,21,53.392473
0.098129,20,53.683993
0.018009,18,53.968718
0.0,19,54.252697
0.024677,19,54.542613
0.0,22,54.839283
0.022372,23,55.143434
0.0,21,55.453528
0.288359,71,55.943456
0.006312,19,56.235103
0.0,21,56.53992
1.042644,429,58.477514
0.062209,23,58.835372
0.202041,83,59.34023
0.037584,53,59.743863
0.02674,21,60.037837
0.07902,22,60.360992
0.05702,20,60.661171
0.0,22,60.961574
0.089477,24,61.280361
0.025102,21,61.568212
0.096048,21,61.856683
0.31741,90,62.385714
0.030111,22,62.679031
0.585197,168,64.347838
0.070513,19,64.630834
0.0,20,64.92388
1.35471,265,66.120833
0.139069,24,66.434059
0.253284,140,67.221215
0.547239,67,67.717968
0.0,20,68.012437
0.261437,24,68.318419
0.162976,20,68.6565
0.021056,20,68.978836
0.051689,19,69.265629
0.0,19,69.610328
0.088858,21,69.960032
0.027778,19,70.259763
0.045502,23,70.559577
0.117626,21,70.862859
0.033074,20,71.160367
0.064783,20,71.461846
0.065556,22,71.786775
6.509396,1001,75.875266
0.359054,25,76.205343
0.17374,58,76.670137
0.145022,24,76.985506
0.047428,19,77.286223
0.184076,22,77.585154
0.354707,115,78.386355
0.005509,19,78.778263
0.116679,21,79.126377
0.052375,22,79.468537
0.121244,19,79.958257
0.014302,19,80.372334
0.037848,22,80.691069
0.245868,99,81.405307
0.031251,20,81.849738
0.151497,25,82.195705
0.0,21,82.546764
0.0,20,82.882425
0.007448,20,83.216889
0.019237,19,83.572626
2.957087,459,85.700553
0.045644,23,86.074507
0.065532,21,86.383077
0.026201,22,86.740536
0.054086,22,87.127151
0.041799,25,87.660024
0.0,18,88.088844
0.025463,20,88.403037
0.056053,21,88.736156
0.048158,20,89.054129
0.399048,73,89.665304
0.046744,19,89.96787
0.06106,20,90.254922
0.048545,20,90.645445
0.052353,25,91.010606
0.0,19,91.323596
0.0,18,91.620424
0.0,19,91.951356
0.0,18,92.398105
0.060843,22,92.803107
0.022654,18,93.108556
0.02804,24,93.418225
0.164864,112,94.080162
0.263532,142,94.823206
0.034241,19,95.289069
0.052651,19,95.662333
1.433035,364,97.392837
0.088493,19,97.78347
0.100992,20,99.909869
0.69644,348,101.456167
0.0,19,101.759334
0.676057,137,102.483751
0.372381,72,102.973067
0.03272,19,103.275619
0.0,19,103.560386
0.07976,20,103.873314
0.0,19,104.202272
0.0,19,104.53133
0.044864,23,104.850873
0.055031,22,105.178525
0.0,19,105.513282
0.020607,21,105.861017
0.047722,19,106.165565
0.0,21,106.492125
0.042194,18,106.774889
0.049061,21,107.069248
0.046312,22,107.378601
0.062743,21,107.693305
0.069052,20,107.990811
0.065959,19,108.304916
0.057285,21,108.61744
0.073966,23,108.930013
0.048932,20,109.244993
0.0,19,109.54199
0.097563,21,109.845563
0.038857,25,110.149878
0.03636,19,110.433475
1.524066,205,111.36785
0.0,18,111.654591
0.0,21,111.943499
0.0,19,112.224909
0.408048,143,112.96016
0.066412,23,113.262578
0.175718,28,113.574307
0.018406,20,113.856679
0.0646,21,114.141048
0.072041,19,114.41898
4.143275,893,117.99948
0.055579,22,118.297829
0.079023,20,118.589318
0.0,20,118.8725
0.029406,21,119.166803
0.131578,25,119.480159
0.46986,130,120.157792
0.103977,21,120.459286
0.049805,20,120.738631
0.364582,187,121.600962
0.274165,21,121.890608
0.214303,26,122.193168
1.641184,325,123.547051
0.052239,24,123.843552
0.034443,21,124.129592
0.078794,21,124.423162
0.011175,21,124.712066
0.210745,62,125.147726
0.0,21,125.450312
3.308997,1001,130.073563
0.073782,19,130.358505
0.022921,20,130.639642
0.126929,22,130.930719
1.664822,385,132.500825
1.473514,464,134.576214
0.042177,19,134.86503
0.055373,19,135.143619
2.024074,799,138.178875
0.293221,121,138.82819
0.149304,29,139.145378
0.054041,21,139.43284
0.116014,18,139.704283
0.042949,19,139.986396
0.241341,151,140.73864
0.0,21,141.038249
0.044846,22,141.327729
0.041464,20,141.611092
0.14219,22,141.899888
0.413647,101,142.465709
0.140809,20,142.755047
0.879221,156,143.540053
0.037747,22,143.840758
0.135502,20,144.137775
0.096505,23,144.450453
0.037092,23,144.747499
0.191559,23,145.048874
0.061221,21,145.356919
0.008667,21,145.659342
0.02009,20,145.971623
1.325148,281,147.40458
0.030387,20,147.742578
0.030915,20,148.045279
0.933451,266,149.537213
0.106124,21,149.874947
1.281812,133,150.582201
0.185641,22,150.929048
0.062168,25,151.347903
1.155874,403,155.525251
0.0,19,155.928345
0.035591,20,156.294779
0.066294,20,156.609608
0.013037,18,156.930626
0.315775,91,157.645123
0.129466,21,157.965467
1.599447,413,159.68633
0.143433,21,159.994506
0.207715,91,160.538165
0.128243,25,160.843684
0.079539,19,161.124101
0.018099,25,161.423286
0.075699,22,161.724075
2.701866,292,163.010171
0.0,19,163.290722
0.058312,18,163.577487
0.0,20,163.882753
1.894481,393,165.569758
0.221298,144,166.321565
0.070092,21,166.622314
4.782965,1001,170.493286
0.152518,22,170.796715
0.056378,22,171.116033
2.634453,884,174.944867
0.13083,21,175.249488
1.036188,323,178.208443
0.036244,22,178.531337
0.079504,19,178.844184
0.171286,22,179.290894
3.115459,534,182.203369
0.959025,278,183.657982
4.564547,1001,187.556427
0.034096,23,187.857923
0.219191,71,188.328226
0.0,19,188.610697
2.4359,443,190.394277
0.084493,22,190.684258
0.07563,23,190.976819
0.0,19,191.254061
0.149119,22,191.543762
0.069468,20,191.827103
0.082115,22,192.117454
0.038447,22,192.406297
1.050746,280,193.599093
0.013438,22,193.917056
0.070877,22,194.2554
0.070342,22,194.586232
0.298171,119,195.221255
0.047524,20,195.504739
0.0,20,195.788999
0.352181,129,196.453425
2.563962,577,198.699147
0.029081,22,199.011121
0.103893,22,199.300368
0.060843,22,199.591647
0.01834,23,199.879202
0.0,19,200.152923
2.325302,607,203.307023
3.185974,727,206.140102
0.040874,19,206.415929
0.062005,20,206.713388
2.751693,580,209.061318
0.017133,20,209.359841
0.104591,21,209.648774
0.142893,22,209.93858
0.0,21,210.224052
0.179027,26,210.532378
0.074584,21,210.822456
4.552351,1001,214.665831
2.207033,430,216.399516
0.996282,134,217.09519
0.043168,19,217.383076
0.033676,22,217.686648
10.220228,941,222.287207
0.046262,20,222.579381
0.04353,23,222.871161
0.026615,20,223.15001
3.955424,1001,226.896996
1.691003,254,228.012617
0.111922,22,228.322669
0.031067,20,228.606039
0.121361,21,228.890837
0.128173,25,229.200041
0.0,19,229.476081
0.135088,20,229.77089
0.044655,22,230.064691
0.17406,20,230.342688
0.475664,67,230.8309
0.01746,18,231.153575
2.040173,556,233.37304
2.537253,1001,237.311463
0.075502,21,237.610394
0.0,18,237.88698
0.178821,23,238.184708
0.013322,21,238.477569
1.195668,307,239.885725
0.142869,22,240.187465
0.0,21,240.504809
0.0,21,240.822223
0.0,19,241.101917
0.180511,117,241.689473
3.927714,1001,246.242185
3.665967,806,249.280658
5.85677,937,252.909431
3.182323,995,256.631142
2.597136,1001,261.168952
1.538994,231,262.220065
3.555209,1001,265.977264
0.099757,21,266.256118
2.96231,662,268.933059
5.838722,479,270.835281
1.129183,258,271.965641
0.108153,22,272.25712
0.041082,23,272.551022
0.0,23,272.845713
0.441045,143,273.616301
0.163694,21,273.94477
0.0,20,274.29983
0.055998,20,274.602799
4.228225,1001,279.141433
5.733387,1001,282.876356
1.915254,400,284.52973
0.092467,19,284.816518
0.131936,21,285.130093
0.053959,22,285.457892
0.061731,23,285.785111
0.093583,22,286.075481
6.200214,1001,289.843028
0.157904,28,290.156534
3.463489,733,293.086601
4.240229,1001,297.611034
4.423596,1001,301.32381
3.801966,513,303.447167
0.239566,25,303.750019
10.174507,917,307.209741
0.151087,20,307.538388
11.066394,1001,312.32309
0.040542,22,312.621471
3.030121,398,314.275624
7.712593,1001,318.026391
5.812196,669,320.735442
2.532213,499,322.879986
3.857231,977,326.736494
4.759417,1001,331.249665
5.438168,1001,334.974387
7.931201,1001,338.777722
0.073417,21,339.091453
0.172944,22,339.377525
10.906778,922,342.890532
1.787154,349,344.336363
5.65147,1001,349.360462
6.830447,1001,353.155771
2.713465,436,355.014977
0.071697,20,355.29647
0.032915,21,355.587146
6.72902,1001,359.423662
4.266762,608,361.849163
8.717189,1001,366.691514
8.310002,1001,370.65118
9.430935,1001,375.404304
5.206882,762,378.870561
5.971094,1001,383.561419
7.532359,1001,387.771535
6.921633,1001,392.495488
6.692817,1001,396.759466
5.344618,1001,402.243434
5.161181,1001,406.620146
5.228615,699,409.864188
8.579303,976,414.071934
4.553702,703,417.062683
0.070024,23,417.383058
6.817765,1001,422.495074
2.764284,397,424.188749
9.990591,1001,428.063846
7.889057,1001,432.204834
8.064831,1001,436.097715
0.069024,21,436.405801
5.858731,369,438.703764
7.16246,1001,442.723194
8.083515,1001,446.706792
5.32994,839,450.247308
6.585433,1001,455.077189
8.84558,1001,459.649808
9.459426,1001,464.087576
8.386032,1001,468.047334
13.275314,1001,471.883217
8.741598,1001,476.541286
16.221959,1001,480.299898
9.544492,1001,484.045657
0.089252,21,484.36953
7.696852,1001,488.175161
14.879877,1001,492.665637
12.472663,1001,496.403275
6.614989,1001,500.119412
8.404411,1001,504.059575
7.840222,1001,508.609474
12.017714,1001,512.328222
20.008633,1001,516.05422
9.004453,1001,519.892326
9.277133,549,522.796448
0.405928,21,523.077994
15.186045,1001,526.787747
8.135733,1001,530.528386
7.410534,1001,534.56487
4.499857,597,536.949078
8.2546,1001,541.502952
11.559176,1001,545.258038
8.162814,1001,549.050129
7.760695,1001,553.027099
11.733522,1001,557.498859
9.021859,1001,561.227707
7.80076,1001,564.960469
26.968947,1001,569.006793
9.925823,1001,573.511631
8.661703,1001,577.280036
10.042775,1001,580.975998
8.685183,1001,584.959586
15.688802,1001,589.525806
0.113355,20,589.812312
22.334733,1001,593.558974
7.799618,1001,597.298252
8.754497,1001,601.082607
7.231955,1001,605.688335
7.602344,1001,609.403638
14.177191,1001,613.10127
13.813114,1001,616.814802
13.298256,1001,621.427431
22.320642,1001,625.156465
23.725761,1001,628.867831
10.385187,1001,632.591267
9.011547,1001,637.855457
12.356962,1001,641.593344
10.550267,1001,645.327636
9.909947,1001,649.080577
9.72416,1001,654.020794
10.086198,1001,657.75526
9.712478,1001,661.477057
9.404517,1001,665.190808
17.938724,1001,669.787802
9.191166,1001,673.519183
9.472917,1001,677.436481
23.532477,1001,681.172011
10.756507,1001,685.040984
10.166545,1001,689.545059
14.237325,1001,693.289311
10.438695,1001,697.05513
10.067475,1001,700.940852
11.356769,1001,705.651837
10.202167,1001,709.427163
10.74245,1001,713.192413
10.515088,1001,716.960774
9.143754,1001,721.984827
3.420135,288,723.196777
4.495856,416,724.880352
8.071873,837,728.058699
10.542998,1001,731.775083
29.545542,1001,736.415735
10.817231,1001,740.170724
9.475961,1001,743.919347
1.818172,201,744.837191
10.033009,1001,748.558572
12.66832,1001,753.170063
9.21862,1001,756.901547
15.81482,1001,760.640857
11.123072,1001,764.796739
8.586514,551,766.965972
24.537693,1001,771.63908
11.065699,1001,775.604586
13.890258,868,778.876625
20.967317,1001,782.620462
2.719083,163,783.411591
13.633643,1001,788.104302
3.008141,343,789.663371
3.287358,230,790.690765
12.048093,1001,794.428491
12.322958,1001,798.173912
13.722802,1001,803.047454
9.815887,1001,806.814625
12.255365,1001,810.728289
14.167849,1001,814.65378
25.657919,1001,819.60651
28.979136,1001,823.415801
9.844145,1001,827.409538
16.676396,1001,831.670115
11.463045,1001,837.216251
8.793027,770,840.338343
19.45657,1001,844.089258
10.762366,1001,847.873595
15.391904,1001,851.669367
16.301418,1001,856.296502
20.540896,1001,860.055457
10.886431,1001,863.802198
18.017461,1001,867.550208
12.754058,1001,872.195472
12.150838,1001,875.979681
15.847627,1001,879.721464
9.627193,1001,883.474736
15.904807,1001,888.102058
13.445504,1001,891.852196
21.062399,1001,895.579752
12.935364,1001,899.302811
20.807815,1001,903.93742
20.99089,1001,907.67449
20.375176,1001,911.414156
13.955576,1001,915.143267
12.997897,1001,919.713837
16.554737,1001,923.575927
16.194003,1001,927.656085
12.461693,1001,931.549443
21.023373,1001,936.298253
7.151164,617,938.77437
12.633911,1001,942.519988
23.385141,1001,946.239094
12.04118,1001,949.98671
11.856775,1001,954.669623
12.053255,1001,959.050061
12.95107,1001,962.868075
21.910129,1001,966.585517
12.173167,1001,971.24835
16.506437,1001,974.998941
11.786913,1001,978.744763
19.62142,1001,982.466518
12.304489,1001,987.113552
15.570856,1001,990.892776
13.384579,1001,994.62831
16.197059,1001,998.348701
13.669379,1001,1003.055498
13.281559,1001,1006.813785
13.657525,1001,1010.560463
14.13831,1001,1014.299769
12.749839,1001,1018.788794
13.439962,1001,1022.600302
18.998904,1001,1026.335453
21.488135,1001,1030.053536
23.001019,1001,1034.579012
13.125292,1001,1038.417935
12.957403,1001,1042.144784
14.345717,1001,1045.859848
24.693081,1001,1050.354141
12.070191,1001,1054.199585
21.658249,1001,1057.923604
12.825744,1001,1061.636331
13.562131,1001,1066.16007
13.438813,1001,1069.994843
13.922047,1001,1073.732287
12.623861,1001,1077.521698
13.098685,1001,1082.132463
13.679665,1001,1085.939276
13.385169,1001,1089.655062
15.636246,1001,1093.380446
21.694799,1001,1097.097644
15.291483,762,1100.860234
14.36875,1001,1104.604336
14.12802,1001,1108.318015
16.006899,1001,1112.043975
23.432696,1001,1116.528863
14.385895,1001,1120.349197
18.475011,1001,1124.072377
21.253093,1001,1127.827397
16.087588,1001,1132.348263
28.895628,1001,1136.200979
16.079889,1001,1139.907811
26.966461,1001,1143.621108
13.754926,1001,1148.111853
13.947925,1001,1151.947971
29.179394,1001,1155.673968
14.169607,1001,1159.395669
12.954174,1001,1163.865427
16.798052,1001,1167.705358
15.749491,1001,1171.420595
15.438372,1001,1175.145739
15.305591,1001,1179.631113
24.593067,1001,1183.482806
26.693083,1001,1187.205292
17.940111,1001,1190.939369
19.586252,1001,1195.485983
15.728626,1001,1199.339742
16.8439,1001,1203.043772
15.960159,1001,1206.776872
20.919951,1001,1211.264252
21.463438,1001,1215.091857
18.794596,1001,1218.831528
15.845949,1001,1222.631597
26.526668,1001,1226.331262
15.761082,1001,1230.89225
15.154477,1001,1234.657892
16.243891,1001,1238.381074
26.711361,1001,1242.094871
3.465973,205,1243.796557
25.9856,1001,1247.662316
15.704889,1001,1251.410131
19.333249,1001,1255.131271
15.381903,1001,1258.855353
13.978637,1001,1263.366695
15.480673,1001,1267.20179
14.780471,1001,1270.924294
20.222991,1001,1274.642864
18.691023,1001,1279.131089
16.728848,1001,1282.966915
19.099038,1001,1286.691879
16.958666,1001,1290.429243
35.454379,1001,1294.906844
16.47816,1001,1298.815254
14.828319,1001,1302.594591
17.012296,1001,1306.3429
29.168589,1001,1310.867353
13.695195,828,1314.114365
16.230558,1001,1317.840961
16.193873,1001,1321.565199
13.13811,611,1324.678748
21.390965,1001,1328.401117
17.664501,1001,1332.252516
16.065684,1001,1335.969963
29.075681,1001,1339.713219
38.839562,1001,1344.220385
27.439915,722,1347.067864
15.351806,1001,1350.770133
16.461823,1001,1354.478016
29.153183,1001,1358.971657
11.997339,301,1360.242616
16.21408,1001,1364.068778
17.610789,1001,1367.790313
32.267041,1001,1371.543196
20.455423,1001,1376.106033
18.184095,1001,1379.936653
29.653902,1001,1383.651014
26.189453,1001,1387.367717
19.320818,1001,1391.845146
16.949633,1001,1395.659992
18.970112,1001,1399.370451
26.805537,1001,1403.108805
17.43352,1001,1408.288839
18.671246,1001,1412.762619
17.668481,1001,1416.596983
17.758513,1001,1420.360446
17.726758,1001,1424.957157
19.095192,1001,1428.842355
19.4761,1001,1432.590001
18.551772,1001,1436.754625
17.746771,1001,1441.968199
34.144158,1001,1445.923147
17.828559,1001,1449.751007
24.675106,827,1452.901963
19.728346,1001,1457.387724
33.134551,1001,1461.112978
17.565887,1001,1464.944737
4.08996,234,1465.986337
20.00736,1001,1469.706699
28.640497,1001,1474.185191
25.133894,1001,1477.94422
15.328442,550,1480.185696
34.114358,1001,1483.904971
16.828566,1001,1487.617839
18.585735,1001,1492.561993
0.511997,75,1493.059842
18.076116,1001,1497.358537
28.588554,1001,1501.364477
20.916133,1001,1505.18133
18.601965,1001,1509.708326
27.280212,1001,1513.580364
25.275805,1001,1517.431433
18.288558,1001,1521.269693
19.213665,1001,1525.820435
19.022433,1001,1529.89626
17.217756,1001,1533.935386
13.296228,768,1537.341538
28.536539,1001,1542.180483
19.650847,1001,1546.026908
32.241177,1001,1549.897692
18.880187,1001,1553.639737
0.705725,49,1554.022706
19.166574,1001,1558.563189
18.578477,1001,1562.299113
19.220183,1001,1566.147217
18.135135,1001,1569.902386
24.780106,1001,1574.411712
34.96621,1001,1578.153808
19.89704,1001,1581.996082
19.321527,1001,1585.721791
21.830306,1001,1590.241665
20.828432,1001,1593.984707
19.29562,1001,1597.840697
19.122539,1001,1601.577231
17.502926,1001,1605.315543
19.517041,1001,1609.830248
44.781911,1001,1613.698718
8.82618,287,1614.918731
20.922842,1001,1618.669235
22.390434,1001,1623.174083
20.805069,1001,1626.924194
23.556985,1001,1630.765914
16.706593,888,1634.16625
21.334498,1001,1637.928385
20.406392,1001,1642.437815
35.2104,1001,1646.297842
19.634294,1001,1650.046673
18.403269,1001,1653.779324
20.93888,1001,1658.286338
21.517232,1001,1662.166429
21.226031,1001,1665.953826
19.925379,1001,1669.737408
22.316856,591,1672.814697
15.380319,569,1675.024309
21.521805,1001,1678.924743
33.709974,1001,1682.685319
20.844774,1001,1686.42524
23.304363,1001,1690.91833
25.764172,854,1694.233326
23.093463,1001,1697.947841
26.515303,1001,1701.682304
24.263686,1001,1706.169016
21.708882,1001,1710.028256
19.725796,786,1713.007192
20.327056,1001,1716.736532
19.514029,1001,1721.691997
22.034845,1001,1725.888103
21.122144,1001,1730.000364
20.315814,1001,1733.850689
29.683801,1001,1738.599286
21.423678,1001,1742.390903
20.822778,1001,1746.266711
22.42205,1001,1750.01731
32.838721,1001,1754.555578
0.676578,57,1754.977615
40.488223,1001,1758.743534
39.668743,1001,1762.616115
19.65089,1001,1766.353771
20.908211,1001,1770.889667
23.449297,1001,1775.134471
26.319256,1001,1779.620068
13.649227,372,1781.322299
32.857449,1001,1785.120418
20.875465,1001,1789.740531
21.876352,1001,1793.514334
22.062721,1001,1797.379259
20.940975,1001,1801.174096
33.813757,1001,1805.711536
18.566898,1001,1809.499979
25.78138,1001,1813.337068
23.699568,1001,1817.090791
20.243428,1001,1821.663774
21.535854,1001,1825.422866
35.931064,1001,1829.287572
22.80673,1001,1833.134148
28.340812,1001,1838.271683
31.404031,1001,1842.607397
27.705972,1001,1846.571013
21.898132,1001,1850.488921
24.552854,1001,1855.129543
36.313894,1001,1858.956958
22.525221,1001,1862.920874
23.085869,1001,1866.922398
20.139966,1001,1870.913217
24.114054,1001,1875.796116
32.028641,1001,1879.857548
22.880248,1001,1883.859954
22.653595,1001,1887.675648
35.269087,1001,1892.218948
22.07542,1001,1896.479716
26.271371,1001,1900.834363
24.446468,1001,1904.810955
21.810261,1001,1909.522761
26.9052,1001,1913.547666
21.993346,1001,1917.350707
25.501023,1001,1921.416966
23.388046,1001,1926.712746
22.612257,1001,1930.871348
21.774702,1001,1934.803657
20.772228,1001,1938.607425
30.818805,1001,1943.234931
37.200878,1001,1947.015295
24.033867,1001,1950.901344
22.312622,1001,1954.72844
23.11502,1001,1959.336649
23.988021,1001,1963.215019
20.217787,922,1966.913882
23.271655,1001,1971.105165
21.052833,1001,1975.852189
23.228007,1001,1980.114837
34.459127,1001,1984.617935
31.970394,1001,1988.512087
25.004726,1001,1993.084772
24.263925,1001,1996.832055
23.688799,1001,2000.754548
34.151738,1001,2004.981452
24.112919,1001,2010.34158
23.731891,1001,2014.684284
31.280616,1001,2018.907239
23.927623,1001,2022.993736
22.087934,1001,2027.951951
37.023613,1001,2031.804372
34.52007,1001,2035.847529
22.232142,1001,2039.716594
22.137398,1001,2043.601128
24.603345,1001,2048.393655
24.856456,1001,2052.894968
23.421339,1001,2057.516812
28.503914,1001,2062.621906
26.058598,1001,2068.881185
27.525402,1001,2073.986807
24.528928,1001,2078.160498
23.835081,1001,2082.694298
24.188829,1001,2088.20241
25.389002,1001,2092.975699
24.71531,1001,2097.999433
23.209104,1001,2103.085563
41.734372,1001,2109.549579
24.750604,1001,2114.380441
23.578401,1001,2119.333635
36.027231,1001,2124.118366
20.24104,815,2128.176169
24.221269,1001,2132.105722
23.736061,1001,2136.200735
38.305696,1001,2140.440211
24.673855,1001,2145.84631
31.763156,1001,2150.472402
35.938902,1001,2155.243465
24.929439,1001,2160.073554
23.923275,1001,2166.085421
25.148695,1001,2170.974513
24.753028,1001,2176.008077
31.35659,1001,2180.169587
25.629226,1001,2185.548504
23.099415,1001,2189.364643
22.839071,1001,2193.222513
24.05544,1001,2197.18171
26.211397,1001,2201.796715
25.231547,1001,2205.567703
22.845096,1001,2209.420578
26.603953,1001,2213.268696
25.075976,1001,2217.058765
25.878515,1001,2221.735451
34.419455,1001,2225.479228
24.123381,1001,2229.308132
25.430967,1001,2233.029791
36.727313,1001,2237.585784
25.535835,1001,2241.347578
24.610129,1001,2245.182968
26.925395,1001,2248.945567
24.799815,1001,2253.803239
28.229124,1001,2257.713769
26.246442,1001,2261.728217
26.098799,1001,2265.579155
26.728355,1001,2270.292397
25.97459,1001,2274.286087
27.311707,1001,2278.425166
36.87113,1001,2282.227597
30.086839,1001,2287.084761
25.878998,1001,2290.994423
48.649954,1001,2294.935967
27.003269,1001,2298.870237
26.786892,1001,2303.840049
37.595543,1001,2307.697379
33.311593,1001,2311.705492
28.573802,1001,2315.495867
26.13782,1001,2320.293408
26.568168,994,2324.254089
28.277969,1001,2328.842477
28.352225,1001,2333.984139
25.481837,1001,2340.045245
28.274855,1001,2344.910716
46.960083,1001,2350.143553
38.806208,1001,2354.99182
26.945365,1001,2361.110049
25.135879,1001,2365.781018
28.68222,1001,2369.847971
27.466989,1001,2373.791066
26.326896,1001,2378.736717
27.108105,1001,2382.554281
26.357848,1001,2387.042825
26.979357,1001,2391.452403
27.339106,1001,2396.047559
26.656222,1001,2402.229272
28.619974,1001,2407.410295
49.839315,1001,2412.726627
30.163998,1001,2417.610342
44.761655,1001,2423.229047
27.080601,1001,2427.43599
28.456033,1001,2431.466825
27.850873,1001,2435.307627
34.048965,1001,2440.156028
35.595585,1001,2443.97192
28.596842,1001,2447.812878
27.389918,1001,2451.584809
45.024021,1001,2456.261091
28.764429,1001,2460.203132
27.649815,1001,2464.100946
37.912245,1001,2467.860258
29.143584,1001,2472.499991
29.042824,1001,2476.323952
29.584563,1001,2480.238905
27.651856,1001,2484.135441
43.573485,1001,2488.902994
42.363352,1001,2492.686913
43.809694,1001,2496.83394
26.908012,1001,2500.644228
27.490113,1001,2505.427505
27.42344,1001,2509.488109
28.714105,1001,2513.574554
31.790073,1001,2517.487876
28.380807,1001,2522.349138
26.950253,1001,2526.179764
27.11357,1001,2530.088188
30.314231,1001,2533.921337
53.473906,1001,2538.53542
29.617958,1001,2542.337525
28.233502,1001,2546.201145
37.806165,1001,2550.009702
29.838818,1001,2554.661725
34.032478,1001,2558.550949
36.149821,1001,2562.403484
44.107878,1001,2566.547016
27.528481,1001,2571.747037
28.710525,1001,2575.550963
29.148094,1001,2579.397612
28.350346,1001,2583.312714
39.547762,1001,2587.086279
38.576735,1001,2591.633065
25.974072,1001,2595.381824
28.177372,1001,2599.234667
30.358858,1001,2602.971009
30.409903,1001,2607.705312
42.176887,1001,2611.498606
34.716105,1001,2615.328674
26.637978,1001,2619.078028
27.107224,1001,2623.661417
28.974997,1001,2627.4425
27.227987,1001,2631.306652
29.426873,1001,2635.028843
34.33107,1001,2639.665631
27.956931,1001,2643.382028
34.193851,1001,2647.297835
37.973635,1001,2651.044521
42.407772,1001,2655.670798
28.402051,1001,2659.427904
39.738074,1001,2663.274516
29.775776,1001,2667.023333
37.668684,1001,2671.665116
33.112161,1001,2675.42885
28.008439,1001,2679.280826
43.578838,1001,2683.084867
27.946276,1001,2687.886469
29.81388,1001,2691.626093
27.660715,1001,2695.528949
38.847523,1001,2699.282892
41.974778,1001,2703.830041
30.070339,1001,2707.73787
29.000233,1001,2712.156513
30.880665,1001,2716.364854
27.442467,1001,2721.974643
35.478585,1001,2726.833422
27.039263,1001,2730.850081
28.169432,1001,2734.743122
30.975701,1001,2739.242005
29.070029,1001,2743.00153
29.87255,1001,2746.733854
30.684067,1001,2750.597436
32.513223,1001,2755.228856
35.977066,1001,2758.970123
29.244559,1001,2762.714481
31.46188,1001,2766.546495
39.122674,1001,2770.265441
47.786761,1001,2774.869743
32.71238,1001,2778.583074
29.890046,1001,2782.413586
30.242616,1001,2786.118692
26.983556,1001,2790.87595
30.092355,1001,2794.594302
30.345556,1001,2798.446467
30.927079,1001,2802.172378
28.13305,1001,2806.891274
31.630053,1001,2810.612045
42.41779,1001,2814.432862
45.416111,1001,2818.200216
36.31274,1001,2822.909582
31.074936,1001,2826.663965
31.667553,1001,2830.529495
30.476615,1001,2834.262216
40.636714,1001,2838.876199
33.052339,1001,2842.619098
30.496954,1001,2846.451961
31.325114,1001,2850.188794
38.106677,1001,2854.809947
43.18885,1001,2858.545849
30.520285,1001,2862.404004
52.370901,1001,2866.124615
32.292462,1001,2870.736774
43.828088,1001,2874.464546
30.208755,1001,2878.292066
42.192727,1001,2882.029636
33.613753,1001,2886.640346
32.83755,1001,2890.392458
29.960958,1001,2894.149789
44.320733,1001,2897.940916
37.392553,1001,2902.561891
31.039902,1001,2906.277305
32.705093,1001,2910.014969
31.447126,1001,2913.864502
28.721157,1001,2918.462141
30.951145,1001,2922.187329
30.817835,1001,2925.900793
30.025458,1001,2929.733258
31.557778,1001,2934.35377
29.654607,1001,2938.157068
30.291211,1001,2941.901387
33.592487,1001,2945.762131
30.564287,1001,2949.495938
32.905596,1001,2954.072378
30.90408,1001,2957.797927
33.750946,1001,2961.650219
31.836057,1001,2965.376725
43.857173,1001,2969.992033
31.321343,1001,2973.718952
31.206503,1001,2977.570334
43.974974,1001,2981.297281
30.105427,1001,2986.052625
32.12783,1001,2989.795466
31.610536,1001,2993.633085
43.538069,1001,2997.364284
29.437044,1001,3002.103041
32.030379,1001,3005.841686
32.500494,1001,3009.690536
32.751734,1001,3013.418501
32.682601,1001,3018.076996
31.839774,1001,3021.811279
31.833237,1001,3025.690369
32.159538,1001,3029.425561
36.087466,1001,3033.942002
30.923,1001,3037.682262
41.297622,1001,3041.50133
30.12748,1001,3045.260445
43.650947,1001,3050.063202
32.78372,1001,3053.818526
48.448853,1001,3057.599456
29.560424,1001,3061.438881
32.431627,1001,3066.086311
33.329295,1001,3069.825365
33.668748,1001,3073.557658
35.59049,1001,3077.389976
32.609016,1001,3081.958838
35.182811,1001,3085.678001
33.351413,1001,3089.398848
31.826491,1001,3093.252343
29.807134,1001,3097.890465
52.62324,1001,3101.6205
42.397973,1001,3105.350955
31.273644,1001,3109.188829
37.19991,1001,3113.959927
36.05642,1001,3117.753937
48.458832,1001,3121.487821
33.509955,1001,3125.33912
31.834107,1001,3129.072362
32.488123,1001,3133.799979
32.710379,1001,3137.632008
46.706784,1001,3141.498316
34.223064,1001,3145.28042
34.742941,1001,3149.862613
36.030062,1001,3153.650785
34.473772,1001,3157.565253
34.743421,1001,3161.333142
31.046244,1001,3165.889871
39.657314,1001,3169.657388
35.305307,1001,3173.533278
32.244359,1001,3177.345635
45.398364,1001,3182.038383
39.244479,1001,3185.807129
33.952699,1001,3189.671956
32.315857,1001,3193.416507
31.048325,1001,3198.032293
34.101581,1001,3201.815944
45.442706,1001,3205.659444
33.135287,1001,3209.44272
41.972295,1001,3214.022066
34.437851,1001,3217.763636
44.475208,1001,3221.539416
34.157517,1001,3225.354585
33.654503,1001,3230.011326
32.131237,1001,3233.764085
44.851962,1001,3237.491462
35.131067,1001,3241.339638
44.12161,1001,3246.014092
50.828736,1001,3249.768455
33.837985,1001,3253.508784
36.922628,1001,3257.32198
34.786275,1001,3262.100208
37.065199,1001,3265.859942
47.491021,1001,3269.636409
33.199319,1001,3273.523485
32.217285,1001,3278.304134
51.141197,1001,3282.023518
33.736847,1001,3285.762347
32.71287,1001,3289.626207
35.559083,1001,3294.225807
45.889637,1001,3298.035105
29.587111,1001,3301.776785
54.592579,1001,3305.624562
39.317665,1001,3309.385917
33.105417,1001,3314.108565
37.84518,1001,3317.844817
32.410587,1001,3321.728234
43.019726,1001,3325.482954
34.066456,1001,3330.244485
35.214432,1001,3334.003234
32.888293,1001,3337.845059
35.855415,1001,3341.603627
34.409347,1001,3346.179382
37.204321,1001,3349.935004
36.23179,1001,3353.762808
32.958157,1001,3357.503215
37.548681,1001,3362.231169
33.303889,1001,3365.977233
37.159713,1001,3369.813075
33.371353,1001,3373.544961
35.537616,1001,3378.26754
34.688031,1001,3382.020866
36.1194,1001,3385.848727
36.506606,1001,3389.609596
36.511063,1001,3394.310474
47.313057,1001,3398.064259
34.103136,1001,3401.928683
33.322786,1001,3405.695964
36.841151,1001,3410.347913
50.708511,1001,3414.135424
34.577633,1001,3417.960079
38.735364,1001,3421.825518
35.582049,1001,3426.448742
36.513824,1001,3430.188433
35.705288,1001,3433.942298
47.414485,1001,3437.885492
34.242029,1001,3442.511448
44.067624,1001,3446.266955
57.507122,1001,3450.003096
44.542652,1001,3454.099727
44.06953,1001,3459.831159
34.805824,1001,3464.504087
33.936356,1001,3469.394599
37.898331,1001,3474.522647
43.886852,1001,3479.265662
35.757459,1001,3483.016563
42.727318,1001,3486.800912
35.268983,1001,3490.679905
48.511072,1001,3494.43096
37.017765,1001,3499.200611
50.830202,1001,3502.977356
35.485459,1001,3506.852335
47.961796,1001,3510.605391
35.420351,1001,3515.162281
36.53052,1001,3518.922411
36.515014,1001,3522.771221
37.494907,1001,3526.51546
38.457451,1001,3531.538725
45.291622,1001,3535.323067
36.972024,1001,3539.334484
35.969648,1001,3543.25934
35.896131,1001,3548.380968
48.988507,1001,3552.564653
36.074429,1001,3557.192022
51.111945,1001,3562.198772
43.486136,1001,3567.43922
54.465885,1001,3571.864476
35.694725,1001,3576.159313
51.509426,1001,3580.142509
51.445056,1001,3585.180588
35.274381,1001,3589.539503
43.182589,1001,3593.479965
38.563683,1001,3597.319433
37.560879,1001,3602.771512
41.292349,1001,3607.418214
42.45326,1001,3612.264617
38.713538,1001,3617.308962
44.340425,1001,3623.290802
36.652096,1001,3628.222152
49.521506,1001,3633.171195
57.100878,1001,3638.087979
37.259539,1001,3642.817744
37.995903,1001,3646.588747
40.290174,1001,3650.327723
36.662012,1001,3654.303148
36.463959,1001,3659.092355
41.077835,1001,3663.117727
37.365952,1001,3667.4454
49.228903,1001,3671.806807
38.317116,1001,3676.871042
37.766909,1001,3681.139162
37.518729,1001,3685.634102
35.659662,1001,3690.448065
37.196331,1001,3695.249856
35.699762,1001,3701.24261
36.826115,1001,3706.065199
34.856776,1001,3711.085506
45.90208,1001,3715.961728
36.902618,1001,3721.420872
45.948306,1001,3725.212421
35.596051,1001,3729.135495
37.376435,1001,3732.866455
48.883851,1001,3737.423296
37.036098,1001,3741.155818
44.932922,1001,3744.92266
36.113065,1001,3748.716062
37.706583,1001,3753.427342
38.440013,1001,3757.252297
61.004335,1001,3761.201021
38.365153,1001,3765.608522
35.657731,1001,3771.376025
44.720501,1001,3776.098732
37.279488,1001,3779.988568
40.206592,1001,3784.113538
33.074034,1001,3789.202373
65.250892,1001,3793.838197
38.959794,1001,3797.855081
44.41065,1001,3801.852826
38.770853,1001,3806.860081
36.83183,1001,3810.89169
37.444171,1001,3814.896687
49.773856,1001,3819.06198
36.590732,1001,3824.091378
38.575908,1001,3827.927921
56.013454,1001,3831.997643
46.677832,1001,3835.956874
53.53651,1001,3840.869733
40.112436,1001,3844.68641
48.887507,1001,3848.448698
36.863924,1001,3852.298977
43.215982,1001,3856.945467
47.737456,1001,3860.729755
53.55266,1001,3864.475699
37.664666,1001,3868.371563
56.400593,1001,3872.133397
52.600993,1001,3876.676995
36.041506,1001,3880.418572
42.946476,1001,3884.256595
39.663098,1001,3888.009045
37.75735,1001,3892.891788
40.239534,1001,3896.612082
38.498637,1001,3900.442039
40.50701,1001,3904.1837
37.969207,1001,3908.913829
39.955394,1001,3912.665323
36.807847,1001,3916.514569
45.869176,1001,3920.247668
37.528102,1001,3924.882504
57.268496,1001,3928.603922
50.365506,1001,3932.414985
43.541997,1001,3936.259103
49.224571,1001,3940.886702
39.007383,1001,3944.623036
38.955058,1001,3948.405594
37.2604,1001,3952.233942
39.123301,1001,3956.838078
37.395001,1001,3960.557051
38.330671,1001,3964.260034
37.002034,1001,3968.099778
39.212909,1001,3972.812852
37.341583,1001,3976.552075
38.570121,1001,3980.302833
39.017762,1001,3984.141346
40.630192,1001,3988.895972
38.463209,1001,3992.609595
46.675385,1001,3996.32682
40.284808,1001,4000.151294
39.832559,1001,4004.790594
40.313563,1001,4008.536767
37.825849,1001,4012.303713
38.242555,1001,4016.170213
38.30569,1001,4020.853079
48.011544,1001,4024.568189
39.345363,1001,4028.324843
37.633849,1001,4032.154602
39.675692,1001,4036.806309
40.179888,1001,4040.529859
35.338573,1001,4044.264842
43.11941,1001,4048.116303
41.825576,1001,4051.882856
41.202977,1001,4056.513192
39.67748,1001,4060.291561
41.907999,1001,4064.118516
43.050463,1001,4067.867236
45.055834,1001,4072.406224
40.351869,1001,4076.158726
50.455814,1001,4080.033236
61.373827,1001,4083.776274
37.690862,1001,4088.386271
49.868684,1001,4092.13584
40.470162,1001,4095.965662
42.358775,1001,4099.69105
41.390044,1001,4104.431273
41.344471,1001,4108.154016
46.941271,1001,4112.003733
40.049071,1001,4115.75838
41.120332,1001,4120.398234
48.188635,1001,4124.124688
46.741193,1001,4127.928924
53.357304,1001,4131.772346
45.875672,1001,4136.449945
38.579383,1001,4140.184132
41.454467,1001,4143.953574
40.933232,1001,4147.778763
38.771593,1001,4152.399002
40.677576,1001,4156.13188
39.764154,1001,4159.865488
43.325541,1001,4163.720107
40.872259,1001,4168.374338
43.179061,1001,4172.268496
53.212644,1001,4176.075929
41.468491,1001,4179.943989
55.948215,1001,4184.670558
39.915214,1001,4188.399722
40.79648,1001,4192.137646
44.246644,1001,4196.004376
46.784367,1001,4200.541028
41.358435,1001,4204.276136
41.97246,1001,4208.01341
42.611279,1001,4211.88905
38.041538,1001,4216.484771
38.92969,1001,4220.240351
43.517658,1001,4223.964875
52.518938,1001,4227.875618
40.064406,1001,4231.524547
