#{"t_start": 1702565135.4367826, "env_id": "None"}
r,l,t
0.060416,15,1.080343
0.040932,14,1.803928
0.077162,16,2.43853
0.053508,12,3.093034
0.081433,14,3.742606
0.078651,15,4.39362
0.060182,15,5.040153
0.06537,15,5.680991
0.086749,16,6.363232
0.041226,11,6.995959
0.089068,16,7.626007
0.106713,16,8.244214
0.034911,12,8.864762
0.099541,14,9.486368
0.058205,13,10.087458
0.062477,15,10.698458
0.04539,11,11.289632
0.113894,16,11.934258
0.102304,16,12.6515
0.057798,13,13.267574
0.048933,14,13.88938
0.094094,15,14.589978
0.086712,15,15.254426
0.095329,15,15.919112
0.04439,12,16.576333
0.081373,16,17.293002
0.066016,14,17.94597
0.036004,11,18.595338
0.059779,14,19.247915
0.042554,12,19.897467
0.047685,14,20.540179
0.060485,13,21.222159
0.096287,15,21.891998
0.055829,14,22.536245
0.110104,16,23.188073
0.088483,16,23.921496
0.068773,15,24.603044
0.076197,16,25.263912
0.062502,14,25.925608
0.050743,14,26.580459
0.058853,14,27.235146
0.111706,16,27.915628
0.045946,14,28.619151
0.069356,14,29.302479
0.047513,15,30.107633
0.085744,16,30.824293
0.074303,15,31.5052
0.029938,10,32.203984
0.034082,10,32.834054
0.078993,15,33.467642
0.081228,15,34.122197
0.046882,14,34.781726
0.081043,14,35.433852
0.133698,16,36.112944
0.075636,14,36.793745
0.081351,16,37.500487
0.096496,16,38.156114
0.072605,16,38.846476
0.056711,14,39.504545
0.036183,11,40.221524
0.066025,13,40.911776
0.053594,13,41.586887
0.091855,16,42.281109
0.048945,14,42.955661
0.056872,13,43.598346
0.071945,15,44.229241
0.068488,13,44.841162
0.076773,14,45.43655
0.062162,14,46.032562
0.070443,16,46.669264
0.051792,13,47.270306
0.053157,14,47.882034
0.06075,14,48.514662
0.045764,13,49.135943
0.084407,16,49.782103
0.040833,13,50.380355
0.046882,14,50.989357
0.078173,15,51.626305
0.064224,14,52.247823
0.050465,14,52.858082
0.107901,16,53.483271
0.105464,16,54.125203
0.082497,16,54.737421
0.101165,16,55.345141
0.081005,14,55.980226
0.079938,16,56.63907
0.071766,15,57.244812
0.08564,14,57.872135
0.061372,15,58.515036
0.052369,14,59.189673
0.048429,14,59.830374
0.046174,13,60.414576
0.080136,14,61.048392
0.059694,15,61.663379
0.066585,14,62.27544
0.042347,11,62.880204
0.061079,14,63.490439
0.044564,12,64.090523
0.108405,16,64.717358
0.05542,13,65.315009
0.073529,14,65.94435
0.091637,16,66.586543
0.065446,15,67.20461
0.054324,14,67.839875
0.046811,13,68.471428
0.039795,11,69.085084
0.066863,15,69.696733
0.067263,15,70.339226
0.048725,13,70.935318
0.040352,13,71.53125
0.054715,15,72.142849
0.063849,15,72.770185
0.05793,16,73.397969
0.04076,11,73.973068
0.05655,14,74.590006
0.062823,15,75.217365
0.064166,14,75.797554
0.056296,14,76.460551
0.081592,15,77.143297
0.077177,15,77.837159
0.035355,11,78.496636
0.093366,15,79.186657
0.062936,13,79.813527
0.089087,16,80.520111
0.046001,12,81.225356
0.074811,14,81.892388
0.038626,13,82.586254
0.11529,16,83.321177
0.086333,15,83.974782
0.051372,13,84.640516
0.061249,15,85.293927
0.112437,16,85.954359
0.052089,13,86.624261
0.093695,16,87.283964
0.047224,14,87.933984
0.069181,15,88.579575
0.059317,15,89.22127
0.099942,16,89.880369
0.065986,14,90.579087
0.081378,16,91.24269
0.081274,15,91.870529
0.055495,13,92.467998
0.056292,13,93.058436
0.054849,14,93.714596
0.069683,14,94.371906
0.031676,10,94.987753
0.096667,16,95.633146
0.066544,14,96.267147
0.051999,14,96.918612
0.070524,16,97.591074
0.075653,15,98.201078
0.106251,16,98.829432
0.077575,14,99.449287
0.060645,15,100.104388
0.063274,14,100.71912
0.03306,10,101.311144
0.098496,16,101.986137
0.048627,15,102.605617
0.075741,15,103.211597
0.043366,14,103.828705
0.065895,14,104.459409
0.047306,12,105.047916
0.051213,13,105.653294
0.055367,14,106.295182
0.078935,15,106.955135
0.07828,15,107.601643
0.065995,13,108.226503
0.076327,15,108.86306
0.075454,14,109.478779
0.082502,15,110.152497
0.078129,14,110.765241
0.071852,16,111.379094
0.080589,16,112.007354
0.072879,16,112.629438
0.07198,15,113.257386
0.051947,12,113.853438
0.061099,15,114.451576
0.072658,15,115.080528
0.065289,16,115.692506
0.079086,15,116.28902
0.048001,13,116.900571
0.071423,15,117.512099
0.06742,13,118.091936
0.111642,15,118.703681
0.051857,13,119.292437
0.046395,13,119.87294
0.088298,15,120.474079
0.061393,15,121.085944
0.050372,15,121.713388
0.049836,13,122.309765
0.066442,13,122.905136
0.117197,16,123.517677
0.104704,16,124.145898
0.105276,16,124.758388
0.031468,11,125.346922
0.060265,13,125.931363
0.040582,12,126.511562
0.060903,14,127.124204
0.078616,14,127.720647
0.039875,12,128.30132
0.070225,16,128.928955
0.055845,13,129.525488
0.080229,16,130.130287
0.050956,15,130.726347
0.04326,13,131.322849
0.071409,16,131.961762
0.070433,14,132.546864
0.05231,13,133.142492
0.061072,13,133.738618
0.052442,13,134.319142
0.063205,14,134.91531
0.054388,12,135.525617
0.047817,12,136.106317
0.051876,14,136.70259
0.112181,16,137.298271
0.055476,13,137.894374
0.084421,16,138.521543
0.063147,14,139.11715
0.088355,15,139.712547
0.075478,14,140.322809
0.05061,13,140.9192
0.063767,14,141.531093
0.037858,11,142.111558
0.073611,16,142.723309
0.052388,13,143.319605
0.072176,15,143.931429
0.045598,12,144.512252
0.087897,16,145.123891
0.065108,15,145.751209
0.078971,14,146.347328
0.076524,15,146.959085
0.091298,15,147.570319
0.074973,15,148.166886
0.074121,14,148.793709
0.071607,13,149.374318
0.05351,14,149.954309
0.064825,14,150.566047
0.055925,13,151.146043
0.086091,14,151.72651
0.059288,13,152.323
0.083228,15,152.934228
0.088865,16,153.546
0.088357,16,154.173604
0.105527,16,154.785534
0.054561,14,155.378603
0.075121,16,155.990953
0.069059,15,156.63023
0.038586,13,157.215779
0.065685,14,157.817381
0.065084,16,158.435251
0.068835,15,159.066221
0.09819,16,159.718347
0.073602,16,160.363068
0.065174,16,160.980716
0.084507,15,161.58099
0.083417,16,162.199935
0.051848,11,162.814679
0.091724,15,163.427409
0.10225,15,164.052694
0.049503,13,164.665928
0.067782,16,165.338719
0.041913,13,165.937037
0.068894,14,166.533141
0.035985,12,167.11324
0.119964,16,167.745214
0.0795,16,168.368921
0.075185,14,168.998854
0.103468,16,169.630534
0.087577,16,170.256922
0.083938,15,170.882837
0.06684,15,171.508397
0.068866,14,172.092567
0.057935,15,172.704415
0.045027,13,173.300175
0.064809,16,173.912379
0.045553,14,174.509048
0.058242,13,175.105185
0.07346,16,175.711974
0.046931,13,176.293713
0.111771,16,176.905466
0.088594,16,177.547331
0.090177,14,178.15105
0.092666,14,178.751983
0.091634,16,179.445898
0.058312,13,180.086309
0.06095,15,180.834444
0.080919,14,184.51352
0.045452,12,185.154662
0.09259,16,185.791378
0.098852,16,186.449947
0.046698,12,187.04359
0.11507,16,187.675617
0.063457,14,188.290241
0.038174,10,188.885196
0.06668,14,189.528388
0.050007,13,190.146791
0.035666,13,190.744201
0.098084,16,191.371432
0.051785,12,191.968924
0.085773,15,192.609777
0.08165,16,193.221956
0.07192,16,193.877404
0.049602,14,194.499139
0.053879,14,195.097093
0.054849,13,195.715439
0.058145,14,196.345796
0.05907,15,197.019011
0.074556,15,197.671873
0.0657,14,198.271206
0.053755,13,198.886832
0.061065,15,199.554633
0.050182,13,200.189467
0.04503,12,200.79191
0.078588,13,201.424938
0.083117,16,202.092557
0.061452,13,202.694897
0.043532,12,203.3359
0.058646,14,203.953203
0.055826,13,204.593955
0.05871,15,205.229639
0.068065,14,205.864326
0.054508,15,206.524446
0.080559,14,207.162577
0.038046,12,207.743209
0.088587,15,208.339295
0.088984,16,209.047121
0.069686,15,209.864507
0.06396,15,210.568223
0.100096,16,211.258506
0.080931,16,211.903041
0.063669,14,212.547626
0.050607,14,213.172052
0.090513,16,213.865829
0.081814,15,214.517107
0.047866,13,215.157508
0.047403,13,215.792017
0.050261,14,216.430729
0.043458,13,217.055015
0.059318,15,217.681731
0.052031,13,218.338787
0.050158,14,218.991462
0.091444,16,219.638893
0.084036,16,220.283117
0.087046,16,220.942608
0.068886,16,221.617822
0.05526,13,222.257874
0.045981,12,222.893354
0.048072,12,223.52902
0.04451,12,224.171565
0.069672,16,224.851187
0.05253,14,225.481697
0.092174,16,226.193164
0.063537,15,226.873295
0.051567,13,227.518389
0.063856,14,228.283901
0.069797,13,228.980477
0.053552,14,229.646175
0.033712,10,230.306484
0.054924,14,231.006503
0.035556,11,231.671686
0.064491,15,232.422629
0.06992,15,233.158818
0.061319,15,233.860944
0.057671,14,234.552767
0.035493,13,235.240742
0.091921,16,235.949987
0.060206,15,236.631489
0.057207,15,237.308096
0.046895,13,237.981794
0.056958,13,238.666146
0.061136,13,239.326367
0.055776,15,239.973843
0.032856,10,240.615287
0.080202,15,241.306701
0.111381,16,241.98011
0.052687,12,242.616503
0.071513,14,243.352841
0.048392,13,244.150817
0.066137,13,244.818044
0.058739,15,245.500447
0.057395,13,246.187653
0.056134,14,246.82777
0.074464,14,247.501408
0.114199,16,248.149528
0.053943,13,248.787888
0.102977,16,249.465621
0.026709,11,250.098373
0.066364,14,250.736158
0.079891,16,251.407043
0.060317,15,252.054732
0.068199,14,252.685566
0.098099,16,253.375449
0.068001,14,254.007558
0.057,13,254.66007
0.055256,13,255.287094
0.049164,12,255.894755
0.042484,12,256.516279
0.052568,13,257.129834
0.069719,15,257.779874
0.038509,11,258.394587
0.04968,14,259.054708
0.06731,16,259.698547
0.070112,15,260.363052
0.052849,13,261.012137
0.127147,16,261.657612
0.067131,16,262.32124
0.056995,15,262.967028
0.085059,15,263.627836
0.071563,14,264.270742
0.066094,15,264.937406
0.036447,13,265.570316
0.068342,15,266.229246
0.050774,14,266.855024
0.05376,15,267.497776
0.090518,16,268.143474
0.058938,15,268.815024
0.058551,13,269.433996
0.064136,14,270.080158
0.065693,15,270.745448
0.087761,15,271.389024
0.034581,11,271.983705
0.091234,16,272.676684
0.065949,15,273.315611
0.049983,13,273.968039
0.091878,16,274.680565
0.089601,16,275.379369
0.053483,12,275.998838
0.078647,13,276.633593
0.066486,14,277.299518
0.035284,11,277.904399
0.078071,14,278.558635
0.068029,15,279.265739
0.088143,16,279.936783
0.050277,13,280.555792
0.065216,15,281.248353
0.053022,15,281.88023
0.042897,12,282.541559
0.047487,14,283.200363
0.059201,14,283.81861
0.038062,11,284.415967
0.075529,16,285.066422
0.063428,15,285.716364
0.049554,13,286.376528
0.088561,16,287.065786
0.050292,14,287.729332
0.043635,13,288.362054
0.048401,13,289.041149
0.042972,11,289.681271
0.054962,14,290.355259
0.074023,14,290.965802
0.062453,13,291.584489
0.057516,13,292.210323
0.058002,14,292.816646
0.084181,15,293.458567
0.064453,14,294.071066
0.067432,14,294.698627
0.1063,16,295.338326
0.112095,16,295.954756
0.058883,14,296.552202
0.096918,16,297.180715
0.096206,16,297.77821
0.072487,15,298.37553
0.049307,13,298.973669
0.065701,15,299.595927
0.046086,13,300.176424
0.05311,13,300.75678
0.060414,15,301.385673
0.100937,16,301.999712
0.048347,13,302.580808
0.067176,14,303.182564
0.076383,16,303.804409
0.072554,16,304.41417
0.056617,14,305.033766
0.05924,13,305.624255
0.049524,12,306.188786
0.059944,14,306.80246
0.054194,15,307.397956
0.060483,13,307.976671
0.083744,15,308.593025
0.096316,14,309.187728
0.046395,12,309.766728
0.107388,16,310.39717
0.061188,15,311.022646
0.091099,16,311.6193
0.068967,14,312.215444
0.077566,15,312.858217
0.052358,13,313.455763
0.089375,15,314.084127
0.061697,14,314.69707
0.063879,13,315.290851
0.071826,15,315.90671
0.049604,13,316.517695
0.067965,15,317.122137
0.063244,15,317.70928
0.074134,15,318.336938
0.052673,13,318.919083
0.10906,16,319.513452
0.0414,13,320.096772
0.045192,13,320.692472
0.053926,14,321.287571
0.065379,13,321.870448
0.049058,12,322.44881
0.052213,13,323.030197
0.046029,11,323.578869
0.083048,14,324.177093
0.05262,14,324.771357
0.081144,16,325.413885
0.076282,15,326.027678
0.097544,16,326.625181
0.078192,15,327.226622
0.055059,13,327.801385
0.090389,16,328.41433
0.061249,13,329.010059
0.074012,16,329.620985
0.082092,15,330.207918
0.064755,16,330.82934
0.0769,14,331.426671
0.064228,15,332.039215
0.079921,15,332.63626
0.051781,12,333.237545
0.076527,16,333.843302
0.080826,16,334.440679
0.099407,16,335.067952
0.043529,11,335.631537
0.047717,13,336.214436
0.07458,14,336.811128
0.045111,13,337.391288
0.087248,15,337.988923
0.037496,11,338.566724
0.063199,15,339.180349
0.039451,13,339.761453
0.050963,12,340.340535
0.071822,15,340.954111
0.066877,14,341.551154
0.048447,12,342.118137
0.065108,15,342.728349
0.044356,12,343.293061
0.064149,15,343.888642
0.037918,11,344.471175
0.071468,15,345.090854
0.052633,14,345.711726
0.046798,14,346.342876
0.049459,12,346.956131
0.077484,14,347.544086
0.109843,16,348.187691
0.060966,13,348.795816
0.06738,14,349.401224
0.061156,15,350.010458
0.043727,12,350.575574
0.111398,16,351.202665
0.067396,14,351.815361
0.041945,14,352.442743
0.073209,16,353.039905
0.049071,12,353.620046
0.056578,13,354.199395
0.063157,15,354.828485
0.04575,13,355.409433
0.057777,14,356.005502
0.059741,15,356.587569
0.046293,12,357.152308
0.085948,16,357.765269
0.084926,14,358.358608
0.051241,13,358.939888
0.055017,16,359.552346
0.072914,14,360.167672
0.080239,15,360.760268
0.081614,16,361.388497
0.061084,13,362.016577
0.069621,14,362.612194
0.049564,14,363.241376
0.047113,12,363.837751
0.040505,11,364.436267
0.056185,13,365.045276
0.052922,14,365.628196
0.075922,14,366.222477
0.046467,13,366.819694
0.061916,14,367.416449
0.091052,14,368.029845
0.049608,12,371.386445
0.099178,16,372.029412
0.071619,15,372.62743
0.050252,13,373.225281
0.063505,14,373.81994
0.060183,14,374.4324
0.068098,15,375.04414
0.048227,13,375.624095
0.053931,14,376.223136
0.104832,16,376.83268
0.066835,15,377.429408
0.040858,13,378.024932
0.070431,15,378.638766
0.068488,15,379.249534
0.07865,15,379.847553
0.031115,11,380.427404
0.068591,15,381.025071
0.092889,15,381.635292
0.069299,14,382.231377
0.065606,15,382.828578
0.069208,15,383.455608
0.054983,14,384.041057
0.059586,13,384.632282
0.041592,11,385.233013
0.098426,16,385.841846
0.093523,16,386.453499
0.081059,16,387.081498
0.079124,14,387.665097
0.076944,16,388.260468
0.044961,14,388.857849
0.075983,14,389.45236
0.0982,16,390.050085
0.083845,16,390.677041
0.07317,15,391.273286
0.086495,15,391.870442
0.046477,12,392.45035
0.066508,16,393.04726
0.073625,13,393.62725
0.046624,13,394.208836
0.055597,14,394.803461
0.038988,10,395.368453
0.061663,15,395.980751
0.06298,15,396.562429
0.09267,15,397.173877
0.063453,14,397.75502
0.092788,16,398.368266
0.089791,16,398.995278
0.074834,14,399.574726
0.068661,16,400.202694
0.052145,14,400.799045
0.067805,14,401.396052
0.113397,16,402.015578
0.045229,13,402.588768
0.07413,14,403.172345
0.062565,13,403.78131
0.060347,13,404.362154
0.073614,15,404.966333
0.054256,14,405.585886
0.066287,14,406.200002
0.06209,15,406.791864
0.038262,14,407.376508
0.079201,16,407.988565
0.099093,16,408.585589
0.05574,15,409.196227
0.064338,15,409.810749
0.058019,13,410.393243
0.03427,12,410.973936
0.061593,14,411.574586
0.048934,12,412.147283
0.072199,16,412.776495
0.075437,14,413.387216
0.096514,16,414.000604
0.046999,14,414.582358
0.084425,16,415.205587
0.082697,16,415.804745
0.061747,14,416.41792
0.087328,16,417.045349
0.068931,13,417.641285
0.046132,12,418.205689
0.054632,13,418.792065
0.069039,16,419.398365
0.059007,13,419.994389
0.05506,13,420.57606
0.052917,13,421.156773
0.046248,13,421.754121
0.073621,15,422.348662
0.062754,14,422.946576
0.062671,14,423.526167
0.062056,16,424.169713
0.098589,16,424.783155
0.075493,16,425.403319
0.099321,16,426.047477
0.068158,15,426.633272
0.051409,14,427.246159
0.068814,13,427.828905
0.076381,15,428.441271
0.074293,16,429.066249
0.040914,11,429.631709
0.08714,15,430.244391
0.050652,12,430.827151
0.048771,13,431.422901
0.083298,14,432.019274
0.062089,15,432.614123
0.091819,15,433.209609
0.058013,13,433.79253
0.04576,14,434.387167
0.09746,16,435.000746
0.09158,16,435.59747
0.05855,14,436.192264
0.097129,16,436.806287
0.054383,14,437.417276
0.052421,12,437.998132
0.06847,14,438.609576
0.075782,14,439.221151
0.054311,14,439.81881
0.108224,15,440.445391
0.064687,13,441.012039
0.054215,13,441.591749
0.082404,16,442.204645
0.035587,12,442.784712
0.058512,15,443.382804
0.064875,14,443.977634
0.064783,15,444.575344
0.062063,14,445.160186
0.078401,16,445.766283
0.047924,13,446.349926
0.097344,16,446.970619
0.065515,13,447.541499
0.099559,16,448.153588
0.05793,14,448.750152
0.071002,15,449.356297
0.09108,16,449.957785
0.06473,13,450.538791
0.111503,16,451.160443
0.077628,16,451.78178
0.070823,14,452.390267
0.037056,11,452.954953
0.087402,16,453.553632
0.043467,13,454.162489
0.056066,12,454.727953
0.088276,16,455.340819
0.046959,13,455.921532
0.11982,16,456.533962
0.03724,11,457.097406
0.090606,16,457.712289
0.085866,15,458.322981
0.051742,15,458.934577
0.100724,15,459.546312
0.050974,14,460.153089
0.051357,16,460.779153
0.040923,11,461.383674
0.066439,15,461.997972
0.062527,16,462.623836
0.046856,12,463.205959
0.102647,15,463.800047
0.053996,12,464.382991
0.070534,14,464.977443
0.136653,16,465.609958
0.056512,13,466.203767
0.047613,14,466.814371
0.079732,14,467.427083
0.056557,14,468.011659
0.041018,11,468.59757
0.07791,15,469.201141
0.068753,13,469.795748
0.059256,14,470.392867
0.062452,13,470.973101
0.060726,13,471.553953
0.052842,13,472.152627
0.049545,13,472.74777
0.059383,14,473.327204
0.094287,16,473.94026
0.071163,14,474.520941
0.061913,16,475.116058
0.061246,15,475.730211
0.05885,14,476.325521
0.079767,15,476.923341
0.068378,14,477.533449
0.058634,13,478.114563
0.085064,16,478.71734
0.075729,14,479.323416
0.088137,16,479.935654
0.056174,14,480.534284
0.080131,14,481.128881
0.080843,14,481.724737
0.047333,12,482.305238
0.056773,14,482.918762
0.038691,14,483.515472
0.052695,13,484.109242
0.109736,16,484.707614
0.058315,14,485.303862
0.073402,15,485.915454
0.07557,14,486.497929
0.071072,14,487.078352
0.079912,16,487.69089
0.102881,16,488.302263
0.050866,13,488.883236
0.053425,12,489.478696
0.073964,16,490.075832
0.049442,14,490.669985
0.054403,13,491.25316
0.055826,13,491.818295
0.055067,12,492.39746
0.061937,12,493.009861
0.088196,16,493.620668
0.06193,14,494.219597
0.100568,16,494.815751
0.038551,12,495.394579
0.081666,16,496.006555
0.036589,11,496.573348
0.059065,15,497.170021
0.080583,15,497.779787
0.045721,13,498.376874
0.068612,14,498.959019
0.086492,15,499.570955
0.041307,12,500.153418
0.06072,15,500.762931
0.057777,13,501.34316
0.061696,14,501.939877
0.100499,16,502.55075
0.053676,13,503.132115
0.066086,13,503.698281
0.058543,12,504.293548
0.064496,14,504.923514
0.069521,14,505.535102
0.042008,13,506.115085
0.059924,13,506.698435
0.086849,15,507.30974
0.071417,16,507.92171
0.078271,16,508.553849
0.040101,12,509.128494
0.096257,16,509.74252
0.051901,13,510.31638
0.100764,16,510.949826
0.059075,15,511.529037
0.073484,14,512.125841
0.064494,14,512.738215
0.095478,16,513.352108
0.062602,14,513.962145
0.067235,15,514.560196
0.096847,15,515.191687
0.084652,16,515.798429
0.074538,15,516.412219
0.07104,14,517.008047
0.061626,14,517.604227
0.063516,14,518.201358
0.055869,14,518.789332
0.056837,14,519.377521
0.065867,15,520.00584
0.056688,14,520.591867
0.065348,14,521.184482
0.07724,16,521.81142
0.042211,12,522.408871
0.103027,15,523.037105
0.080975,14,523.647434
0.082154,16,524.276441
0.068222,15,524.887874
0.067961,13,525.48294
0.089529,16,526.112119
0.059136,13,526.693935
0.039966,10,527.27081
0.072978,15,527.868037
0.060476,13,528.434013
0.044189,12,529.015918
0.052677,14,529.611948
0.064172,14,530.212808
0.07259,15,530.818003
0.073754,15,531.41526
0.053127,13,532.01154
0.082957,15,532.627628
0.072245,15,533.236241
0.062429,13,533.822613
0.06398,12,534.398119
0.059776,16,535.009714
0.043584,13,535.606862
0.053054,14,536.205414
0.050067,14,536.799858
0.038759,13,537.379815
0.036087,10,537.931935
0.068154,15,538.533715
0.087459,16,539.13797
0.07275,14,539.736508
0.096991,16,540.349452
0.082044,16,540.959136
0.072308,15,541.570585
0.078982,16,542.245384
0.083928,16,542.874026
0.090128,16,546.385691
0.074402,15,547.061934
0.040464,13,547.648865
0.044236,12,548.254546
0.093113,16,548.902659
0.078119,14,549.528089
0.043547,12,550.126466
0.066376,13,550.758596
0.066913,15,551.402992
0.075811,15,552.026863
0.049887,15,552.63953
0.056853,14,553.259093
0.076078,16,553.862827
0.082703,16,554.518763
0.100772,16,555.168035
0.098456,16,555.79789
0.065838,15,556.434976
0.10411,16,557.096975
0.056592,15,557.731267
0.060228,13,558.353534
0.107645,16,559.02814
0.086709,16,559.672185
0.068715,14,560.340941
0.059416,14,561.017324
0.072842,16,561.660098
0.085163,16,562.261523
0.091631,15,562.865331
0.051641,12,563.444969
0.085455,14,564.031946
0.087519,16,564.656327
0.057576,14,565.261463
0.078931,14,565.853732
0.107348,16,566.46945
0.050749,12,567.049849
0.089741,16,567.668902
0.042968,12,568.261796
0.080741,16,568.889937
0.063088,15,569.48528
0.033647,12,570.076671
0.066288,14,570.692504
0.067511,14,571.299449
0.091027,16,571.9097
0.079602,15,572.516116
0.0716,14,573.095086
0.058145,14,573.691206
0.072376,16,574.302962
0.076511,16,574.914841
0.094447,16,575.567858
0.058169,13,576.201751
0.10049,16,576.854106
0.066239,14,577.487911
0.057837,13,578.08929
0.067092,16,578.699877
0.055076,13,579.332485
0.102639,16,579.967613
0.072688,15,580.655279
0.042428,12,581.363536
0.066982,15,582.003306
0.036205,10,582.601343
0.04591,12,583.212548
0.061528,15,583.855539
0.068926,14,584.467224
0.063475,14,585.072781
0.084713,15,585.723287
0.077538,14,586.323687
0.083885,15,586.958288
0.049344,13,587.554837
0.051179,14,588.16722
0.077838,16,588.797957
0.113233,16,589.438309
0.069311,15,590.040579
0.077704,16,590.659035
0.060179,14,591.263284
0.069355,14,591.91057
0.06567,14,592.536269
0.044675,11,593.167916
0.118645,16,593.933765
0.046872,13,594.631453
0.07573,14,595.268471
0.067939,13,595.862095
0.061738,13,596.467205
0.099729,16,597.137167
0.074032,15,597.884921
0.096573,16,598.674695
0.090912,15,599.377136
0.10677,16,600.039425
0.070372,16,600.73404
0.04092,13,601.390358
0.08583,16,602.095792
0.040451,13,602.718375
0.075636,16,603.345992
0.053145,14,603.996715
0.07065,16,604.639035
0.058262,14,605.252356
0.031344,10,605.862396
0.072926,14,606.473523
0.047823,13,607.064022
0.101383,16,607.691443
0.091766,16,608.327994
0.0921,15,608.969549
0.085071,14,609.594146
0.056444,14,610.233554
0.056381,13,610.826032
0.063969,12,611.417666
0.081895,16,612.054415
0.064667,16,612.684966
0.083593,16,613.326576
0.097433,16,613.933263
0.126718,16,614.568051
0.105939,16,615.216206
0.070871,15,615.821412
0.091055,15,616.452979
0.061176,14,617.099391
0.037121,12,617.690833
0.075904,16,618.314885
0.065209,15,618.960881
0.077222,14,619.590737
0.093456,16,620.21917
0.073882,15,620.887505
0.060551,14,621.526406
0.047112,13,622.167621
0.037246,12,622.792751
0.077003,15,623.450172
0.115934,16,624.095765
0.058178,15,624.738971
0.054925,13,625.462841
0.083739,16,626.149441
0.076024,16,626.814345
0.064553,16,627.504586
0.074448,16,628.241696
0.060902,14,628.900707
0.063662,14,629.54324
0.063376,15,630.186879
0.052537,14,630.810015
0.050938,13,631.411646
0.06591,14,632.030143
0.049144,14,632.655542
0.054539,13,633.265769
0.060118,14,633.899546
0.059609,15,634.530876
0.083651,16,635.190117
0.070857,15,635.807813
0.083137,15,636.432425
0.090911,16,637.047372
0.061559,16,637.707594
0.043281,14,638.374753
0.074862,15,639.063395
0.082853,14,639.695457
0.056187,13,640.303712
0.062923,15,640.916166
0.062084,13,641.508742
0.084378,15,642.112187
0.118811,16,642.724554
0.116773,16,643.359235
0.083748,16,644.02048
0.082672,15,644.637134
0.044678,12,645.255744
0.081963,16,645.905874
0.073602,16,646.538497
0.056623,14,647.198638
0.061118,14,647.839184
0.062124,14,648.468802
0.047605,15,649.170183
0.087652,16,649.866028
0.063063,14,650.52117
0.083682,14,651.175817
0.06078,14,651.80409
0.105333,16,652.511772
0.085031,15,653.192322
0.089539,16,653.871607
0.042327,14,654.543189
0.039577,12,655.182613
0.065438,15,655.808815
0.067092,14,656.444263
0.063839,13,657.117984
0.093215,16,657.750503
0.056486,15,658.400744
0.099169,15,659.080989
0.079272,16,659.762163
0.096542,16,660.411751
0.101401,16,661.061195
0.065868,14,661.678587
0.038524,10,662.284733
0.070917,14,662.924413
0.042499,13,663.596449
0.075776,14,664.288515
0.077227,14,664.946696
0.088494,16,665.648771
0.088387,16,666.396016
0.100079,15,667.089337
0.08037,16,667.736248
0.117304,16,668.368759
0.064199,15,669.048072
0.095817,15,669.769804
0.042637,12,670.629794
0.112917,16,671.306178
0.10352,16,671.972632
0.104265,16,672.729736
0.062263,14,673.543603
0.071309,15,674.190066
0.042608,10,674.801628
0.046529,12,675.445386
0.083859,16,676.107243
0.067649,16,676.771689
0.062707,13,677.407226
0.046474,12,678.020921
0.061907,13,678.643162
0.054028,13,679.282697
0.095097,14,679.904799
0.058301,14,680.536573
0.09607,16,681.195343
0.1113,15,681.827643
0.071637,14,682.465885
0.081743,16,683.118071
0.061107,13,683.754127
0.066801,16,684.491827
0.06804,14,685.170192
0.057237,12,685.795396
0.067974,15,686.433114
0.066925,14,687.059719
0.073624,15,687.711732
0.113947,16,688.351625
0.118711,16,688.974046
0.070238,15,689.602649
0.090636,16,690.233172
0.070493,15,690.880775
0.060769,14,691.53607
0.092594,15,692.198463
0.096198,16,692.836024
0.064323,15,693.494554
0.114817,16,694.200263
0.065849,13,694.831754
0.074778,15,695.619696
0.048094,14,696.425156
0.078905,16,697.088297
0.104269,16,697.91032
0.065354,16,699.031648
0.091359,16,699.716622
0.041668,14,700.479599
0.079324,16,701.155818
0.051257,15,701.790165
0.070247,16,702.43552
0.057171,14,703.065997
0.046762,12,703.734773
0.060368,14,704.395014
0.093495,16,705.073746
0.048426,14,705.700728
0.073235,14,706.325171
0.054369,13,706.955209
0.07974,16,707.58185
0.036213,12,708.189582
0.091109,16,708.831166
0.053644,14,709.451954
0.065722,14,710.079881
0.057616,13,710.696879
0.063997,14,711.31231
0.070699,16,711.943469
0.063458,15,712.581936
0.066153,14,713.204478
0.049305,13,713.821686
0.063344,13,714.462635
0.112611,16,715.089059
0.081972,15,715.717109
0.045687,12,716.325153
0.039559,11,716.917978
0.112796,16,717.578644
0.06026,14,718.211637
0.07063,14,718.861582
0.062465,14,719.486782
0.05994,15,720.138183
0.10956,16,720.777463
0.088239,16,721.404928
0.038066,12,722.008517
0.090711,15,722.63227
0.060992,15,723.248949
0.082483,16,723.891979
0.090212,15,724.517893
0.070958,14,725.121553
0.067795,16,725.773352
0.090702,15,726.417967
0.084541,16,727.043511
0.059125,13,727.66957
0.089663,16,731.111855
0.028127,10,731.703336
0.095119,15,732.335626
0.071079,15,732.95517
0.126454,16,733.605223
0.094457,14,734.242565
0.096019,16,734.868472
0.066374,14,735.497107
0.060535,13,736.097839
0.066514,15,736.711308
0.085035,15,737.362108
0.074626,15,737.995546
0.100652,16,738.620758
0.051114,13,739.259789
0.057477,15,739.888795
0.071936,14,740.501319
0.073357,15,741.123594
0.045782,12,741.696821
0.083526,15,742.307398
0.072239,14,742.924285
0.052124,14,743.549331
0.115183,16,744.193162
0.099644,16,744.826865
0.051783,12,745.40425
0.091043,16,746.010936
0.045913,13,746.607451
0.10842,16,747.239157
0.04531,12,747.839602
0.074973,16,748.491803
0.088719,16,749.115509
0.0656,14,749.734381
0.074564,16,750.389348
0.066484,14,751.010196
0.07259,14,751.611927
0.073416,14,752.229384
0.091269,16,752.844855
0.074349,16,753.463035
0.042645,12,754.050081
0.096671,16,754.68812
0.053902,15,755.327623
0.066396,13,755.936077
0.072996,14,756.55272
0.094822,16,757.190132
0.062994,14,757.833513
0.057408,13,758.435989
0.062686,13,759.065346
0.068718,14,759.686486
0.083779,13,760.312456
0.107554,16,760.969595
0.063695,14,761.611654
0.062499,14,762.231957
0.064967,15,762.861641
0.085505,16,763.499789
0.08504,16,764.15343
0.08172,15,764.800191
0.081783,16,765.459864
0.105881,16,766.102545
0.071973,16,766.739793
0.061849,14,767.346564
0.093513,16,767.975817
0.073033,15,768.603325
0.103284,16,769.209849
0.045173,13,769.835804
0.054732,14,770.473701
0.045347,11,771.078192
0.097638,15,771.716247
0.098805,16,772.365547
0.05754,14,772.968363
0.109136,16,773.602137
0.081805,15,774.229211
0.066256,15,774.840702
0.055492,14,775.439971
0.082775,15,776.051221
0.068852,16,776.676665
0.095078,15,777.301572
0.091676,16,777.919676
0.08659,16,778.547298
0.076686,14,779.174976
0.068521,14,779.80817
0.065404,13,780.435007
0.04422,13,781.055416
0.041053,13,781.662715
0.063769,13,782.264283
0.085404,14,782.867949
0.049268,14,783.496288
0.067392,14,784.106807
0.054643,14,784.69621
0.063355,14,785.304751
0.063977,15,785.906371
0.070202,13,786.523877
0.06955,15,787.165405
0.037594,11,787.744801
0.089676,16,788.371338
0.087879,15,789.016591
0.097949,16,789.648284
0.100304,16,790.259972
0.104629,16,790.890531
0.055635,14,791.504084
0.05925,14,792.092707
0.061597,16,792.706643
0.057028,13,793.324797
0.062616,15,793.967753
0.063939,14,794.616869
0.075063,13,795.24186
0.058049,13,795.873229
0.111889,16,796.549408
0.068851,14,797.185853
0.070327,14,797.842651
0.101303,14,798.517372
0.087468,15,799.2243
0.075959,15,799.86539
0.092156,16,800.521201
0.087613,15,801.140117
0.056946,13,801.745828
0.076416,15,802.368548
0.082848,15,802.986328
0.073462,16,803.625512
0.082776,16,804.288123
0.069663,14,804.915299
0.109044,16,805.58632
0.045222,12,806.223482
0.075326,15,806.844674
0.04537,12,807.444659
0.058233,14,808.05618
0.038646,12,808.668742
0.044391,12,809.268942
0.052626,13,809.868893
0.053859,13,810.452614
0.068327,13,811.052927
0.063951,12,811.638046
0.086544,16,812.282577
0.062261,14,812.925745
0.060425,14,813.565818
0.102181,16,814.202723
0.049666,13,814.802647
0.070482,14,815.427703
0.069516,14,816.02087
0.038575,14,816.623345
0.105758,16,817.265092
0.057864,13,817.861744
0.06135,13,818.461213
0.067659,15,819.061599
0.03931,12,819.644226
0.09324,16,820.293972
0.112087,16,820.929694
0.070169,14,821.548139
0.102213,15,822.181184
0.058647,15,822.811064
0.075674,15,823.427333
0.063802,13,824.025641
0.052586,15,824.65834
0.058223,15,825.28456
0.060128,15,825.893065
0.064803,14,826.502537
0.046435,11,827.082855
0.08681,16,827.689983
0.068291,13,828.303366
0.113113,16,828.94494
0.111049,16,829.584259
0.076545,15,830.2066
0.059359,13,830.798125
0.097257,15,831.412569
0.064444,14,832.002228
0.064237,14,832.595301
0.063433,13,833.211148
0.056169,13,833.797565
0.058677,14,834.401852
0.105919,16,835.035586
0.08327,15,835.640921
0.069552,15,836.264421
0.050662,13,836.880154
0.10992,16,837.528907
0.068631,15,838.149163
0.055234,14,838.771868
0.080357,16,839.406747
0.033956,12,840.008256
0.045068,12,840.609785
0.077343,15,841.224424
0.062233,14,841.835233
0.083133,15,842.472672
0.053648,14,843.10438
0.043895,13,843.72681
0.091268,16,844.38391
0.077142,15,845.012168
0.094387,16,845.651823
0.064452,15,846.296398
0.037701,11,846.888627
0.082859,15,847.531085
0.050423,13,848.127407
0.102994,15,848.731845
0.089681,14,849.336223
0.078659,15,849.955369
0.062164,15,850.578643
0.074898,16,851.200905
0.120458,16,851.841304
0.113623,16,852.481511
0.101431,16,853.108012
0.117208,16,853.768651
0.059967,14,854.399174
0.092408,16,855.05267
0.082612,16,855.713374
0.070881,14,856.341429
0.057319,14,856.956855
0.061194,15,857.575099
0.062468,15,858.200937
0.078747,14,858.823027
0.074449,15,859.44958
0.103501,16,860.101286
0.091861,15,860.728661
0.087256,15,861.356167
0.039836,11,861.944192
0.070426,14,862.563228
0.055885,13,863.171521
0.095804,16,863.803751
0.073516,13,864.41316
0.051653,14,865.029018
0.093707,15,865.682907
0.128733,16,866.359731
0.089254,16,867.003607
0.079705,14,867.62765
0.053192,15,868.252498
0.10439,16,868.896949
0.105086,16,869.569883
0.067266,14,870.19852
0.072261,15,870.860405
0.047161,13,871.471422
0.059794,14,872.158978
0.044328,12,872.795253
0.042684,14,873.417193
0.050723,13,874.05329
0.065579,15,874.697647
0.097227,16,875.353781
0.062297,15,875.973185
0.067366,13,876.589845
0.098387,16,877.217547
0.046535,13,877.806695
0.0397,11,878.371207
0.070184,16,878.981884
0.057318,14,879.600417
0.052698,13,880.207173
0.072955,14,880.854588
0.059774,14,881.495923
0.066378,14,882.101048
0.104154,16,882.751343
0.068643,15,883.413037
0.05484,13,884.026444
0.067666,16,884.661015
0.042094,13,885.269344
0.075393,16,885.906954
0.118469,16,886.557542
0.069363,15,887.211776
0.078613,16,887.899587
0.111423,16,888.5476
0.068977,15,889.193739
0.099201,15,889.819936
0.066025,14,890.422885
0.081657,16,891.059428
0.063498,14,891.65785
0.07087,16,892.276865
0.118864,16,892.907796
0.032498,11,893.49849
0.069959,16,894.105309
0.059149,14,894.70726
0.109414,16,895.315941
0.076411,15,895.923642
0.092652,16,896.54989
0.07744,14,897.140445
0.083592,15,897.766147
0.101736,16,898.383085
0.08703,16,898.992729
0.095856,16,899.599829
0.082963,15,900.230155
0.059416,14,900.82024
0.062968,15,901.445691
0.110373,16,902.078146
0.095495,16,902.70819
0.079417,15,903.307707
0.077254,15,903.930294
0.096063,16,904.543831
0.037906,13,905.129371
0.067647,15,905.740006
0.050806,14,906.344698
0.063595,13,909.621741
0.082852,15,910.266724
0.070414,14,910.859869
0.062271,14,911.456015
0.061108,13,912.047481
0.08682,15,912.67001
0.127715,16,913.312497
0.077813,15,913.920661
0.076033,15,914.534076
0.08019,15,915.178034
0.072907,14,915.802904
0.054553,13,916.414338
0.124438,16,917.058548
0.090164,15,917.663358
0.082013,15,918.269046
0.1133,16,918.887214
0.057332,15,919.503691
0.044361,12,920.093905
0.102553,16,920.716821
0.070975,16,921.326141
0.078836,14,921.91918
0.076946,15,922.531563
0.098945,16,923.156157
0.088605,15,923.761923
0.072758,16,924.383081
0.085875,16,925.014148
0.065054,14,925.627727
0.048843,14,926.241123
0.096561,16,926.868692
0.065882,15,927.472667
0.083581,15,928.099381
0.103172,16,928.717874
0.091758,14,929.312517
0.078015,16,929.934181
0.090912,16,930.561868
0.04008,10,931.128829
0.118381,16,931.746034
0.107669,16,932.373162
0.075157,15,932.982813
0.083097,16,933.598486
0.0735,14,934.199549
0.079297,15,934.805079
0.09688,16,935.423564
0.049794,12,936.029601
0.058751,14,936.647927
0.114978,16,937.280837
0.08534,14,937.891672
0.084637,16,938.514691
0.091918,15,939.138945
0.086409,16,939.773237
0.042789,12,940.385775
0.063341,13,940.995428
0.077549,15,941.603117
0.077285,15,942.207538
0.078851,16,942.813501
0.059954,15,943.427389
0.068886,13,944.022975
0.09546,16,944.63051
0.088819,16,945.237585
0.11005,16,945.88121
0.068847,14,946.484068
0.076593,15,947.097525
0.064588,14,947.704036
0.073887,14,948.320468
0.077515,14,948.926155
0.085113,16,949.549639
0.060872,14,950.157069
0.076674,14,950.756562
0.053097,15,951.375248
0.057288,14,951.987322
0.052581,14,952.581882
0.056852,14,953.191316
0.091002,16,953.815688
0.077356,15,954.444325
0.078257,14,955.067566
0.076416,15,955.696641
0.084879,16,956.317729
0.119964,16,956.936483
0.071617,16,957.560138
0.096742,16,958.16777
0.057183,13,958.769823
0.087823,16,959.377661
0.093573,16,959.981071
0.112483,16,960.619082
0.064155,13,961.203159
0.090397,16,961.812649
0.052533,13,962.428603
0.078043,16,963.031161
0.080402,15,963.622128
0.06449,15,964.24858
0.072537,16,964.864059
0.088375,16,965.473503
0.048063,13,966.066997
0.099909,15,966.667058
0.105737,16,967.275853
0.060402,13,967.877315
0.114635,16,968.496824
0.110734,16,969.104573
0.062372,14,969.703077
0.09455,15,970.3185
0.082925,14,970.910139
0.047632,12,971.508742
0.071308,14,972.121325
0.065323,16,972.730971
0.072793,14,973.322552
0.10188,16,973.964534
0.080053,14,974.558199
0.04552,12,975.160849
0.041224,12,975.787796
0.050925,13,976.380334
0.087895,16,976.991971
0.101523,16,977.599224
0.053182,13,978.196764
0.09363,15,978.807652
0.096477,15,979.407345
0.074451,15,980.029856
0.077923,16,980.660977
0.071708,16,981.277343
0.112195,15,981.879408
0.054629,14,982.479764
0.105592,15,983.074462
0.100957,16,983.688911
0.048496,11,984.256268
0.104113,16,984.885069
0.057421,13,985.498494
0.061914,14,986.108923
0.098277,15,986.723462
0.081276,16,987.340724
0.072327,16,987.956149
0.097701,16,988.563585
0.111563,15,989.167601
0.108424,16,989.796039
0.066304,13,990.384944
0.088626,16,990.987543
0.111325,15,991.586004
0.045896,13,992.170462
0.131831,16,992.783098
0.080491,15,993.401519
0.113366,16,994.022075
0.087154,16,994.647546
0.087049,15,995.258475
0.082133,14,995.874964
0.113581,16,996.493482
0.088995,16,997.112948
0.07707,15,997.728607
0.116142,15,998.33708
0.089495,15,998.946578
0.102825,16,999.578316
0.077253,13,1000.176533
0.113708,16,1000.794022
0.071905,14,1001.400656
0.067897,16,1002.032288
0.095983,16,1002.66284
0.091325,15,1003.29027
0.07877,14,1003.913872
0.070224,15,1004.526235
0.073929,15,1005.126776
0.088031,16,1005.769703
0.06163,14,1006.363177
0.056566,15,1006.977111
0.111508,16,1007.618775
0.06514,14,1008.234501
0.082947,16,1008.861262
0.09924,16,1009.49429
0.085734,14,1010.091611
0.051602,12,1010.682115
0.126138,16,1011.320978
0.058413,12,1011.907742
0.055409,14,1012.514301
0.084326,14,1013.124716
0.055069,13,1013.727815
0.080355,15,1014.341567
0.087789,16,1014.982702
0.075901,14,1015.577069
0.065109,14,1016.16904
0.098513,16,1016.802214
0.057544,13,1017.388662
0.069901,16,1018.005164
0.102325,16,1018.640532
0.093861,16,1019.265912
0.049358,12,1019.854361
0.098334,16,1020.490092
0.097941,16,1021.118697
0.08671,15,1021.731244
0.073249,15,1022.353806
0.050382,13,1022.938025
0.053363,13,1023.549639
0.0474,13,1024.198535
0.107088,16,1024.88804
0.04528,11,1025.472568
0.059718,14,1026.087337
0.078811,16,1026.707194
0.086521,16,1027.317787
0.084298,15,1027.942754
0.046068,12,1028.522506
0.086644,16,1029.134523
0.078119,16,1029.769373
0.059101,13,1030.365963
0.104303,16,1030.981414
0.087805,16,1031.598401
0.06421,14,1032.206782
0.081596,16,1032.825969
0.055998,14,1033.446764
0.068488,14,1034.040675
0.083042,16,1034.661231
0.07457,16,1035.27807
0.057579,13,1035.874894
0.075974,15,1036.488456
0.108052,16,1037.109896
0.104982,16,1037.739485
0.066801,14,1038.331162
0.083126,16,1038.941229
0.07186,16,1039.550788
0.085179,16,1040.167391
0.117163,16,1040.786089
0.087371,15,1041.394066
0.0753,16,1042.004811
0.063947,14,1042.604787
0.065341,14,1043.213733
0.076582,15,1043.829853
0.081567,14,1044.422737
0.078884,14,1045.034174
0.074286,16,1045.688862
0.085332,16,1046.320176
0.091888,16,1046.956817
0.088595,16,1047.588294
0.062845,14,1048.192517
0.104629,15,1048.817579
0.088068,15,1049.435075
0.064715,14,1050.054233
0.073869,16,1050.701766
0.125295,16,1051.318328
0.052397,15,1051.946017
0.08491,16,1052.585641
0.071788,16,1053.196887
0.092277,16,1053.813434
0.106956,16,1054.438744
0.116818,16,1055.074941
0.05704,13,1055.676424
0.098123,16,1056.285272
0.061315,13,1056.89481
0.088718,16,1057.511351
0.074564,14,1058.113168
0.103293,16,1058.741025
0.086282,16,1059.358752
0.054343,12,1059.93369
0.096656,16,1060.564842
0.113835,16,1061.209322
0.094117,14,1061.806977
0.084065,15,1062.42543
0.086796,15,1063.035083
0.056183,13,1063.620673
0.076212,15,1064.258012
0.08083,14,1064.856534
0.080754,16,1065.482151
0.113157,16,1066.111528
0.05458,14,1066.719193
0.119086,16,1067.341808
0.075054,14,1067.96621
0.112285,16,1068.585656
0.079689,15,1069.193257
0.080227,15,1069.824423
0.104707,16,1070.449332
0.077864,15,1071.081345
0.080862,15,1071.70039
0.100219,16,1072.310928
0.070011,14,1072.902312
0.08675,16,1073.534864
0.068267,15,1074.135131
0.082751,14,1074.746449
0.065049,14,1075.366467
0.103357,15,1075.973455
0.102566,16,1076.584156
0.074344,15,1077.195318
0.116138,16,1077.800744
0.070436,14,1078.389265
0.067564,16,1081.761402
0.102656,16,1082.399402
0.065583,16,1083.004889
0.088439,16,1083.623494
0.114068,16,1084.256963
0.060513,14,1084.856216
0.089138,16,1085.480154
0.126296,16,1086.089815
0.048097,12,1086.672961
0.0763,16,1087.282987
0.097672,16,1087.887436
0.114472,15,1088.50687
0.104589,16,1089.111382
0.110566,16,1089.717177
0.074772,13,1090.335721
0.117094,16,1090.939387
0.088562,16,1091.584539
0.107467,15,1092.205248
0.071669,15,1092.817717
0.122565,16,1093.425493
0.119777,16,1094.047604
0.102753,16,1094.66307
0.078894,15,1095.264555
0.103298,16,1095.890449
0.083417,15,1096.496921
0.083023,16,1097.105301
0.106365,15,1097.711652
0.110177,16,1098.315719
0.114319,16,1098.920466
0.090631,15,1099.550275
0.09804,16,1100.172182
0.095297,16,1100.776586
0.096348,16,1101.389766
0.094573,14,1101.98145
0.060623,15,1102.583377
0.06612,13,1103.172049
0.075557,16,1103.781579
0.062685,15,1104.390057
0.088208,15,1104.99901
0.131466,16,1105.607555
0.092594,16,1106.215984
0.116838,16,1106.850809
0.041594,13,1107.453876
0.075121,15,1108.055776
0.074935,15,1108.65955
0.042995,11,1109.264209
0.05709,13,1109.846806
0.099641,16,1110.463907
0.077618,15,1111.064412
0.101508,16,1111.682017
0.101804,15,1112.294123
0.113095,16,1112.914269
0.097451,15,1113.53975
0.058384,13,1114.146221
0.073538,14,1114.741801
0.130148,16,1115.359448
0.060204,13,1115.956621
0.075044,16,1116.587004
0.104828,16,1117.214088
0.115994,16,1117.857762
0.092333,15,1118.488317
0.075037,15,1119.087476
0.081126,15,1119.71298
0.080278,16,1120.325414
0.078627,15,1120.961229
0.120113,16,1121.578425
0.097644,15,1122.181129
0.109548,16,1122.78744
0.080063,14,1123.379967
0.105064,16,1124.004632
0.079614,15,1124.631865
0.088704,15,1125.267658
0.08917,16,1125.906547
0.143317,16,1126.537815
0.083372,14,1127.143114
0.071368,16,1127.798108
0.072456,14,1128.435016
0.094354,16,1129.059593
0.110417,16,1129.70915
0.108764,15,1130.364026
0.099522,16,1131.057207
0.127435,16,1131.709283
0.104906,16,1132.37133
0.067561,16,1133.019826
0.112455,16,1133.702962
0.078749,16,1134.3593
0.07018,14,1134.983403
0.06741,14,1135.583675
0.081347,16,1136.289535
0.057379,13,1136.940532
0.062093,13,1137.607143
0.077113,15,1138.296896
0.075167,15,1138.971907
0.094521,16,1139.646586
0.090686,16,1140.352432
0.095809,16,1140.979931
0.075668,14,1141.602821
0.099901,16,1142.229779
0.098334,16,1142.853021
0.074915,15,1143.437426
0.082485,15,1144.078372
0.087894,15,1144.72141
0.061226,14,1145.37827
0.136398,16,1146.043425
0.119617,16,1146.710009
0.089899,15,1147.35738
0.109567,16,1147.998124
0.089478,16,1148.947998
0.065514,14,1149.708847
0.096095,15,1150.43327
0.078448,15,1151.078804
0.114355,16,1151.77552
0.048906,12,1152.395226
0.108223,16,1153.085993
0.066461,15,1153.720125
0.078705,14,1154.364997
0.087392,16,1155.029804
0.094836,16,1155.653439
0.069255,15,1156.279295
0.100137,15,1156.89668
0.080448,14,1157.49674
0.112693,16,1158.254978
0.107757,16,1158.969238
0.094657,15,1159.601431
0.0764,15,1160.241704
0.094871,16,1160.922081
0.099339,15,1161.577554
0.133627,16,1162.252042
0.078162,15,1162.880617
0.088379,15,1163.528309
0.096211,16,1164.190097
0.067302,14,1164.806302
0.077734,14,1165.418047
0.073484,16,1166.015974
0.08587,15,1166.627197
0.096276,15,1167.25399
0.065423,13,1167.88877
0.049273,13,1168.495311
0.117416,16,1169.11558
0.069095,16,1169.784422
0.053158,12,1170.384997
0.088163,15,1171.029523
0.056635,14,1171.684724
0.09768,15,1172.331321
0.115776,16,1173.050528
0.098215,16,1173.722207
0.096814,15,1174.33252
0.113729,16,1175.039261
0.098754,16,1175.704627
0.076814,14,1176.327443
0.094175,15,1176.963171
0.088153,14,1177.588046
0.079069,16,1178.253478
0.050292,12,1178.942057
0.056623,13,1179.573859
0.095446,14,1180.239923
0.089861,16,1181.123227
0.064891,13,1181.74713
0.090644,14,1182.392627
0.059801,13,1183.009931
0.091411,16,1183.809513
0.116723,16,1184.513191
0.062702,13,1185.162894
0.070169,15,1185.807575
0.061821,14,1186.432999
0.070415,14,1187.011145
0.069272,14,1187.639439
0.055455,13,1188.236153
0.095813,16,1188.865994
0.067622,14,1189.477736
0.057593,15,1190.08949
0.104977,15,1190.68561
0.076753,15,1191.326847
0.091517,16,1191.970581
0.092626,15,1192.610559
0.089218,15,1193.251349
0.079467,14,1193.868674
0.055385,14,1194.498967
0.072406,16,1195.154109
0.123401,16,1195.807958
0.090421,15,1196.438037
0.068132,14,1197.038629
0.074298,14,1197.631073
0.053279,14,1198.252681
0.091296,15,1198.867959
0.040194,11,1199.468102
0.061048,15,1200.116295
0.081107,16,1200.75839
0.048794,13,1201.377718
0.06159,14,1201.992681
0.071153,14,1202.606236
0.059705,15,1203.212492
0.082317,15,1203.84748
0.08959,15,1204.482791
0.099062,16,1205.117776
0.068045,13,1205.781055
0.092841,15,1206.436377
0.104144,15,1207.070429
0.094585,15,1207.740831
0.090355,15,1208.36729
0.095696,16,1209.049652
0.08708,15,1209.772415
0.096296,15,1210.47205
0.089927,15,1211.201187
0.051556,13,1211.837525
0.090121,16,1212.509006
0.061411,15,1213.178674
0.060035,13,1213.805847
0.08626,15,1214.40583
0.094359,16,1215.057229
0.092319,15,1215.727272
0.084177,14,1216.354686
0.100022,16,1216.995414
0.06057,14,1217.660818
0.070414,14,1218.296061
0.094037,16,1218.944112
0.071509,14,1219.559627
0.120047,16,1220.1829
0.07143,16,1220.801853
0.105474,15,1221.43259
0.115774,16,1222.066834
0.068643,14,1222.720669
0.087851,15,1223.381751
0.073091,14,1224.019199
0.09824,16,1224.666941
0.084953,16,1225.315199
0.096814,15,1225.925802
0.118861,16,1226.545595
0.093865,16,1227.170117
0.067811,15,1227.785636
0.098599,15,1228.383825
0.078915,15,1229.049114
0.080193,14,1229.688655
0.109998,16,1230.309763
0.090573,16,1230.953159
0.05159,13,1231.533629
0.088306,14,1232.145077
0.082043,16,1232.803102
0.078178,14,1233.419186
0.075935,14,1234.057971
0.102993,15,1234.701829
0.08252,14,1235.318146
0.077862,14,1235.914773
0.07586,14,1236.510994
0.063638,13,1237.107074
0.09974,16,1237.740903
0.11375,16,1238.35165
0.123407,16,1238.978015
0.117143,16,1239.579145
0.083608,16,1240.203046
0.065673,14,1240.844246
0.107286,16,1241.477348
0.084998,15,1242.133858
0.121746,16,1242.742076
0.075133,15,1243.374358
0.05831,15,1243.997618
0.075847,13,1244.601684
0.089219,15,1245.235667
0.074566,13,1245.853307
0.100669,16,1246.471624
0.089048,14,1247.060621
0.057367,13,1247.66472
0.128992,16,1248.293043
0.10156,16,1248.906538
0.090683,16,1249.552024
0.114409,16,1250.203137
0.134377,16,1250.842186
0.077626,15,1251.503633
0.100603,16,1252.143077
0.092907,16,1252.773229
0.055336,13,1253.386496
0.120859,16,1254.030483
0.082797,16,1254.713901
0.092711,16,1258.291921
0.087433,16,1258.934811
0.100874,16,1259.560174
0.105441,16,1260.218699
0.089325,16,1260.870173
0.079457,15,1261.538824
0.116815,16,1262.200688
0.112173,16,1262.827528
0.120135,16,1263.439245
0.071422,14,1264.079628
0.108542,16,1264.725054
0.091801,16,1265.405552
0.109977,15,1266.030471
0.094258,16,1266.690629
0.104555,16,1267.426624
0.082531,15,1268.101225
0.06312,13,1268.807091
0.121617,16,1269.543709
0.096817,15,1270.196898
0.090671,16,1270.845901
0.052066,11,1271.46379
0.101085,15,1272.101131
0.140788,16,1272.766619
0.087105,16,1273.442594
0.104114,16,1274.076811
0.107913,16,1274.755981
0.078051,14,1275.502557
0.094354,16,1276.172387
0.099407,16,1276.871382
0.078349,14,1277.518749
0.085615,14,1278.149245
0.096912,16,1278.809871
0.117204,16,1279.447597
0.10952,16,1280.083001
0.085481,15,1280.726635
0.086517,16,1281.423314
0.080921,16,1282.076658
0.092503,16,1282.720869
0.068177,16,1283.390855
0.112275,16,1284.020482
0.11887,16,1284.65766
0.115575,16,1285.339697
0.089595,15,1285.971945
0.082137,16,1286.626874
0.072492,16,1287.310548
0.093421,16,1287.967587
0.113685,16,1288.613917
0.106199,16,1289.296458
0.139021,16,1289.931031
0.106983,16,1290.581397
0.050943,13,1291.201185
0.115192,16,1291.828976
0.082482,14,1292.465161
0.112668,16,1293.100647
0.120541,16,1293.766578
0.08528,16,1294.388603
0.08281,15,1294.987793
0.060711,14,1295.583453
0.133226,16,1296.194062
0.098363,16,1296.806121
0.111074,16,1297.424206
0.072303,15,1298.040229
0.105386,16,1298.64731
0.087087,16,1299.245293
0.093176,16,1299.870996
0.121747,16,1300.509846
0.08978,16,1301.121517
0.103331,16,1301.731353
0.064312,13,1302.314388
0.061361,14,1302.895489
0.111812,16,1303.512273
0.117875,16,1304.140604
0.094552,15,1304.753795
0.105132,16,1305.362181
0.132256,16,1305.957736
0.120096,16,1306.579006
0.105598,16,1307.188547
0.073402,14,1307.783802
0.086133,16,1308.394979
0.121586,16,1309.008543
0.080056,14,1309.583903
0.067607,16,1310.210219
0.094953,15,1310.797784
0.0938,15,1311.41835
0.079756,15,1312.035251
0.067406,15,1312.631864
0.137613,16,1313.255447
0.119162,16,1313.898738
0.092021,15,1314.55823
0.106285,16,1315.181543
0.098005,16,1315.800745
0.086198,15,1316.440469
0.072444,15,1317.10608
0.056943,13,1317.715436
0.102105,16,1318.34018
0.087885,15,1318.953018
0.121794,16,1319.591166
0.094344,16,1320.211366
0.120357,16,1320.819484
0.124407,16,1321.431102
0.061544,13,1322.030616
0.115123,16,1322.640903
0.089352,14,1323.235598
0.099502,16,1323.872947
0.080753,13,1324.461275
0.133901,16,1325.080728
0.066729,14,1325.676457
0.137382,16,1326.277638
0.088414,15,1326.881196
0.090486,14,1327.479079
0.124119,16,1328.094686
0.099548,16,1328.698285
0.060949,14,1329.295729
0.062808,16,1329.907439
0.117143,16,1330.555657
0.118693,16,1331.1494
0.095696,16,1331.772362
0.130128,16,1332.372198
0.106734,16,1333.004887
0.1212,16,1333.60361
0.132473,16,1334.214456
0.111756,16,1334.825179
0.069392,15,1335.461936
0.082917,15,1336.091171
0.086812,15,1336.696663
0.108705,16,1337.364795
0.073536,15,1337.997909
0.103311,16,1338.649981
0.080083,16,1339.295112
0.103147,16,1339.954897
0.053266,14,1340.57868
0.131614,16,1341.233336
0.071854,16,1341.872774
0.129227,16,1342.514966
0.081518,15,1343.133615
0.082875,15,1343.734386
0.112178,15,1344.378999
0.072695,13,1344.991076
0.093676,15,1345.626444
0.101567,16,1346.254467
0.10381,16,1346.87068
0.087771,16,1347.512368
0.118271,16,1348.172024
0.110164,16,1348.820955
0.131541,16,1349.559413
0.074065,15,1350.211666
0.081164,16,1350.857644
0.084023,14,1351.485639
0.126408,16,1352.126129
0.079359,15,1352.758102
0.074831,16,1353.414635
0.114158,15,1354.056249
0.049297,13,1354.657335
0.064524,15,1355.29681
0.060433,14,1355.914812
0.087289,15,1356.578303
0.094731,16,1357.217084
0.084939,15,1357.813375
0.063188,15,1358.467723
0.096863,16,1359.123972
0.084823,15,1359.801991
0.125677,16,1360.451363
0.125224,16,1361.099091
0.113433,16,1361.80458
0.051875,13,1362.453607
0.118188,16,1363.139189
0.104965,16,1363.807684
0.064761,14,1364.481203
0.102172,15,1365.118899
0.1043,16,1365.841426
0.121157,16,1366.527446
0.080618,13,1367.206812
0.115107,16,1367.859649
0.119908,16,1368.504534
0.098593,16,1369.196468
0.129812,16,1369.878149
0.114955,16,1370.563779
0.10495,16,1371.326349
0.105275,16,1372.016389
0.083009,15,1372.712266
0.076014,13,1373.365608
0.059151,14,1374.030911
0.135392,16,1374.735537
0.101769,16,1375.41811
0.098353,16,1376.079149
0.110977,16,1376.767655
0.054162,14,1377.431604
0.12782,16,1378.116894
0.119349,16,1378.822752
0.057204,13,1379.451104
0.081497,16,1380.111037
0.095569,15,1380.758576
0.053493,14,1381.40924
0.071309,14,1382.060845
0.088731,15,1382.726899
0.073918,14,1383.36412
0.102979,15,1384.006575
0.114061,15,1384.633994
0.079247,14,1385.277367
0.096812,16,1385.919879
0.067041,16,1386.57884
0.091737,15,1387.206236
0.072514,15,1387.849465
0.059871,13,1388.476796
0.072726,15,1389.104129
0.087007,16,1389.76268
0.102637,16,1390.40573
0.083921,16,1391.055212
0.112606,16,1391.676769
0.071556,15,1392.334739
0.106055,16,1393.061974
0.084089,15,1393.76635
0.103428,16,1394.501473
0.067122,14,1395.315104
0.100181,16,1395.993931
0.132819,16,1396.680059
0.134054,16,1397.403276
0.12083,16,1398.079592
0.091287,16,1398.743082
0.048566,11,1399.376493
0.096835,16,1400.052586
0.110497,16,1400.738856
0.092551,15,1401.397842
0.058703,13,1402.038347
0.143978,16,1402.705354
0.110566,16,1403.371931
0.065462,15,1404.038952
0.070716,15,1404.694202
0.092736,16,1405.425133
0.079119,15,1406.105794
0.051106,13,1406.741517
0.084168,15,1407.427791
0.094576,16,1408.134258
0.136103,16,1408.803396
0.091122,16,1409.494332
0.077691,14,1410.147396
0.104619,16,1410.797274
0.065096,13,1411.404642
0.091853,14,1412.04775
0.114454,16,1412.764544
0.073812,16,1413.420244
0.081015,15,1414.093674
0.088705,15,1414.781857
0.099366,16,1415.488195
0.107139,16,1416.1428
0.077478,15,1416.835385
0.095834,16,1417.512135
0.132621,16,1418.172495
0.105279,16,1418.879234
0.085829,14,1419.533216
0.068906,13,1420.147738
0.1273,16,1420.832348
0.075062,15,1421.460522
0.117713,16,1422.106994
0.069918,14,1422.736165
0.107243,16,1423.401697
0.088787,16,1424.031035
0.096388,16,1424.69532
0.114963,16,1425.332024
0.093401,16,1425.942431
0.082189,15,1426.569288
0.101966,16,1427.197583
0.039664,12,1427.849993
0.057565,14,1428.490618
0.090468,16,1429.140572
0.120118,16,1429.785418
0.076971,14,1430.422917
0.085721,14,1434.106104
0.098144,16,1434.785878
0.111287,16,1435.403129
0.089764,15,1436.004622
0.047366,13,1436.632561
0.106718,16,1437.256738
0.074759,15,1437.851575
0.079828,15,1438.462682
0.100755,16,1439.080771
0.081453,15,1439.697233
0.12925,16,1440.339447
0.076185,14,1440.932733
0.085286,16,1441.545488
0.09106,16,1442.168226
0.080879,14,1442.785381
0.1244,16,1443.447796
0.12573,16,1444.101478
0.078078,14,1444.700799
0.08451,15,1445.318786
0.097671,16,1445.939737
0.105043,15,1446.554479
0.060931,14,1447.179387
0.104218,16,1447.802166
0.081496,14,1448.426266
0.127419,16,1449.036978
0.109457,16,1449.649822
0.078585,13,1450.240482
0.101779,16,1450.859045
0.100246,16,1451.487576
0.131518,16,1452.115683
0.081273,16,1452.742624
0.106572,16,1453.37771
0.091578,15,1454.03011
0.072503,15,1454.663935
0.119272,16,1455.277215
0.12156,16,1455.886416
0.080995,15,1456.512923
0.095464,15,1457.149518
0.099526,16,1457.764106
0.100378,16,1458.373317
0.094862,16,1458.999322
0.041812,11,1459.578983
0.07398,15,1460.175841
0.105037,16,1460.787041
0.120276,16,1461.398809
0.087504,15,1461.995245
0.122179,16,1462.607394
0.083822,16,1463.221114
0.086989,15,1463.843794
0.073447,16,1464.45785
0.105688,16,1465.071173
0.104494,16,1465.706441
0.136489,16,1466.300927
0.119314,16,1466.913274
0.076147,15,1467.5231
0.115116,16,1468.170888
0.117529,16,1468.808373
0.048614,14,1469.412543
0.125433,16,1470.008026
0.12117,16,1470.634778
0.083206,15,1471.229883
0.099998,16,1471.839321
0.119279,16,1472.45836
0.110768,15,1473.047758
0.084502,14,1473.641253
0.097487,16,1474.269537
0.06811,15,1474.909943
0.110915,16,1475.579163
0.108453,16,1476.247102
0.079016,16,1476.888561
0.095423,16,1477.539891
0.121091,16,1478.182726
0.108764,16,1478.825679
0.113513,15,1479.46864
0.089657,14,1480.111515
0.125318,16,1480.770129
0.072796,15,1481.475978
0.070899,16,1482.150077
0.11783,16,1482.882079
0.066189,15,1483.563295
0.129151,16,1484.2537
0.090184,16,1485.006838
0.079273,15,1485.712183
0.081567,15,1486.418032
0.112956,15,1487.155159
0.094655,16,1487.844877
0.131881,16,1488.535592
0.0843,16,1489.241917
0.091717,15,1489.948266
0.041501,13,1490.622381
0.058799,16,1491.326334
0.120048,16,1492.299957
0.133052,16,1493.392921
0.095531,16,1494.279412
0.089081,16,1495.200583
0.083428,16,1496.19447
0.093568,15,1497.013453
0.088778,16,1497.88805
0.102261,16,1498.716507
0.097436,16,1499.523178
0.094049,14,1500.402281
0.102141,15,1501.075819
0.101679,16,1501.780773
0.084565,16,1502.506109
0.126788,16,1503.298182
0.133286,16,1504.172211
0.127349,16,1504.943848
0.115941,16,1505.637853
0.123965,16,1506.318402
0.062681,15,1507.01362
0.109547,16,1507.692751
0.11161,16,1508.379974
0.143306,16,1509.080704
0.060904,14,1509.750378
0.095032,16,1510.441067
0.084721,14,1511.121109
0.124574,16,1511.813751
0.073652,14,1512.475514
0.126761,16,1513.162482
0.122939,16,1513.863881
0.093393,16,1514.546693
0.103968,16,1515.236397
0.052866,13,1515.900591
0.111067,16,1516.595219
0.113355,16,1517.274768
0.106768,16,1517.951581
0.052381,14,1518.643796
0.084818,15,1519.321461
0.123168,16,1520.001157
0.081437,16,1520.697402
0.095993,16,1521.37885
0.092853,16,1522.093381
0.121718,16,1522.804706
0.098724,16,1523.494677
0.116787,16,1524.170861
0.078857,14,1524.840951
0.100718,15,1525.515382
0.120126,16,1526.189845
0.098467,16,1526.868777
0.119603,16,1527.550735
0.102651,15,1528.226702
0.117153,16,1528.903621
0.09098,14,1529.569834
0.063406,13,1530.229791
0.091679,15,1530.896904
0.112681,16,1531.572958
0.063104,13,1532.226624
0.106092,16,1532.915411
0.063254,14,1533.576949
0.09899,16,1534.275223
0.090084,16,1534.950638
0.113376,16,1535.633305
0.090855,15,1536.302618
0.06589,14,1536.970417
0.063721,14,1537.635788
0.095551,14,1538.30099
0.080857,16,1538.982581
0.098718,16,1539.67622
0.095866,16,1540.35563
0.078981,15,1541.092746
0.098667,15,1541.78017
0.109707,16,1542.464656
0.075059,15,1543.143102
0.107163,15,1543.814274
0.107293,15,1544.494291
0.083896,16,1545.179919
0.108525,16,1545.862541
0.088149,15,1546.53418
0.074301,16,1547.229901
0.131631,16,1547.922182
0.080566,16,1548.60497
0.099189,16,1549.288931
0.078216,15,1549.965637
0.063653,13,1550.619541
0.118294,16,1551.299937
0.071696,13,1551.957513
0.059638,13,1552.602726
0.063429,15,1553.286647
0.088159,16,1553.969699
0.112338,16,1554.647602
0.104984,15,1555.318207
0.071524,16,1556.013459
0.10235,16,1556.703223
0.118386,16,1557.396314
0.106378,15,1558.07214
0.108694,16,1558.807319
0.073549,15,1559.479187
0.086412,15,1560.180579
0.090404,15,1560.872504
0.093918,16,1561.550656
0.10446,16,1562.232455
0.103736,15,1562.939296
0.106218,15,1563.611036
0.103124,16,1564.320978
0.091927,16,1565.002308
0.100235,16,1565.689549
0.130606,16,1566.383303
0.088739,15,1567.059131
0.079442,14,1567.720644
0.074023,15,1568.402991
0.063678,14,1569.072823
0.130243,16,1569.760145
0.070314,14,1570.428309
0.066464,14,1571.102394
0.086222,15,1571.77106
0.069189,14,1572.444209
0.109718,16,1573.125797
0.112808,16,1573.804729
0.119124,16,1574.490875
0.12087,16,1575.172565
0.065121,14,1575.830589
0.089885,16,1576.517616
0.122089,16,1577.205795
0.111011,16,1577.88163
0.113173,16,1578.56768
0.098507,16,1579.245346
0.119469,16,1579.934626
0.10965,16,1580.615803
0.098028,16,1581.309174
0.075281,14,1581.984228
0.099815,16,1582.666658
0.138337,16,1583.3477
0.129969,16,1584.018641
0.113138,16,1584.712467
0.113807,16,1585.398276
0.100036,16,1586.081306
0.070659,14,1586.76561
0.096214,16,1587.449053
0.092796,15,1588.121608
0.090559,15,1588.80431
0.114678,16,1589.496666
0.047197,12,1590.145194
0.094029,15,1590.81531
0.055903,14,1591.489987
0.107298,15,1592.169787
0.074518,16,1592.851516
0.074132,15,1593.526714
0.091507,16,1594.204012
0.061087,14,1594.861218
0.119231,16,1595.569786
0.117942,16,1596.242194
0.075509,14,1596.901082
0.116735,16,1597.612388
0.068417,16,1598.302616
0.07791,14,1598.969695
0.097314,15,1599.659785
0.088915,16,1600.335874
0.102822,15,1601.031373
0.055647,14,1601.690026
0.089279,15,1602.364378
0.124897,16,1603.058648
0.064176,13,1603.715767
0.119945,16,1604.397902
0.097779,14,1605.093922
0.107045,16,1605.815386
0.09063,16,1606.610929
0.076764,14,1607.402514
0.070813,16,1608.096381
0.116969,16,1608.787427
0.119576,16,1609.506715
0.07843,15,1610.513255
0.102172,16,1611.379474
0.103391,16,1612.233706
0.121546,16,1612.97614
0.120155,16,1613.667944
0.12015,16,1614.376821
0.073354,14,1615.088176
0.095526,16,1619.010814
0.105193,15,1619.755721
0.098635,15,1620.490078
0.10921,16,1621.254903
0.093316,16,1622.00681
0.109862,16,1622.77724
0.119621,16,1623.533247
0.076266,16,1624.310776
0.083111,15,1625.091087
0.107045,15,1625.960779
0.119838,16,1626.813604
0.130369,16,1627.712383
0.134368,16,1628.595994
0.117709,16,1629.350284
0.095132,16,1630.063266
0.071631,15,1630.759999
0.073736,14,1631.465989
0.094373,16,1632.161388
0.13017,16,1632.88838
0.105691,16,1633.589401
0.122532,16,1634.274192
0.097314,15,1634.953036
0.12728,16,1635.641667
0.09426,15,1636.312501
0.097688,16,1637.08475
0.119701,16,1637.978531
0.086061,14,1638.66083
0.08762,15,1639.314442
0.084426,16,1639.978686
0.077882,13,1640.627575
0.110705,16,1641.306896
0.065775,15,1641.976703
0.112553,15,1642.640068
0.117537,16,1643.323112
0.089833,16,1643.999504
0.112063,16,1644.692453
0.109133,16,1645.380751
0.092132,16,1646.092933
0.115421,16,1646.799316
0.043966,12,1647.42839
0.0872,15,1648.090721
0.098178,16,1648.764863
0.118645,16,1649.431624
0.109479,16,1650.115756
0.071881,14,1650.776456
0.073261,16,1651.488813
0.096124,16,1652.173327
0.083523,14,1652.829179
0.096232,16,1653.613402
0.108996,16,1654.320812
0.095546,16,1655.005942
0.040318,12,1655.636823
0.078804,16,1656.319435
0.079809,14,1656.976556
0.122349,16,1657.674794
0.08438,15,1658.34807
0.122483,16,1659.039446
0.11052,15,1659.726436
0.092682,14,1660.38639
0.135353,16,1661.07581
0.076739,15,1661.819818
0.122785,16,1662.53605
0.122953,16,1663.231501
0.091034,14,1663.908198
0.098328,16,1664.605919
0.106976,16,1665.378212
0.063403,14,1666.102984
0.118023,16,1666.850856
0.091686,16,1667.551577
0.087737,15,1668.242909
0.091283,15,1668.933352
0.108787,16,1669.643933
0.122103,15,1670.339359
0.130459,16,1671.052393
0.112451,16,1671.762317
0.080282,15,1672.449473
0.066628,14,1673.14087
0.130759,16,1673.827888
0.073558,15,1674.539866
0.083491,16,1675.286743
0.083244,15,1676.008248
0.086207,15,1676.714805
0.09319,16,1677.455887
0.113491,15,1678.316508
0.111731,16,1679.045505
0.106368,16,1679.770133
0.08524,16,1680.438776
0.087533,14,1681.110965
0.135809,16,1681.788949
0.0935,16,1682.4525
0.103845,16,1683.167783
0.107047,16,1683.912446
0.083615,14,1684.602618
0.119184,16,1685.320631
0.118772,16,1686.041265
0.065111,15,1686.751507
0.135488,16,1687.492346
0.107447,16,1688.212421
0.10992,16,1688.91643
0.083075,15,1689.612734
0.113149,16,1690.307907
0.082905,16,1691.002412
0.126663,16,1691.698473
0.090182,16,1692.398695
