#{"t_start": 1704697239.526978, "env_id": "None"}
r,l,t
2.210401,21,0.483648
4.521953,26,0.809196
1.309193,19,1.101718
6.50415,24,1.401489
80.390875,166,2.188286
1.539638,19,2.468218
3.749526,25,2.760649
1.436613,20,3.034858
2.049954,22,3.313712
29.667041,121,3.932833
19.440699,219,4.887729
119.823309,274,6.057732
2.391419,19,6.336149
71.923522,234,7.438708
3.408784,24,7.730996
1.752572,19,7.997366
2.964828,20,8.272508
2.215224,21,8.552816
2.342301,24,8.836146
6.516442,23,9.211719
2.821618,21,9.511931
4.156138,21,9.813495
40.921977,156,10.687646
3.296676,20,10.979655
5.754005,25,11.286402
39.415435,77,11.784753
1.79817,21,12.067598
56.072619,237,13.158768
24.884962,83,13.728255
123.013718,217,14.875406
3.74861,20,15.210386
25.969268,93,15.78025
1.106404,20,16.070012
1.307686,18,16.347717
1.875059,20,16.638795
2.214315,19,16.9439
4.191451,21,17.263074
0.975315,18,17.59818
5.100367,22,17.92291
26.242788,71,18.414697
33.941435,83,18.932079
165.115984,345,20.347129
1.980336,20,20.618093
1.98746,20,20.886826
2.542789,19,21.152175
6.294028,22,21.433738
1.889285,22,21.708076
93.6746,274,22.81774
2.60785,21,23.090655
1.14795,17,23.349335
45.052505,100,23.89239
4.978523,21,24.18571
23.992431,170,24.983662
3.538537,23,25.265819
3.755301,21,25.729437
2.812704,18,26.105861
1.49555,19,26.431077
1.906402,20,26.813853
1.615866,18,27.136584
3.430737,20,27.478321
75.051443,157,28.305333
6.16105,28,28.642957
1.534193,18,28.939114
2.811306,22,29.236577
19.457046,70,30.761702
57.950027,233,31.981774
1.586613,17,32.323255
11.715432,75,32.844781
5.966315,21,33.13646
1.783229,24,33.456936
3.671131,20,33.775034
25.642237,92,34.361429
4.726472,26,34.68005
1.773203,19,34.954399
1.813337,18,35.232163
0.952711,20,35.513423
3.868071,20,35.7963
3.606656,20,36.07661
12.269472,65,36.520512
36.24173,91,37.081661
1.316975,19,37.401691
40.91308,356,39.076766
1.319186,22,39.367144
171.643714,657,42.159201
26.965334,73,42.629751
3.574393,26,42.940515
2.117237,19,43.232826
3.350344,21,43.525855
2.662664,20,43.807616
4.096705,22,44.103854
2.20434,21,44.387535
4.158245,24,44.688489
86.637278,194,45.680869
5.065099,21,45.986067
2.455612,21,46.283815
36.880641,352,47.726123
4.117891,25,48.036035
29.753872,148,48.893715
2.163115,23,49.24827
5.324689,21,49.56185
4.137705,20,49.840818
65.727273,161,50.633887
2.810618,21,50.915908
2.282958,20,51.19267
1.533514,19,51.47375
7.612291,26,51.803223
0.989975,19,52.100332
89.527593,168,52.923138
0.74347,18,53.199999
73.28876,209,54.147473
1.275683,17,54.420791
1.683997,21,54.716967
1.49037,19,55.032783
1.749933,19,55.342424
105.398832,192,56.298799
2.251179,20,56.600768
51.182285,100,57.18003
43.846587,113,57.835963
4.256929,21,58.16543
2.454008,21,58.476388
2.306709,21,59.688184
3.403064,20,59.967512
62.20537,409,61.628948
1.636631,19,61.998038
68.680248,146,62.829171
26.949433,96,63.457673
82.577957,222,64.482953
42.730978,100,65.056362
1.339859,18,65.3603
4.242242,20,65.709616
3.620241,22,66.042581
5.321396,21,66.356315
3.02112,19,66.658605
2.688524,23,66.955451
3.721307,19,67.231831
1.728843,20,67.516997
0.884583,23,67.813049
3.46639,20,68.094864
2.155948,19,68.370595
4.921953,20,68.658478
66.27303,134,69.368309
49.245725,296,70.651489
1.574502,20,70.97053
1.68898,27,71.313402
2.586214,21,71.629111
46.254877,108,72.275746
30.16854,78,72.770976
23.865346,74,73.252568
5.278044,22,73.557775
2.565994,20,73.853559
2.73892,23,74.159546
0.980704,17,74.443036
5.682036,23,74.734618
115.25298,166,75.526246
2.654472,19,75.811714
19.761807,114,76.420091
2.559036,21,76.734938
3.518056,20,77.033543
2.005871,22,77.322077
66.204823,147,78.142399
35.708778,180,79.176243
31.634209,64,79.630946
46.223198,84,80.139065
1.581759,22,80.427569
5.212317,22,80.74344
129.86321,212,81.717436
3.754414,22,82.013689
88.533515,389,83.60668
1.808851,18,83.882852
69.103972,217,84.8969
46.320707,78,85.448326
2.99728,21,85.757123
37.320556,67,86.244714
1.280957,19,86.547498
2.490721,21,86.836648
23.632969,61,88.215252
6.644579,53,88.619169
3.680117,21,88.906989
24.588809,49,89.298094
1.231723,21,89.600933
1.591405,20,89.89531
2.363835,22,90.188377
1.670743,20,90.474112
1.664732,19,90.763425
57.4961,148,91.57619
1.504647,19,91.878544
1.320134,18,92.154217
67.048635,205,93.176519
1.433475,21,93.499414
204.272236,524,95.610629
2.768276,21,95.907847
2.991632,21,96.199854
2.707767,23,96.494945
2.007696,20,96.777181
1.094193,22,97.070394
88.62392,250,98.185069
3.556378,21,98.485159
1.657716,19,98.786895
110.798436,263,100.02581
40.514489,61,100.489659
6.082623,22,100.79095
54.212576,158,101.565082
62.077567,118,102.19006
153.449195,286,103.401174
4.275643,22,103.697254
2.686248,20,103.984291
0.638415,21,104.265367
32.601545,136,104.951763
3.075765,22,105.24006
1.903156,21,105.532054
59.693754,106,106.131341
37.04321,157,106.913244
74.676928,120,107.547271
1.033678,19,107.830521
111.260215,209,108.770147
2.302023,23,109.063197
77.835048,137,109.747884
7.452113,30,110.067477
31.997082,226,111.07436
1.741237,25,111.370318
29.711644,145,112.084252
2.106156,21,112.370639
4.579873,25,112.675558
2.886375,21,112.959243
2.654831,20,113.251779
103.426683,300,115.544976
4.034978,21,115.85704
5.626377,27,116.178527
2.015328,20,116.470429
3.96874,23,116.80043
2.331371,19,117.10624
110.961282,220,118.102483
134.97388,229,119.131071
23.741811,92,119.663345
81.895901,216,120.632043
1.709425,19,120.907532
47.08238,103,121.528899
3.746725,24,121.826595
4.195375,23,122.13094
71.010346,122,122.779324
2.878736,22,123.068362
42.329108,167,123.887225
1.722049,20,124.178133
3.685695,21,124.47185
4.220697,23,124.792581
2.465735,22,125.085504
3.626781,20,125.367733
2.581171,20,125.654863
3.735653,21,125.99695
2.828419,21,126.317394
2.035774,20,126.638978
43.375166,108,127.271784
21.134108,71,127.760359
31.249947,108,128.344694
1.00106,20,128.627331
87.717879,147,129.365095
5.161524,24,129.666986
50.295819,100,130.231794
54.976305,843,133.407983
206.030582,434,135.270634
78.185457,135,135.970167
2.807803,22,136.267242
2.282482,20,136.552107
3.142029,23,136.848358
36.249856,72,137.31016
3.165009,19,137.593542
121.296467,258,139.664669
3.249864,21,139.945802
64.116161,131,140.639101
49.819547,76,141.178433
35.953697,84,141.804532
2.260873,20,142.122204
29.76913,74,142.647321
2.933137,18,142.997003
3.09998,22,143.324753
4.268712,25,143.637774
29.884756,124,144.292617
56.316293,207,145.251425
63.058863,127,145.915795
562.875167,989,149.612419
99.510242,320,150.970387
82.546456,131,151.698609
64.644249,111,152.358712
22.842834,163,153.224958
110.25819,486,155.141082
5.089197,25,155.445931
187.043554,514,157.597532
161.369385,442,160.522093
92.669703,450,162.32708
1.247077,18,162.634413
2.417162,22,162.931256
55.371253,281,164.284459
2.97505,23,164.621912
1.311875,21,164.939934
48.405131,113,165.609581
83.076016,186,166.480557
5.616933,26,166.785531
1.421928,18,167.064652
208.043981,569,169.272135
135.314065,250,170.356291
1.950803,22,170.650938
43.972936,93,171.19491
1.66744,22,171.507393
83.873632,297,172.845886
3.683427,19,173.136374
36.435477,103,173.72348
192.780029,324,175.082982
52.029563,126,175.741906
115.824812,264,176.890578
308.951946,514,178.916689
2.336238,19,179.203159
120.792435,701,183.156668
145.1508,295,184.480764
1.394538,20,184.769804
40.00821,70,185.240531
82.984742,277,186.545766
128.764271,218,187.579502
136.167308,213,188.56191
106.848687,159,189.330768
136.614341,561,191.572924
93.320801,722,194.314027
89.947347,151,195.15972
42.813833,128,195.877948
61.13028,165,196.70514
11.577175,66,197.192693
0.770209,20,197.496307
7.740904,71,198.041596
70.000138,128,198.71154
2.038324,20,198.990662
168.228063,276,200.187833
37.233409,72,201.505882
8.881824,29,201.832492
51.257392,112,202.437461
106.882449,564,204.62559
155.206763,310,205.959655
32.363589,69,206.47794
32.669912,150,207.226983
2.644116,21,207.507727
65.538855,404,209.126579
54.709342,159,209.907335
0.795153,22,210.208602
45.78224,216,211.217871
153.805958,281,212.457871
1.210633,19,212.753098
57.693464,84,213.253095
87.583886,518,215.292441
82.22442,134,215.978299
150.678517,905,219.570483
1.491546,24,219.885865
211.445492,592,223.246133
13.251585,169,224.092966
149.285299,263,225.350633
146.666959,292,226.675998
133.730314,183,227.530607
58.742837,148,228.265668
2.448974,23,228.580891
23.173514,59,229.012243
61.022874,178,229.919467
109.839913,224,231.112967
75.315304,291,232.408072
314.544199,510,234.398286
37.216006,79,234.890159
225.834341,329,236.269669
159.009212,399,237.871585
42.799062,87,238.385071
78.912086,159,239.15625
73.43872,148,239.949238
72.277307,102,241.526712
194.534177,924,245.052965
41.993924,110,245.732344
65.048195,143,246.535307
247.794,855,249.939538
135.716331,372,251.592697
53.565225,94,252.164809
46.333188,459,254.083359
3.636739,24,254.384523
17.659341,51,254.77986
69.662853,232,255.791287
71.342033,113,256.395972
1.513275,18,256.669917
38.127557,70,257.125826
96.844242,207,258.046211
89.02603,184,258.899669
242.131869,468,262.445746
92.461543,146,263.174592
150.154899,189,264.053808
138.91791,547,266.208429
190.559852,968,269.981299
98.955827,846,273.232991
67.357721,730,275.995171
391.906988,625,279.20471
183.732317,289,280.441694
172.880733,294,281.694453
110.899333,177,282.525456
254.165083,296,283.771426
109.303838,559,285.94454
87.40281,116,286.569824
36.06674,60,286.990331
90.718157,158,287.759629
90.993442,352,289.226574
126.439993,250,290.319901
113.320446,439,292.091541
132.902787,407,293.813343
72.78096,237,294.880017
15.828709,61,295.31024
79.858009,704,299.110742
74.325567,693,302.026158
262.881016,419,303.856363
104.887882,176,304.698116
28.620311,81,305.196262
219.75094,458,307.079493
191.65894,607,309.473037
188.036602,921,313.060172
86.861767,1001,317.94003
165.873964,472,319.811794
110.229996,243,320.940963
97.370214,201,321.848274
149.103146,882,325.343446
140.913709,218,326.474464
134.338621,264,327.647262
70.437304,118,328.33092
226.818062,354,329.959477
183.565738,705,333.633547
191.543752,806,336.800173
108.499761,387,338.37729
72.018452,838,341.505478
56.640872,115,342.127866
224.316738,428,343.839924
251.387572,586,346.087782
190.780202,958,350.678212
212.184704,295,351.924073
86.411223,113,352.526106
2.782984,27,352.842329
208.363118,340,354.230428
180.698782,531,356.290858
21.517715,83,356.79594
293.812588,818,359.836367
126.438635,244,360.89715
152.889405,274,362.087184
142.498361,492,364.03401
160.685136,520,366.068373
122.365441,1001,371.091183
121.659584,932,374.58329
228.623423,762,377.436043
215.736102,363,378.912227
119.846885,225,379.90426
81.05585,1001,385.130193
159.479956,752,387.97567
227.319478,330,389.513987
141.592886,826,392.624657
126.763446,214,393.594479
213.395652,630,396.033357
208.55912,551,398.288799
226.527004,709,400.956011
144.842157,320,403.247324
174.829656,1001,407.095523
63.793257,136,407.787549
123.569322,386,409.461374
166.073739,304,410.730691
169.450181,312,412.021832
244.716528,626,414.406901
116.784407,628,416.784042
194.066656,277,417.969383
92.855852,267,420.014635
182.27459,344,421.567197
198.120245,617,423.937072
134.128874,404,425.550732
168.063436,214,426.5127
2.874419,22,426.799107
168.689665,1001,430.499899
161.25853,889,433.813268
247.744187,1001,438.421573
244.071354,1001,442.102644
269.016802,1001,445.776858
129.879146,620,448.343393
258.050099,1001,453.066003
125.106737,1001,456.884535
179.300219,1001,460.563896
2.273935,22,460.858056
93.430426,128,461.520729
171.122101,241,462.581358
98.067235,1001,466.464316
127.324203,1001,471.201572
8.740868,30,471.542056
1.056677,20,471.819655
164.968499,429,473.549583
163.860436,257,474.670098
168.350899,285,475.895825
98.079927,1001,479.733711
181.334019,268,480.887849
132.604945,1001,484.663906
110.634954,146,485.468857
250.968342,406,487.94209
223.038307,634,490.439662
153.698796,1001,494.144383
151.310594,334,495.548483
113.502263,1001,499.818354
156.002504,1001,503.53607
36.577317,589,507.027443
172.582558,684,509.644693
185.115765,375,511.365202
126.796307,864,514.636002
153.184391,1001,518.332803
103.021132,1001,523.089818
184.736288,1001,526.854083
141.728018,1001,530.558663
146.456353,1001,534.296461
190.52704,1001,538.838613
160.148413,1001,542.637585
140.348569,599,544.938602
186.451547,1001,548.837514
122.069683,1001,552.531697
160.358871,1001,557.749623
146.228162,1001,561.651186
249.85451,1001,565.514392
137.87703,722,568.306241
156.314531,460,570.331472
148.583256,178,572.622957
84.119366,306,574.023807
105.445327,215,574.989808
235.307383,680,577.600079
129.980396,1001,581.321671
256.722985,774,584.243048
833.449029,1001,588.010273
51.77806,1001,592.906564
253.17219,1001,596.602928
189.485191,960,600.142355
237.390961,1001,603.867279
156.126895,1001,608.444818
264.2175,1001,612.127179
128.052933,815,615.210449
140.90599,1001,618.905345
151.506116,193,619.79525
179.086557,1001,624.835117
172.36795,1001,628.626014
162.438229,1001,632.336955
129.242793,502,634.585514
143.865232,153,635.374107
304.935305,325,636.736362
201.594111,474,639.612468
188.858785,569,641.925708
223.322984,1001,645.753727
268.821471,844,648.940792
150.901237,1001,652.725934
147.268396,295,654.013778
107.730934,124,654.681507
205.854809,1001,659.404529
118.047201,151,660.136828
284.206341,629,662.712697
69.423039,156,663.471691
239.623537,1001,667.23911
110.88876,296,668.578126
149.69458,1001,672.2876
209.117119,824,676.289311
160.670616,836,679.421725
217.985789,467,681.270912
208.166723,862,684.539811
165.473577,281,685.761177
165.608246,1001,690.527295
262.744165,477,692.450051
80.591922,1001,696.343485
243.287428,1001,700.089273
31.255772,63,700.566197
68.274447,117,701.217196
122.919414,288,702.44443
34.681984,134,703.131714
93.433474,1001,707.717917
268.147417,423,709.395446
148.62964,670,712.272115
199.545895,1001,716.025764
253.839898,801,719.034535
328.289216,356,720.489319
125.522454,737,724.766664
269.90219,1001,728.603193
76.930178,1001,732.532055
234.308373,406,734.298681
89.373045,555,736.516078
122.88932,517,738.589783
85.880011,111,739.198287
168.562309,1001,743.892475
107.504278,437,745.933826
234.723445,330,747.42048
163.491172,309,748.716495
151.302557,304,750.033681
254.691491,590,752.438375
75.949214,89,753.018455
211.418095,628,755.493436
290.355695,373,757.035762
161.093654,1001,761.66764
79.167083,133,762.42914
190.510245,842,765.615174
154.29665,1001,769.299878
147.21759,781,772.226341
107.475398,524,774.284179
180.904451,700,777.701495
128.367846,198,778.695025
110.622422,246,779.756633
191.415743,201,780.663317
40.463314,61,781.08596
119.081164,186,781.978712
154.194035,545,784.105335
240.184651,569,786.325238
169.086609,287,787.530051
111.687954,724,790.248764
149.904038,1001,794.784499
182.401999,364,796.344861
182.069027,305,797.617786
106.536633,400,799.211313
367.506002,370,800.710823
341.516666,749,803.523757
164.357554,612,805.876825
238.403466,606,808.189265
150.008509,665,811.996027
199.573974,578,814.453501
140.366282,1001,818.465934
140.477488,190,819.347362
214.744877,1001,823.103932
215.750146,1001,826.796384
223.373459,228,828.718291
303.180711,271,829.943954
79.859917,892,833.587012
203.097916,714,836.582503
270.540828,341,838.081184
136.742656,1001,841.97962
272.121593,421,843.680712
120.77104,486,846.755511
162.217368,172,847.583385
60.313137,308,849.126694
229.388328,371,850.652038
127.72585,661,853.173599
87.667149,140,853.900474
113.799942,127,854.55981
138.976301,225,855.555459
214.107387,231,856.598976
290.50185,677,859.322068
136.138752,432,861.094307
88.004287,334,862.672506
191.176951,433,865.259267
68.44709,332,866.645107
242.880279,837,869.807959
104.33102,154,870.555786
185.742506,202,871.489443
123.289324,282,872.697899
99.493601,321,874.049167
58.108719,70,874.506364
536.671216,471,876.364009
38.783148,63,876.811543
76.626374,553,878.962225
55.787986,144,879.760936
322.158694,497,882.577562
97.419986,623,885.281786
69.037409,106,885.865882
154.836918,306,887.16852
128.878095,518,889.18661
241.394166,238,890.239347
282.022725,292,891.471247
98.28136,209,892.413977
145.967228,716,895.139344
265.288025,266,896.300586
213.85431,588,898.651333
341.645949,307,900.852295
142.042669,360,902.329113
203.347355,235,903.37177
185.122952,384,904.919526
59.256002,420,906.610995
79.590548,435,908.336408
94.649286,332,909.721652
334.648401,408,911.363472
141.049591,333,912.738796
95.957538,102,913.306535
118.652009,312,914.692869
67.380877,740,918.261348
59.227888,402,919.920576
71.387463,423,921.608885
206.327006,442,923.382859
249.013611,626,925.986671
79.169594,302,927.263195
116.123841,234,928.303985
89.865352,231,929.454164
84.96066,517,931.614486
211.913819,211,932.566484
75.532613,167,933.363865
191.632326,179,934.210185
245.730637,219,935.194162
68.682336,385,937.817486
285.94063,325,939.170444
147.159887,323,940.492235
165.580428,181,941.330717
67.339565,139,942.025505
118.359497,745,944.831492
327.365277,348,946.2483
116.057576,419,948.024441
5.633641,23,948.334228
99.015252,598,950.600764
93.506993,132,951.264651
264.299912,565,954.235213
107.458983,125,954.881166
37.981284,57,955.327878
443.724577,404,956.961953
277.065654,361,958.425163
199.160736,482,960.32707
49.493785,178,961.171575
94.163306,428,962.886473
99.676921,258,964.08527
6.386176,24,964.412052
285.097543,443,966.20009
258.809044,898,969.707002
75.114288,369,971.223221
152.030748,937,975.671422
56.543112,249,976.747488
132.559198,423,978.441289
54.982281,258,979.551237
73.542391,127,980.20113
268.545931,450,982.061859
59.266627,186,982.927924
98.904126,227,983.924902
261.458532,859,987.136625
69.336952,508,989.882047
54.842642,472,991.769514
154.027249,369,993.290271
275.361309,381,994.825357
353.666414,308,996.119025
239.259542,458,998.055562
251.283487,208,999.231011
89.84532,499,1001.205005
106.71911,663,1003.728082
52.726015,388,1005.289985
114.739768,506,1008.155081
261.355114,360,1009.643152
61.371187,402,1011.290165
57.114717,293,1012.523842
91.378222,104,1013.114268
131.344777,146,1013.91834
139.741742,116,1014.584523
101.503408,740,1017.387322
272.567817,271,1018.547693
165.684729,173,1019.355696
126.04099,250,1020.456817
142.09203,162,1021.24578
88.895854,376,1022.77872
195.072832,398,1024.371938
155.25206,386,1026.965743
81.071824,238,1027.998483
117.148008,215,1028.958206
53.406521,59,1029.38154
123.864611,424,1031.160942
60.965703,332,1032.525985
314.511966,675,1035.082038
107.957573,265,1036.24741
89.881879,269,1037.389855
128.99842,476,1039.253972
173.674458,246,1040.31785
127.994897,804,1044.238759
141.214785,226,1045.251928
111.922272,636,1047.81991
284.900766,614,1050.15679
195.309734,672,1052.712284
88.622613,354,1054.151478
546.675978,455,1055.942584
176.826169,625,1058.319672
144.249919,429,1061.095817
386.533231,323,1062.424082
127.956127,322,1063.865944
190.44859,274,1065.027199
188.175647,156,1065.793895
223.760149,213,1066.74744
134.961101,567,1068.920427
75.650551,187,1069.775436
218.0778,306,1071.047801
71.45082,289,1072.271246
81.573821,186,1073.126108
420.128965,341,1074.51167
155.876493,514,1076.499354
368.185306,745,1080.269306
107.158037,381,1081.812793
95.984772,1001,1085.569698
364.196017,542,1087.658329
180.034217,540,1089.764503
88.341177,435,1091.486401
134.35447,500,1093.441855
59.383412,485,1096.236926
683.29183,587,1098.743479
367.156625,344,1100.153888
203.267565,248,1101.245294
416.142641,376,1102.773273
227.961536,294,1104.007787
58.583664,193,1104.893055
308.311212,825,1107.992204
414.954568,932,1111.467373
456.439118,424,1114.14883
90.087413,127,1114.798391
38.516262,323,1116.143771
74.920416,432,1117.889655
71.42518,1001,1121.77677
54.451377,122,1122.426613
245.425014,1001,1126.174809
163.814177,372,1127.664638
193.962769,205,1128.595749
235.023782,333,1130.952958
413.636225,777,1133.891491
58.096536,523,1135.9635
68.79295,755,1138.799523
353.75784,538,1140.871697
29.589859,525,1142.915007
131.750363,573,1145.123703
189.774422,651,1148.550646
43.39719,666,1151.130778
140.105079,578,1153.347204
376.915152,376,1154.877706
203.310212,585,1157.126478
88.830267,266,1158.26888
89.082859,550,1160.406748
182.348078,1001,1165.048141
432.702943,498,1166.990595
236.989112,457,1168.786479
404.543993,1001,1172.468986
330.03083,566,1174.647191
66.500665,467,1176.479494
223.013848,245,1177.544305
72.475532,363,1179.019965
57.049863,492,1181.841854
512.161478,565,1184.014191
54.585707,396,1185.612645
34.549893,116,1186.22612
353.896186,550,1188.356535
273.25784,583,1190.599127
292.678806,418,1192.264664
61.754534,232,1193.28636
157.593514,348,1194.698162
95.535332,398,1196.310402
88.012386,336,1198.601017
39.763221,905,1201.963731
74.558462,140,1202.676443
541.592477,1001,1206.389071
401.272295,564,1208.561907
109.643446,808,1211.572925
166.744102,175,1212.404257
77.071485,341,1214.984246
453.258716,706,1217.650491
247.360382,224,1218.656172
323.388422,580,1221.02648
328.328698,354,1222.49457
377.925244,343,1223.906053
8.095812,26,1224.208729
248.468671,232,1225.224058
105.590898,1001,1228.913693
88.121858,456,1230.82694
52.453803,353,1233.298161
74.767497,101,1233.897402
95.468023,1001,1237.593404
51.5481,422,1239.271858
68.365122,366,1240.810876
567.238244,564,1243.102684
308.357661,446,1244.866745
74.34983,93,1245.406362
339.264205,732,1248.249962
206.624337,758,1251.973749
73.514686,309,1253.251782
70.076965,282,1254.435966
265.052326,240,1255.481765
86.613822,511,1257.464891
115.482071,653,1259.940596
229.005178,210,1260.885531
317.980896,545,1262.992982
110.431036,384,1264.621764
76.398489,231,1265.630018
102.129169,603,1268.791587
188.646375,169,1269.5813
227.778494,255,1270.672526
260.831857,912,1274.051368
162.404466,187,1274.910211
77.102459,108,1275.498464
53.147435,512,1277.503961
85.845893,632,1279.921697
41.654449,551,1282.17174
883.274253,1001,1286.731593
79.397733,204,1287.650727
183.760839,468,1289.48963
92.517199,112,1290.105608
83.607163,898,1293.429277
299.883129,1001,1297.155644
175.226935,487,1299.155124
145.905473,494,1301.840719
270.608073,438,1303.572594
421.677497,1001,1307.287363
287.164623,701,1309.938362
191.497483,470,1311.780811
210.419534,684,1314.528607
50.306567,567,1317.533073
619.409002,1001,1321.224365
231.589854,1001,1324.909498
69.426485,1001,1328.590014
417.811712,1001,1332.37565
450.916071,642,1335.625437
242.706953,552,1337.792525
265.291551,801,1340.797464
128.820798,1001,1344.491097
182.69641,552,1346.616538
96.102728,902,1351.350336
236.873488,631,1353.778199
87.319639,453,1355.571565
215.571919,567,1357.752783
405.628287,1001,1361.439821
313.378923,650,1364.088717
202.57096,1001,1368.570241
222.905541,232,1369.596555
57.451005,1001,1373.274254
73.706482,927,1376.685826
54.652078,1001,1380.495155
205.148527,195,1381.389644
73.177795,1001,1385.941115
66.430795,1001,1389.643257
103.380897,810,1392.673209
340.578352,768,1395.56259
372.236619,1001,1400.356624
71.540364,802,1403.349423
92.235243,531,1405.411613
133.243619,594,1407.75701
356.631491,1001,1411.48016
310.551624,1001,1416.14271
160.831448,1001,1419.828095
388.358011,1001,1423.51502
125.958424,632,1425.907602
61.245338,1001,1429.690795
133.117876,1001,1434.309019
588.340307,1001,1438.019156
447.046018,1001,1441.695165
79.688313,175,1442.543257
479.134201,611,1444.973362
268.487112,740,1448.703295
55.973551,1001,1452.399289
31.893524,402,1453.999795
291.042068,763,1456.855821
27.279836,56,1457.272925
183.192141,1001,1461.087609
335.404521,1001,1465.773605
169.492204,1001,1469.449434
231.488225,446,1471.297427
44.470458,347,1472.869361
261.751746,1001,1476.581289
122.368655,505,1478.66616
82.870275,1001,1483.782957
565.252262,1001,1487.505601
288.860945,1001,1491.207491
357.465355,1001,1495.054648
365.697473,453,1496.855091
704.293873,1001,1501.401775
146.729938,480,1503.284886
544.062542,1001,1506.992874
494.818399,709,1509.652468
281.881197,242,1510.799384
88.931221,1001,1515.336034
29.619172,1001,1519.026442
208.668675,718,1521.725362
81.195753,1001,1525.40252
494.527188,1001,1529.189168
62.245555,1001,1533.665268
46.30749,86,1534.173447
242.149312,942,1537.631548
174.780514,216,1538.591092
97.568109,464,1540.417636
97.112356,1001,1544.210489
554.353454,486,1546.102367
263.781907,1001,1550.781523
127.517145,1001,1554.442222
82.411991,1001,1558.145352
319.949728,971,1561.793469
199.848016,316,1563.935487
42.91274,64,1564.361887
259.42476,304,1565.63197
150.844865,786,1568.586379
50.508815,1001,1572.267323
230.959916,611,1574.691869
262.383967,1001,1578.4041
241.213545,191,1579.291426
60.781371,1001,1583.7831
170.425916,1001,1587.449165
170.93211,301,1588.717065
202.390787,299,1589.986489
93.519842,1001,1594.084214
103.930657,1001,1598.764451
169.268356,1001,1602.671612
373.58557,1001,1606.355347
74.085193,1001,1610.154616
364.801012,920,1614.419908
62.511285,176,1615.237219
293.117835,764,1618.121322
118.699758,355,1619.56228
141.067676,818,1622.645696
237.02865,582,1625.031735
377.057732,769,1627.908843
310.920682,534,1630.815264
83.267535,1001,1634.482958
127.081157,121,1635.116923
561.179686,1001,1638.790291
354.883546,1001,1642.599888
718.201701,1001,1647.249861
93.396283,517,1649.260423
57.95475,1001,1652.935008
272.610505,606,1655.261998
259.470941,511,1657.333841
213.956537,1001,1661.040004
164.039027,1001,1665.561487
47.213268,264,1666.695742
102.342946,1001,1670.373383
489.77356,355,1671.820871
111.963054,586,1674.180373
275.591708,956,1677.756551
85.849138,795,1681.687776
297.64172,767,1684.570457
723.615076,1001,1688.236959
138.537404,364,1689.847249
518.650155,1001,1693.530937
114.204334,173,1694.35342
66.28234,686,1697.800712
57.316863,95,1698.356855
90.689191,263,1699.518683
702.416756,657,1702.053228
504.326372,592,1704.33102
38.617036,55,1704.75199
239.736416,1001,1708.603674
382.426535,1001,1713.344032
243.778842,485,1715.250935
123.829474,166,1716.065915
128.037948,1001,1720.012977
107.313867,1001,1723.795167
565.479713,985,1727.42941
234.862598,446,1729.216274
145.839814,521,1732.142927
309.5479,1001,1735.869842
56.967543,1001,1739.646929
83.087322,860,1742.853278
130.733529,651,1745.340519
233.196961,1001,1749.80618
45.974273,893,1753.143801
148.856309,187,1754.006032
54.256515,458,1755.922698
96.876476,1001,1759.616478
347.345825,1001,1764.419437
71.150038,835,1767.564931
189.855891,259,1768.6994
315.233756,617,1771.061298
100.399791,503,1773.115231
98.848972,124,1773.758305
180.896743,158,1774.517657
258.249109,769,1777.407647
63.04949,249,1778.489109
322.112056,1001,1783.064992
156.915619,1001,1786.741828
255.63512,272,1787.89721
127.250957,1001,1791.677878
256.739075,714,1794.357335
155.4341,722,1797.994865
125.964913,485,1799.895635
103.222077,226,1800.883087
167.943693,1001,1804.557193
62.213729,1001,1808.377431
167.368772,1001,1812.988516
90.821484,1001,1816.671806
108.517921,880,1819.944473
304.108546,735,1822.730281
804.096587,1001,1826.583816
124.957828,997,1831.127104
175.287437,604,1833.662589
299.239662,902,1837.046426
326.390292,1001,1840.744681
176.431089,1001,1844.70847
290.449885,293,1846.773957
708.685507,1001,1850.431161
271.289218,390,1852.015282
78.216964,792,1854.952766
333.342835,552,1857.091484
88.342358,779,1860.114375
109.454022,977,1864.631535
51.524727,812,1867.659732
23.166006,212,1868.613533
140.356556,992,1872.25398
297.131793,554,1874.384968
572.374064,390,1876.076647
44.352929,733,1879.796222
342.993464,1001,1883.486036
297.67213,297,1884.739336
51.983446,609,1887.071528
77.950802,378,1888.613271
147.653216,191,1889.496326
308.046227,832,1892.618296
130.701595,120,1893.325157
334.405652,360,1894.817428
382.583421,745,1898.612844
271.42405,892,1901.911437
530.295451,1001,1905.639453
165.933477,306,1906.926114
288.847498,572,1909.1454
85.2916,1001,1913.781746
49.576685,572,1915.970076
65.514337,74,1916.450513
268.857646,284,1917.646132
123.589155,1001,1921.33692
214.643809,208,1922.280024
118.744215,1001,1926.067429
314.425818,1001,1930.555436
90.56255,836,1933.707961
217.38158,311,1934.997418
135.810878,789,1937.959766
257.178175,412,1939.683429
64.207734,180,1940.529576
328.410505,1001,1944.328785
210.938368,712,1947.917353
582.059969,1001,1951.597595
291.509864,248,1952.676263
40.939759,268,1953.969882
174.572292,679,1956.579711
123.496993,190,1957.45607
221.728551,799,1960.548589
751.660096,1001,1965.232792
137.869792,427,1967.042991
379.36322,789,1970.060908
90.931762,656,1972.575698
180.373146,589,1974.850845
100.642549,1001,1978.659436
53.335062,86,1979.984233
49.81044,1001,1983.690001
493.999192,790,1986.668106
37.287863,555,1988.808345
136.566578,146,1989.522457
367.625917,629,1991.935047
124.407759,1001,1996.530939
523.813403,371,1998.042222
252.676923,634,2000.460853
73.553556,333,2001.847514
485.309205,846,2005.004037
432.974737,465,2006.842727
92.907907,1001,2010.69096
85.234763,822,2014.588899
35.386676,271,2015.746895
69.534304,525,2017.789874
83.065916,1001,2021.469141
65.632446,902,2024.81986
55.186469,454,2026.621217
255.94301,269,2027.850744
105.115951,560,2030.88525
631.430367,547,2033.052497
250.171362,1001,2036.818835
208.034086,932,2040.31061
374.386043,925,2043.848976
50.390948,1001,2048.35855
115.288418,1001,2052.118599
1025.932932,849,2055.28049
149.325884,199,2056.195029
79.465232,293,2057.43534
202.443164,612,2059.819485
96.510032,1001,2064.71816
66.259807,468,2066.570862
246.280242,196,2067.471507
38.229033,901,2070.812592
37.8202,978,2074.423355
552.330506,438,2076.150316
144.982448,813,2080.378233
60.640084,525,2082.428799
325.202526,321,2083.770961
76.625645,521,2085.830467
290.579162,861,2089.321176
312.035919,632,2091.746998
52.478651,715,2094.592348
285.165295,487,2097.340806
92.867776,885,2100.65299
443.48427,365,2102.149103
253.391406,283,2103.356621
100.086893,521,2105.437929
418.865706,840,2108.62052
167.859532,169,2109.454328
43.638615,422,2111.256543
33.73575,984,2115.925146
360.559191,1001,2120.263437
42.961357,624,2122.835953
59.767969,386,2124.443731
555.862676,490,2126.394874
387.707845,307,2127.697678
296.583149,376,2129.257214
337.228992,293,2130.594831
195.107969,251,2132.648991
34.136133,55,2133.066675
48.744307,596,2135.367149
211.249743,501,2137.327398
202.140448,588,2139.579712
369.463602,508,2141.545227
46.47867,562,2143.730933
347.197703,954,2147.403844
55.901603,312,2149.551998
88.990275,923,2152.993205
54.73661,255,2154.097982
60.406703,891,2157.405308
244.228123,685,2159.982578
322.362318,417,2161.656249
81.144765,623,2164.167801
811.889208,524,2167.056195
390.820821,1001,2170.776186
593.69039,975,2174.404549
501.397285,561,2176.562431
99.105341,1001,2180.306966
279.55516,629,2183.582438
222.658665,601,2185.887861
335.685694,573,2188.097473
2.949065,20,2188.377981
60.90468,519,2190.476858
152.603279,1001,2194.234912
359.578727,1001,2198.947666
185.343473,328,2200.298813
264.532279,1001,2204.189728
223.327409,436,2205.922998
71.675136,1001,2209.653173
367.801404,384,2211.222495
305.149382,435,2212.954387
273.078995,950,2218.064059
323.646124,681,2220.644354
38.720413,146,2221.369216
128.057957,237,2222.407865
71.240126,681,2224.977319
81.495085,691,2227.59683
1.710019,19,2227.88379
75.390563,1001,2231.60194
66.539246,420,2234.347397
38.762949,256,2235.454083
333.672417,566,2237.631943
56.167687,544,2239.735536
6.763782,24,2240.030389
117.426218,99,2240.584993
45.564805,1001,2244.285149
47.660401,374,2245.786855
628.335648,703,2248.453166
94.212512,210,2250.451781
177.592477,903,2253.830899
311.407016,1001,2257.515235
83.646544,826,2260.6054
233.03176,1001,2264.283779
61.019394,760,2268.139066
348.876254,1001,2271.867721
112.857482,485,2273.812753
318.393925,698,2276.439467
56.034089,424,2278.126582
166.440937,294,2279.369296
134.557756,569,2281.552103
38.945709,270,2283.632765
44.166629,570,2285.907958
73.590508,770,2288.792857
106.686142,443,2290.546909
93.32355,1001,2294.240921
81.804188,427,2295.940204
122.930294,798,2298.94608
628.149781,714,2302.57518
902.904695,1001,2306.285739
98.632451,647,2308.737026
58.093242,541,2310.832551
199.508641,428,2312.56047
276.46988,540,2314.682181
72.894332,601,2317.860391
235.914424,292,2319.131365
314.805722,264,2320.269582
154.375755,174,2321.096148
406.660292,912,2324.748886
247.130909,392,2326.348281
76.360754,713,2329.071615
73.865347,678,2331.660159
282.87387,730,2335.42377
88.122349,530,2337.492207
487.288425,358,2339.118174
71.157188,390,2340.705296
54.577509,395,2342.313203
93.871572,640,2344.802122
49.583721,94,2345.350158
210.688277,1001,2349.103192
93.411112,776,2353.058266
693.706113,718,2355.773527
79.569756,691,2358.426529
267.706906,1001,2362.175211
52.428468,666,2364.731555
42.990033,51,2365.113831
201.127409,736,2368.981228
235.706946,526,2371.047653
59.916462,1001,2374.768089
56.320656,394,2376.355384
80.854458,614,2378.74998
53.145978,339,2380.147864
57.548861,1001,2384.810599
524.192174,386,2386.489288
117.261021,500,2388.459429
267.880427,1001,2392.181612
315.997764,988,2395.851297
77.553113,1001,2399.559549
109.201821,1001,2404.469475
265.918975,359,2405.92041
334.701472,977,2409.579045
317.09888,1001,2413.275976
171.88149,909,2416.645464
330.480431,448,2419.38628
130.349149,1001,2423.093213
292.111904,252,2424.242767
385.176857,520,2426.259861
109.086044,247,2427.341557
62.881771,717,2430.044475
88.746495,803,2433.035112
48.34028,386,2435.58266
75.420005,360,2437.042752
166.07092,614,2439.426382
433.191959,296,2440.676487
78.198612,1001,2444.395077
88.281117,396,2445.976996
93.219602,1001,2449.867555
255.729999,404,2452.543758
129.604423,1001,2456.28198
4.717207,22,2456.58378
161.554213,1001,2460.346952
129.869511,464,2462.323261
104.65149,329,2463.682984
53.297722,154,2464.460196
65.299253,572,2466.679935
399.810798,816,2470.73231
331.918073,339,2472.121328
114.615083,240,2473.165061
140.501522,632,2475.555704
197.087418,767,2478.435624
741.789572,900,2481.819613
127.864329,829,2485.896027
50.543132,64,2486.326559
51.762478,742,2489.10613
552.761632,588,2491.340217
124.625775,1001,2495.01299
68.398962,636,2497.451788
4.828616,16,2497.715961
202.06174,653,2500.235283
331.906559,671,2503.743987
93.652784,706,2506.413498
208.469239,473,2508.2851
257.321251,731,2511.098325
50.554687,602,2513.451049
54.632949,520,2515.487456
435.582843,392,2517.179803
269.974191,937,2521.622529
226.130214,558,2523.777452
166.947062,1001,2527.563117
151.893064,614,2529.93959
5.002567,19,2530.212231
715.412062,1001,2533.987039
5.742301,17,2534.258886
194.596952,399,2536.930613
328.600332,247,2538.013065
95.90684,676,2540.593889
178.991688,153,2541.345036
304.14013,665,2543.868124
210.379808,610,2546.221124
95.054654,299,2547.532715
328.933075,931,2551.134594
122.24808,730,2554.774689
69.651541,99,2555.338599
125.424342,734,2558.09494
115.183661,532,2560.157554
131.87828,135,2560.850412
135.903513,143,2561.56972
119.84155,121,2562.226568
107.967322,645,2564.680529
694.210765,668,2567.403451
131.573763,890,2571.586604
272.334838,838,2574.884663
153.470319,1001,2578.617029
140.515215,662,2581.153249
99.689209,999,2585.144451
439.644977,437,2587.746913
121.138806,793,2590.726862
178.766882,602,2593.065481
163.212085,369,2594.570841
157.390226,390,2596.160389
81.061056,515,2598.187823
233.214453,835,2601.465937
528.423383,581,2604.598184
90.312399,1001,2608.286988
159.042907,1001,2611.99177
100.182247,659,2614.50266
310.03787,679,2617.236408
217.2245,1001,2621.809077
137.228833,1001,2625.527176
126.902787,891,2628.878797
236.483974,1001,2632.630085
97.522373,417,2634.357943
40.336535,933,2638.645078
94.284448,1001,2642.363173
193.167084,1001,2646.082409
252.679411,1001,2649.900263
157.817684,1001,2654.437398
189.899692,1001,2658.219207
104.073665,563,2660.379451
105.896392,1001,2664.188679
75.717752,915,2667.72392
79.668086,1001,2672.318942
124.206006,1001,2676.000082
116.289218,1001,2679.703308
172.856666,195,2680.600032
106.950781,1001,2684.477483
283.075076,1001,2689.095621
134.83837,1001,2693.169233
115.093048,1001,2696.918167
352.865024,1001,2700.787819
126.077962,1001,2705.68887
331.925782,1001,2709.422249
231.330207,1001,2713.133404
187.237919,1001,2716.919559
380.92612,498,2719.806492
188.30116,1001,2723.484097
94.852799,1001,2727.215326
153.388248,1001,2730.923316
312.640983,988,2735.467835
127.408137,1001,2739.148807
193.458011,1001,2742.849851
137.545478,1001,2746.511789
78.46834,1001,2750.307553
74.80178,640,2753.785863
41.055404,112,2754.392011
274.948426,1001,2758.108947
163.244403,693,2760.751693
200.3024,1001,2764.469868
73.756502,1001,2769.229501
7.676111,24,2769.539052
182.952301,926,2772.997894
152.089969,1001,2776.698682
57.953748,1001,2780.418796
137.633146,1001,2785.168848
164.588764,1001,2788.860342
127.055719,949,2792.376572
119.837797,1001,2796.075795
111.033596,428,2797.784049
200.856394,1001,2802.545393
194.264414,1001,2806.269048
93.23366,1001,2809.951149
117.074056,728,2812.833307
199.765606,1001,2817.489709
148.513201,1001,2821.202773
104.731501,670,2823.771746
199.606636,1001,2827.646964
370.330453,1001,2831.37694
109.816857,900,2835.638982
290.08482,1001,2839.336224
177.85964,624,2841.719571
97.51767,870,2844.954954
98.73316,947,2848.61444
124.417835,885,2852.670465
68.217238,832,2855.781703
266.793697,1001,2859.46807
202.291446,1001,2863.161959
107.471789,1001,2867.928147
160.812106,1001,2871.623961
192.461918,678,2874.189746
252.418852,894,2877.497491
149.969069,634,2879.922102
147.772272,1001,2884.578093
201.210682,1001,2888.263619
102.968795,730,2891.002052
96.232074,802,2893.996128
174.070369,775,2896.902214
50.605796,1001,2901.851166
205.163257,388,2903.413813
117.935962,1001,2907.113188
140.139287,1001,2910.811685
250.088583,198,2911.728451
153.283485,1001,2916.44887
176.096649,1001,2920.148606
137.256129,1001,2923.910728
206.374084,1001,2927.647606
154.470092,945,2932.150549
250.125416,1001,2936.126319
127.798775,154,2936.890938
202.623726,1001,2940.621217
186.376321,888,2943.933371
180.652076,1001,2948.67221
5.721447,21,2949.02478
168.886684,983,2952.771046
271.516322,1001,2956.485875
872.058779,1001,2960.20101
115.471179,968,2964.676438
218.713312,1001,2968.521856
111.234774,140,2969.23991
105.147598,683,2971.814559
142.239265,1001,2975.539469
157.274279,1001,2979.264829
98.109362,1001,2983.848287
153.471529,315,2985.156608
136.973067,1001,2988.866313
117.971231,1001,2992.574187
115.399973,793,2995.543694
236.280483,1001,3000.105307
192.310921,1001,3003.803299
102.928177,641,3006.278819
168.160027,1001,3009.996573
61.654867,1001,3014.483195
60.908111,1001,3018.292585
141.22867,299,3019.5549
219.327434,1001,3023.255119
85.703839,1001,3026.980858
153.078144,1001,3031.520293
195.12962,1001,3035.294278
192.083858,1001,3038.980958
112.560355,258,3040.090976
198.979658,1001,3043.852075
501.351533,1001,3048.602873
97.058592,1001,3052.563459
263.21363,1001,3056.343985
110.581386,1001,3060.062353
168.398991,1001,3064.670681
112.971303,1001,3068.581634
208.10017,316,3069.934952
120.371616,484,3071.876656
55.455619,1001,3075.574849
187.430751,1001,3080.099274
195.220842,528,3082.212824
183.200986,425,3083.917322
249.346551,1001,3087.642892
270.914419,1001,3091.382894
189.403202,1001,3095.996201
29.937563,65,3096.445852
126.390646,1001,3100.264308
137.847387,1001,3103.956
155.332047,255,3105.049819
177.265953,1001,3108.73003
69.050294,77,3109.214967
281.662921,1001,3113.831293
201.244883,1001,3117.67816
82.957452,1001,3121.384601
171.754727,1001,3125.078623
177.294869,1001,3129.551788
87.832812,1001,3133.335634
175.124351,1001,3137.008581
158.672201,1001,3140.709067
212.219139,1001,3145.461974
310.709455,1001,3149.271666
59.702681,937,3152.768204
365.699886,1001,3156.496293
365.815243,1001,3161.091627
198.196189,607,3163.44736
115.566425,862,3166.811743
196.387188,573,3169.029647
128.18775,1001,3172.939313
239.213439,1001,3177.529101
155.533458,440,3179.29235
165.873454,317,3180.608067
75.789859,1001,3184.458853
145.175981,281,3185.662497
468.675096,1001,3189.3713
136.401713,1001,3193.905744
168.320415,1001,3197.927911
183.069146,734,3200.849183
105.386995,1001,3204.536602
187.161239,1001,3208.246532
190.952776,503,3211.074577
185.222898,1001,3214.804478
130.701337,1001,3218.613821
351.408444,1001,3222.32369
131.680125,658,3224.833078
148.669519,1001,3229.434032
242.943088,1001,3233.266929
194.945712,1001,3237.019084
154.871294,1001,3240.702583
93.809005,456,3243.345798
144.748756,1001,3247.070088
153.392127,1001,3250.888608
172.833628,1001,3254.626236
133.547227,878,3257.931921
99.298078,1001,3262.690873
94.471569,1001,3266.485439
179.669528,883,3269.760786
161.260956,1001,3273.537725
140.091579,272,3274.694355
47.655731,65,3275.941374
131.6212,868,3279.179667
251.869484,307,3280.459989
503.915738,612,3282.938699
94.234287,297,3284.226602
88.154257,81,3284.728117
235.379757,1001,3288.411155
298.140569,1001,3293.212281
139.488894,1001,3296.937027
285.309328,538,3299.159781
314.463796,1001,3302.883341
55.556442,1001,3306.662543
3.409017,16,3306.944139
182.615631,1001,3311.647062
168.30396,277,3312.830663
130.850083,418,3314.533216
117.111344,1001,3318.602031
111.360956,128,3319.276041
146.740515,1001,3322.99776
188.404764,756,3326.754788
66.606129,1001,3330.473793
174.588425,604,3333.035291
87.7617,1001,3336.802305
89.585277,1001,3340.562789
114.12028,927,3345.050392
303.664294,1001,3348.969269
86.031027,1001,3352.724273
737.841556,1001,3356.451723
154.493074,866,3360.58854
93.360729,1001,3364.315075
51.561242,137,3365.141557
168.337403,803,3368.17796
105.033152,439,3369.919359
160.988152,799,3372.917647
107.421611,652,3375.403906
94.687632,1001,3379.966208
118.201942,372,3381.622278
72.866277,1001,3385.354999
201.046346,601,3387.674849
194.804426,325,3389.041683
123.977432,1001,3393.709233
322.29462,478,3395.606296
430.366674,803,3398.715575
83.413101,1001,3402.392514
84.354864,1001,3406.137112
92.462169,846,3410.219245
190.500276,341,3411.66625
192.63269,369,3413.165822
183.977911,1001,3417.224705
135.007009,270,3418.404403
212.448329,1001,3422.130566
183.622992,1001,3426.666683
151.733165,1001,3430.388663
135.374196,1001,3434.190813
182.125751,451,3435.975181
222.244594,215,3436.939944
45.155181,1001,3440.929579
186.367233,636,3444.433075
341.603002,742,3447.248052
79.496238,112,3447.908891
285.584175,1001,3451.66532
206.979953,1001,3455.356626
121.131404,581,3457.588911
296.09232,975,3462.191941
44.069651,744,3465.174007
68.255417,618,3467.528045
256.801111,901,3470.903707
217.467394,1001,3474.596798
231.219715,1001,3479.057754
183.435653,1001,3482.916191
191.006654,767,3485.791077
196.784279,596,3488.058398
111.365628,1001,3492.659556
208.327911,1001,3496.379372
310.826417,762,3499.384157
277.193019,609,3501.731636
67.193766,1001,3505.429088
237.759961,797,3509.421761
69.162076,1001,3513.143285
131.33275,292,3514.507473
509.81019,836,3517.661009
225.384155,475,3519.535081
127.82937,755,3522.365354
146.876266,1001,3526.991614
156.301742,1001,3530.887906
125.525091,479,3532.783355
147.225764,1001,3536.51473
177.807208,200,3537.543686
80.066193,515,3539.596901
197.012641,407,3541.240364
174.063444,969,3545.69802
106.595918,160,3546.486794
129.05606,877,3549.862591
95.685211,937,3553.339634
250.930906,1001,3557.060664
388.118761,390,3559.470406
138.956793,223,3560.59649
252.847894,736,3563.500358
65.056202,215,3564.578593
145.003509,673,3567.155554
54.524137,155,3567.955268
236.616726,1001,3571.667318
102.350956,1001,3576.185753
108.562887,509,3578.160466
200.027958,1001,3581.96628
209.259299,798,3584.994871
84.937029,1001,3588.695901
159.02508,1001,3593.208541
78.137513,543,3595.33325
122.151057,134,3596.034032
198.968681,821,3599.304602
172.23701,691,3601.934422
79.554471,327,3603.301378
153.591859,1001,3607.014292
262.391684,425,3609.769489
115.706,190,3610.659447
77.645413,402,3612.280238
83.802058,143,3613.010368
307.517096,246,3614.18425
291.818444,517,3616.2128
694.803822,890,3619.586973
273.584829,1001,3623.324833
305.524558,408,3624.965038
157.047387,1001,3629.532565
186.513601,671,3632.20704
158.063064,154,3633.00242
101.505685,284,3634.267583
271.492125,835,3637.420193
167.64704,759,3640.286074
138.477086,1001,3644.936962
58.391676,759,3647.877487
181.384914,1001,3651.604208
256.067926,676,3654.180264
135.908107,630,3656.582033
93.080166,462,3658.414224
147.599254,682,3662.125408
121.846216,298,3663.529888
132.86231,503,3665.545651
53.913476,521,3667.575987
72.780202,924,3671.023216
309.695515,357,3672.476539
71.417645,1001,3677.139775
197.205038,948,3680.942455
239.640586,427,3682.661311
185.140917,961,3686.259489
78.830682,1001,3689.983928
111.482444,1001,3694.735301
134.83285,475,3696.66744
156.723649,975,3700.387768
223.137788,706,3703.096387
324.964967,468,3704.940824
139.225876,827,3708.086525
119.276251,1001,3712.57089
149.807863,643,3715.161502
258.518761,991,3718.852093
215.242466,706,3721.539471
143.233892,486,3723.435718
65.12499,972,3727.975931
82.934672,459,3729.804851
303.113093,1001,3733.618813
54.814137,725,3736.388623
99.115636,671,3738.958689
245.019575,1001,3743.431248
192.986411,520,3745.455983
8.775686,20,3745.755672
126.65438,401,3747.490899
4.957356,16,3747.758918
156.832875,1001,3751.488743
155.292519,553,3753.639448
121.373531,141,3754.342025
67.597984,464,3756.158071
155.438172,753,3758.996768
207.234901,169,3760.722839
65.482752,686,3763.378036
209.815322,788,3766.463574
138.424574,903,3769.823637
145.747437,616,3772.210081
201.106981,1001,3775.955925
112.720699,835,3780.126859
251.866931,618,3782.559832
295.990626,1001,3786.273918
133.82473,894,3789.915651
192.02559,1001,3794.529146
116.496513,757,3797.502833
178.461635,1001,3801.395183
68.794714,377,3802.941869
198.811164,1001,3806.67508
247.842596,157,3807.424034
573.934008,1001,3811.906103
181.361852,502,3813.991735
109.226551,300,3815.248125
313.151237,721,3817.996189
117.927509,640,3820.454241
58.406418,847,3823.639346
50.129965,115,3824.276586
47.123905,338,3825.658193
144.644974,775,3829.466636
263.40471,477,3831.456938
854.584357,502,3833.445508
109.809185,705,3836.11698
141.09542,1001,3839.808687
186.410189,1001,3844.592314
100.812158,542,3846.792671
137.502983,1001,3850.5392
118.694602,184,3851.447028
372.663572,713,3854.205231
197.868692,1001,3858.082333
81.782283,924,3862.546958
89.034742,1001,3866.389722
138.062004,342,3867.819417
70.019066,1001,3871.549179
132.81432,402,3873.166073
89.222512,728,3875.940648
296.3726,555,3879.067018
189.333817,1001,3882.942709
137.426267,961,3886.536971
194.849736,1001,3890.296886
213.429708,238,3891.365837
85.119838,507,3893.389632
88.827601,1001,3898.270943
40.216041,237,3899.350673
97.964213,995,3903.057942
106.790043,517,3905.279219
154.946857,472,3907.276757
93.065765,484,3909.365295
108.681927,1001,3914.224323
194.978696,675,3917.050534
164.097144,644,3919.605298
181.549475,520,3921.750741
101.935661,445,3923.558287
149.870854,1001,3927.332846
141.140397,393,3929.826927
238.849837,224,3930.818114
11.660061,25,3931.123046
276.081594,528,3933.345552
138.384441,1001,3937.059622
101.212929,581,3939.362204
144.331535,1001,3943.426124
191.536314,438,3945.184113
158.642704,1001,3949.908283
191.810401,546,3952.073242
147.383938,1001,3955.792231
267.397808,333,3957.182763
180.611021,234,3958.236771
84.774377,406,3959.876196
101.680657,1001,3964.497785
78.895788,209,3965.473884
137.843396,1001,3969.276798
153.203866,145,3969.996044
167.388327,186,3970.864787
6.309293,28,3971.180484
318.701272,556,3973.353932
144.955648,826,3976.454343
158.364522,1001,3981.055256
245.081604,382,3982.671306
60.768518,408,3984.349553
135.746713,286,3985.564022
142.603548,235,3986.615759
109.119738,1001,3990.459854
141.98738,315,3991.785734
52.857762,1001,3995.457009
111.094322,1001,4000.32588
284.135429,755,4003.203172
147.424815,1001,4006.911235
177.698818,533,4008.967112
257.298463,625,4011.373406
103.941464,1001,4016.057395
574.841238,1001,4019.774227
338.847203,253,4020.891636
105.513144,1001,4024.621084
244.122604,270,4025.784385
192.944608,1001,4029.47842
140.857738,831,4034.15205
116.740308,413,4035.838835
972.343482,1001,4039.568066
149.126869,348,4041.008109
203.91117,447,4042.772346
235.918924,227,4043.765434
96.334303,320,4045.14698
141.141937,793,4049.226444
211.869069,155,4050.090088
136.159099,362,4051.68844
242.240331,798,4055.231024
515.538199,363,4056.747688
130.607673,601,4059.101507
71.626002,221,4060.147665
139.347839,577,4062.465702
321.800948,672,4065.074301
102.871854,1001,4069.848013
522.054943,506,4071.897018
155.350651,213,4072.892178
142.889312,789,4075.919262
48.786259,65,4076.367997
67.719202,1001,4080.163921
123.783122,999,4084.882698
175.478499,305,4086.178067
128.695017,1001,4089.966529
195.135964,909,4093.407784
97.128553,97,4093.980541
134.259095,455,4095.801591
115.630556,133,4096.511888
233.426624,510,4098.551947
153.049216,116,4099.168883
234.685871,1001,4104.060126
192.566789,267,4105.229439
92.245216,348,4106.643595
128.60288,1001,4110.373349
7.355159,17,4110.651241
229.953527,1001,4114.390633
185.470663,389,4115.963064
123.466362,482,4119.083135
422.426622,402,4120.72062
81.830764,148,4121.465548
343.053958,670,4124.012302
204.5689,202,4124.93838
107.867044,337,4126.337458
144.622316,122,4126.983394
138.353729,519,4129.023112
106.316024,946,4132.51586
129.3222,287,4133.793851
142.553667,151,4134.625029
285.979814,1001,4139.651996
76.904125,324,4141.016964
80.473075,1001,4144.809665
133.9006,922,4148.339265
167.72011,757,4151.387907
132.399382,140,4152.125545
564.697905,1001,4156.835857
165.734072,984,4160.623841
195.025942,177,4161.446216
212.107073,1001,4165.217366
35.769376,1001,4169.166796
144.412972,1001,4174.080484
133.932188,325,4175.438182
106.053581,805,4178.475116
103.221571,798,4181.492564
142.977217,497,4183.44379
430.918199,896,4187.952826
258.3419,1001,4191.762632
52.939222,550,4193.92105
179.732045,297,4195.172526
5.339635,18,4195.458102
115.939974,1001,4199.171571
31.715441,570,4201.505081
