#{"t_start": 1704642397.077174, "env_id": "None"}
r,l,t
0.054219,277,1.497307
0.0,21,1.807891
0.0,95,2.377255
0.026764,163,3.192192
0.002841,143,3.896196
0.0,22,4.178456
0.0,72,4.66286
0.0,19,4.957463
0.0,20,5.302831
0.0,18,5.612327
0.0,77,6.112709
0.019608,103,6.67943
0.0,25,6.97621
0.0,19,7.244743
0.0,20,7.519746
0.003259,21,7.800473
0.0,20,8.089518
0.0,27,8.411424
0.0,18,8.733659
0.0,71,9.259167
0.01624,180,10.146415
0.0,19,10.445537
0.0,22,10.738798
0.0,23,11.025959
0.0,243,12.09892
0.0,19,12.537797
0.0,21,12.860009
0.0,22,13.316524
0.0,19,13.689295
0.0,20,14.172634
0.0,22,14.48702
0.0,18,14.791672
0.0,23,15.10881
0.0,19,15.486163
0.0,19,15.900716
0.0,19,16.299938
0.025678,150,17.258972
0.0,19,17.572232
0.0,22,17.886141
0.0,23,18.181614
0.0,20,18.464257
0.0,24,18.775444
0.0,21,19.069018
0.0,20,19.366475
0.0,21,19.650467
0.0,18,19.919654
0.0,19,20.190021
0.0,20,20.468817
0.0,74,20.923403
0.0,22,21.198291
0.0,21,21.470095
0.0,25,21.758979
0.0,21,22.048731
0.012811,87,22.548739
0.0,20,22.824905
0.0,23,23.113546
0.0,75,23.565588
0.0,21,23.844331
0.0,20,24.125111
0.019419,348,25.506137
0.0,21,25.810429
0.0,19,26.082623
0.009071,20,26.379698
0.034316,212,27.391449
0.028402,88,27.893719
0.0,20,28.173794
0.0,19,28.45737
0.0,20,28.829628
0.0,20,29.106898
0.0,20,29.402927
0.013603,27,29.732941
0.002355,20,30.045313
0.0,25,30.332494
0.0,20,30.602071
0.00742,87,31.099903
0.0,19,31.370241
0.0,80,31.849052
0.0,22,32.143018
0.0,18,32.414318
0.0,18,32.738492
0.0,23,33.054288
0.0,18,33.393425
0.0,20,33.68709
0.046554,214,35.752706
0.023699,324,37.085931
0.0,21,37.364738
0.0,19,37.63557
0.0,25,37.958633
0.0,24,38.242591
0.0,24,38.534482
0.0,18,38.80263
0.034915,25,39.088646
0.0,21,39.363918
0.0,178,40.167694
0.0,20,40.439382
0.002441,18,40.716561
0.0,24,41.014895
0.037935,337,42.407355
0.0,20,42.702742
0.0,19,42.998595
0.096906,316,44.446676
0.0,20,44.738234
0.040191,78,45.197171
0.0,22,45.46965
0.0,141,46.138194
0.0,18,46.423015
0.0,21,46.715216
0.0,18,46.985996
0.0,21,47.272228
0.0,18,47.549006
0.0,20,47.83295
0.0,198,48.770655
0.0,19,49.039938
0.0,20,49.324916
0.0,20,49.623975
0.0,19,49.92316
0.0,23,50.240105
0.0,19,50.533153
0.0,21,50.825021
0.013306,200,51.708678
0.0,19,51.999236
0.0,22,52.282506
0.0,21,52.56407
0.0,22,52.856021
0.027065,98,53.400745
0.086693,197,54.308132
0.036612,65,54.757195
0.082753,217,55.709265
0.0,20,55.979664
0.0,19,56.247921
0.0,19,56.516079
0.0,20,56.79808
0.0,22,57.121994
0.0,19,57.450171
0.0,19,57.755168
0.0,20,58.042428
0.0,21,58.317786
0.0,19,58.586233
0.010728,20,58.861585
0.0,20,59.146428
0.0,20,59.42771
0.0,75,59.884221
0.0,72,60.332078
0.0,21,60.606609
0.0,67,61.032428
0.0,19,61.313192
0.0,18,61.583898
0.035869,146,62.263782
0.0,19,62.529858
0.014168,208,63.436493
0.0,20,63.768932
0.0,21,64.083612
0.0,150,65.70793
0.0,21,66.001197
0.0,20,66.294831
0.0,22,66.585341
0.0,19,66.882958
0.0,20,67.208222
0.0,21,67.622545
0.0,129,68.395346
0.0,19,68.674172
0.0,20,68.943375
0.0,21,69.225193
0.0,20,69.513835
0.0,20,69.796189
0.00759,24,70.108747
0.0,19,70.39726
0.0,25,70.681932
0.0,29,70.986751
0.0,21,71.262723
0.0,20,71.553092
0.0,20,71.827845
0.0,21,72.115401
0.0,21,72.416566
0.0,21,72.723668
0.015738,20,72.99911
0.0,18,73.282319
0.0,19,73.563934
0.0,20,73.85378
0.0,22,74.13713
0.0,21,74.411968
0.0,76,74.879361
0.054082,167,75.632398
0.0,22,75.916341
0.0,20,76.190627
0.0,18,76.46199
0.0,26,76.770404
0.064557,69,77.23173
0.0,19,77.535237
0.0,71,78.019354
0.0,21,78.322825
0.043942,216,79.325572
0.0,20,79.600939
0.0,20,79.882636
0.002068,17,80.164891
0.013654,19,80.444999
0.0,24,80.737052
0.0,69,81.176533
0.0,20,81.46676
0.0,24,81.758913
0.0376,153,82.485563
0.0,19,82.757054
0.0,22,83.048141
0.0,19,83.327425
0.0,22,83.607407
0.082712,597,85.958073
0.0,103,86.53481
0.0,18,86.807748
0.0,21,87.115778
0.0,27,87.408069
0.0,18,87.673298
0.0,20,87.943586
0.0,21,88.225516
0.0,21,88.515749
0.0,137,89.215848
0.0,19,89.591279
0.0,21,89.918197
0.0,24,90.258753
0.0,22,90.554013
0.0,22,90.830804
0.021017,246,91.856622
0.0,19,92.129567
0.0,21,92.454475
0.0,18,92.767273
0.0,21,93.05089
0.0,22,93.354606
0.0,23,93.635441
0.041785,117,94.259622
0.0,21,94.55413
0.0,22,94.859183
0.041569,651,98.043908
0.0,23,98.329049
0.0,20,98.604917
0.0,20,98.879947
0.0,20,99.160525
0.006621,22,99.454326
0.0,19,99.741496
0.0,22,100.040581
0.0,20,100.320815
0.0,18,100.582993
0.0,19,100.871739
0.0,18,101.151924
0.0,19,101.45076
0.007913,210,102.378312
0.0,25,102.666343
0.026308,30,102.967232
0.0,24,103.253781
0.0,21,103.537551
0.005663,105,104.095655
0.0,21,104.377804
0.0,19,104.654078
0.0,22,104.941172
0.0,22,105.228711
0.0,21,105.51902
0.0,21,105.803865
0.0,19,106.07795
0.0,21,106.434433
0.0,21,106.754413
0.065021,306,108.218189
0.0,19,108.513639
0.0,136,109.222897
0.0,21,109.694595
0.0,20,110.075459
0.0,21,110.399484
0.0,19,110.72812
0.008737,71,111.189504
0.0,21,111.48905
0.0,18,111.771175
0.0,18,112.087805
0.024865,72,112.656746
0.0,21,112.983245
0.0,19,113.290408
0.0,19,113.587224
0.0,19,113.882453
0.0,244,114.97597
0.0,22,115.268839
0.0,23,115.580327
0.060492,322,117.031049
0.042571,142,117.721128
0.0,19,118.016332
0.0,21,118.305268
0.0,19,118.580319
0.0,26,118.872066
0.0,20,119.159908
0.023273,21,119.449175
0.0,234,120.45902
0.0,21,120.759384
0.0,19,121.044875
0.0,22,121.337845
0.0,23,121.642406
0.0,294,122.883604
0.0,204,123.827689
0.026748,21,124.114621
0.111397,178,124.969449
0.077269,224,126.067242
0.0,22,126.373396
0.148901,176,127.181047
0.0,19,128.868383
0.0,72,129.343632
0.0,19,129.626515
0.004775,176,130.425558
0.0,23,130.715418
0.071851,305,131.966011
0.0,21,132.257754
0.0,20,132.533093
0.0,27,132.867592
0.0,19,133.16867
0.0,20,133.44709
0.02492,220,134.421015
0.0,20,134.719603
0.0,19,135.041532
0.0,19,135.345215
0.0,20,135.71343
0.002214,85,136.252983
0.0,18,136.522455
0.0,21,136.807978
0.0,22,137.108767
0.0,21,137.413823
0.004149,25,137.737026
0.0,20,138.035245
0.0,21,138.325065
0.0,474,140.188116
0.0,21,140.493495
0.0,184,141.345811
0.0,20,141.628511
0.01406,22,141.92737
0.0,21,142.2511
0.0,18,142.559634
0.04295,162,143.353989
0.0,19,143.644707
0.0,22,143.934865
0.0,24,144.223886
0.0,18,144.512261
0.0,51,144.893134
0.0,77,145.374788
0.072493,20,145.64907
0.0,19,145.952056
0.0,20,146.242893
0.0,18,146.510446
0.0,132,147.195013
0.0,19,147.482622
0.01294,32,147.80026
0.0,23,148.122108
0.045816,286,149.291641
0.0,20,149.582596
0.0,18,149.897028
0.0,21,150.219215
0.027572,22,150.527457
0.014773,94,151.058723
0.0,18,151.339735
0.0,20,151.623222
0.0,23,151.909358
0.010981,22,152.193642
0.0,75,152.650125
0.0,23,152.938537
0.0,24,153.244753
0.0,21,153.564314
0.0,66,154.055923
0.0,21,154.375759
0.0,25,154.683121
0.0,19,154.957261
0.0,19,155.228144
0.0,21,155.500265
0.0,133,156.151733
0.024516,595,159.209099
0.0,20,159.494562
0.0,26,159.784337
0.0,23,160.067716
0.0,20,160.359733
0.0,24,160.657344
0.0,21,160.956305
0.0,20,161.258846
0.017065,359,162.687664
0.0,21,162.968815
0.048178,55,163.373968
0.0,20,163.655802
0.0,20,163.932954
0.0,21,164.205564
0.028163,90,164.709414
0.0,19,164.991079
0.0,20,165.269647
0.0,18,165.539853
0.0,21,165.819355
0.0,205,166.720573
0.0,25,167.025783
0.073515,206,167.965209
0.0,20,168.256343
0.134297,128,168.907003
0.0,20,169.191141
0.0,20,169.491059
0.0,22,169.773183
0.0,104,170.467897
0.0,21,170.757895
0.0,19,171.035335
0.0,19,171.308557
0.053956,60,171.716654
0.0,20,171.987788
0.0,20,172.259677
0.0,18,172.526567
0.0,18,172.801134
0.0,20,173.078941
0.0,25,173.366629
0.001145,156,174.105853
0.0,21,174.387701
0.0,22,174.711377
0.0,21,175.012019
0.0,22,175.312288
0.0,20,175.623214
0.0,21,175.918985
0.0,23,176.219119
0.0,74,176.678681
0.003226,23,176.978312
0.0,22,177.28933
0.0,21,177.589525
0.0,20,177.861681
0.007182,288,179.04785
0.0,20,179.315115
0.014022,416,180.959199
0.0,20,181.23354
0.0,145,181.937808
0.0,21,182.223601
0.049527,471,184.00479
0.0,20,184.277682
0.0,48,184.644571
0.02135,185,185.478639
0.0,21,185.772109
0.0,21,186.86015
0.001201,25,187.155544
0.0,114,187.760006
0.0,19,188.035279
0.0,25,188.334931
0.0,19,188.616187
0.0,18,188.883738
0.0,375,190.468684
0.062156,133,191.126831
0.0,18,191.40559
0.0,19,191.676448
0.0,21,191.967976
0.103847,202,192.89802
0.038437,137,193.596216
0.0,20,193.873111
0.0,23,194.169907
0.0,20,194.46607
0.0,65,194.907974
0.0,22,195.217276
0.0,19,195.509273
0.0,20,195.792451
0.0,275,196.949394
0.042799,24,197.264595
0.038232,178,198.092223
0.0,21,198.382847
0.0,21,198.686652
0.0,187,199.531172
0.0,20,199.81546
0.0,18,200.116141
0.0,21,200.427941
0.0,22,200.730955
0.054053,391,202.282575
0.0,21,202.578946
0.0,150,203.291352
0.0,21,203.592189
0.0,23,203.881979
0.0,22,204.168439
0.0,18,204.44942
0.0,23,204.746073
0.0,24,205.045928
0.0,22,205.330017
0.0,24,205.621463
0.0,19,205.898583
0.0,21,206.19382
0.039511,200,207.059912
0.0,22,207.337425
0.0,20,207.61464
0.07663,228,208.606126
0.0,23,208.907671
0.042224,65,209.365004
0.0,23,209.65873
0.0,20,209.933718
0.0,22,210.224753
0.0,25,210.541144
0.0,19,210.811116
0.0,24,211.095437
0.026856,169,211.858315
0.015307,242,212.95686
0.0,19,213.299059
0.0,21,213.642759
0.031975,23,213.986585
0.030806,381,216.220309
0.0,23,216.518038
0.0,21,216.828809
0.0,23,217.124227
0.0,20,217.399537
0.0,21,217.678038
0.024131,153,218.390562
0.0,134,219.051666
0.0,20,219.330478
0.0,147,220.055855
0.0,169,220.939112
0.045001,375,222.459758
0.024253,523,224.461117
0.0,20,224.736307
0.013161,446,226.436126
0.047995,127,227.064476
0.0,18,227.326189
0.0,22,227.610324
0.042505,375,229.229347
0.0,24,229.520887
0.0,24,229.803916
0.0,147,230.533869
0.011255,169,231.366568
0.0,20,231.665551
0.0,21,231.94657
0.0,21,232.244472
0.064767,88,232.898358
0.0,22,233.235144
0.0,315,234.724459
0.128597,240,235.935315
0.0,95,237.350743
0.022975,114,237.939154
0.002353,23,238.240141
0.0,23,238.540536
0.0,19,238.853042
0.011963,177,239.755354
0.0,18,240.027396
0.018532,277,241.137033
0.082383,96,241.657822
0.0,235,242.634048
0.0,21,242.906516
0.052519,133,243.56872
0.031855,276,244.752042
0.0,20,245.053021
0.0,125,245.68399
0.0,20,245.959959
0.0,165,246.762461
0.036769,126,247.42037
0.033497,129,248.059054
0.0,178,248.891279
0.105901,107,249.452736
0.0,22,249.727653
0.0,26,250.048817
0.025076,329,251.374205
0.0,22,251.672328
0.0,20,251.945588
0.0,21,252.250368
0.028798,20,252.537557
0.029647,259,253.60134
0.003737,170,254.377834
0.0,20,254.649149
0.0,25,254.936545
0.0,23,255.233803
0.0,28,255.549473
0.0,26,255.864787
0.046023,211,256.770422
0.0,22,257.070799
0.0,21,257.384703
0.0,116,257.993121
0.039086,291,259.173765
0.0,19,259.43966
0.018349,111,260.845603
0.021389,124,261.478857
0.0,84,261.983509
0.0,19,262.274613
0.0,445,263.98247
0.0,33,264.306947
0.0,254,265.421157
0.0,95,265.957124
0.0,180,266.77825
0.0,23,267.071643
0.010169,134,267.724266
0.01204,206,268.618981
0.01027,291,269.800691
0.0,63,270.225491
0.0,155,270.974742
0.023682,23,271.279293
0.0,20,271.557329
0.0,24,271.858354
0.0,22,272.160799
0.0,149,272.907679
0.0,22,273.201524
0.001476,22,273.491631
0.029924,251,274.570081
0.0,264,275.715074
0.0,20,275.983492
0.0,20,276.250013
0.042477,227,277.197268
0.0,22,277.499947
0.0,21,277.772957
0.0,102,278.334266
0.0,22,278.615158
0.021934,102,279.160274
0.0,21,279.442811
0.0,164,280.225664
0.0,21,280.517976
0.0,110,281.101213
0.0,153,281.824393
0.021909,270,283.783766
0.048814,74,284.242848
0.017323,23,284.537491
0.036109,74,285.018884
0.010021,20,285.292728
0.0,28,285.598017
0.0,24,285.879293
0.000584,21,286.171753
0.002488,27,286.49291
0.0,21,286.776834
0.013379,167,287.557331
0.0,22,287.837433
0.0,47,288.209859
0.0,20,288.501338
0.0,21,288.800908
0.000367,165,289.570776
0.0,21,289.853526
0.0,31,290.17456
0.0,142,290.869111
0.047058,57,291.267972
0.011458,329,292.560504
0.0,246,293.578471
0.0,21,293.855296
0.0,21,294.136607
0.0,18,294.402473
0.031514,96,294.929244
0.0,25,295.217493
0.0,22,295.497588
0.0,21,295.7978
0.0,22,296.095385
0.12437,55,296.501349
0.014364,25,296.795536
0.0,77,297.277484
0.0,27,297.583344
0.0,20,297.867481
0.0,23,298.154107
0.034651,312,299.442029
0.0,20,299.755488
0.0,23,300.08453
0.0,111,300.685255
0.0,20,300.959022
0.015639,172,301.74363
0.0,129,302.527587
0.001892,25,302.903058
0.0,30,303.290219
0.0,21,303.595958
0.0,102,304.155418
0.111616,821,307.168432
0.0,22,307.449538
0.013766,130,308.834412
0.155689,193,309.773344
0.023765,165,310.707626
0.0,20,311.001661
0.0,20,311.276425
0.040085,21,311.54953
0.0,74,312.02349
0.0,26,312.319192
0.0,150,313.07893
0.148962,85,313.612884
0.0,22,313.938603
0.0,19,314.234394
0.0,21,314.508589
0.0,77,314.990682
0.0,284,316.17437
0.04523,163,317.027888
0.0,137,317.765303
0.022744,284,319.117204
0.0,227,320.16302
0.0,24,320.458203
0.0,21,320.744785
0.062624,180,321.573971
0.0,20,321.854395
0.0,21,322.189184
0.101596,498,324.250636
0.01477,114,324.888918
0.044749,71,325.353541
0.0,21,325.645742
0.0,19,325.946024
0.034466,27,326.268467
0.0,26,326.574874
0.0,19,326.841577
0.044538,332,328.1761
0.0,24,328.492829
0.0,21,328.773105
0.002151,128,329.437742
0.013372,24,329.740004
0.0,66,330.194603
0.051029,174,331.088564
0.0,20,331.383421
0.0,89,332.046372
0.0,17,332.326513
0.0,27,332.649886
0.009411,61,333.076868
0.0,20,333.379906
0.0,20,334.707544
0.013242,594,336.905756
0.00254,206,337.788051
0.003704,483,339.674622
0.09223,289,340.953346
0.09081,262,342.045648
0.0,22,342.330121
0.038581,277,343.453764
0.0,266,344.602684
0.0,18,344.875491
0.0174,27,345.175134
0.0,185,345.988201
0.0,23,346.286188
0.0,324,347.579095
0.0,22,347.877836
0.063713,107,348.485092
0.006854,85,349.020746
0.0,21,349.312817
0.050812,358,350.699182
0.071732,192,351.531457
0.0,171,352.291144
0.07387,188,353.856845
0.0,23,354.145456
0.0,31,354.461801
0.0,69,354.904383
0.0,21,355.175626
0.0,247,356.20786
0.0,21,356.490265
0.0,22,356.772038
0.0,21,357.046981
0.0,22,357.327298
0.0,26,357.626231
0.035755,66,358.062427
0.0,25,358.361251
0.0,230,359.314625
0.042386,193,360.202524
0.0,20,360.533743
0.04994,128,361.192284
0.000577,88,361.701046
0.0,470,363.473926
0.0,21,363.762582
0.0516,393,365.287136
0.036374,249,366.312245
0.0,20,366.585286
0.037813,122,367.187813
0.0,22,367.464811
0.0,25,367.759967
0.0,212,368.687532
0.034137,26,368.994285
0.032513,122,369.6074
0.0,83,370.112544
0.0,19,370.391613
0.0,133,371.041608
0.011104,20,371.344246
0.012735,69,371.817985
0.0,105,372.425798
0.0,119,373.083472
0.001227,124,373.72334
0.0,285,374.974233
0.048872,111,375.605081
0.0,285,377.589426
0.0,137,378.335909
0.018743,125,379.0067
0.0,19,379.294867
0.0,25,379.636096
0.0,330,381.017523
0.031445,512,382.90947
0.027395,505,384.814192
0.0,22,385.09363
0.043319,236,386.091756
0.0,24,386.378423
0.008124,30,386.686332
0.0,23,386.977569
0.0,303,388.187761
0.0,22,388.479851
0.088813,172,389.273829
0.026243,107,389.898724
0.0,219,390.940284
0.029198,80,391.434106
0.0,24,391.732292
0.003371,29,392.064697
0.0,195,392.946993
0.0,20,393.240725
0.0,22,393.524717
0.0,21,393.818728
0.0,200,394.717041
0.023382,87,395.233851
0.0,133,395.918093
0.0,19,396.217049
0.0,24,396.550678
0.002238,23,396.857475
0.010535,226,398.530525
0.107681,167,399.292004
0.026995,118,399.885258
0.027129,78,400.346607
0.025658,101,400.881839
0.076385,174,401.65219
0.119471,190,402.474862
0.000196,80,402.943905
0.0,123,403.549703
0.0,23,403.8346
0.0,21,404.115976
0.027816,628,406.3786
0.051141,192,407.22379
0.01955,182,408.024572
0.029805,542,410.019071
0.0,22,410.296722
0.0,20,410.565309
0.020321,327,411.844266
0.031298,28,412.14077
0.0,30,412.470612
0.0,25,412.793021
0.0,133,413.440234
0.002293,373,414.886002
0.0,23,415.167105
0.026048,164,415.911223
0.011134,26,416.20458
0.011107,120,416.815577
0.0,167,418.341698
0.022504,22,418.639524
0.0,97,419.197688
0.045577,539,421.311176
0.053383,299,422.718292
0.0,20,423.018933
0.0,155,423.751111
0.0,47,424.135818
0.0,66,424.569395
0.023273,303,425.823341
0.0,20,426.103105
0.0,64,426.565588
0.04548,188,427.40618
0.0,124,428.017602
0.0,151,428.741931
0.0,22,429.058248
0.011696,92,429.66805
0.003378,23,429.98855
0.022828,155,430.796671
0.029854,170,431.663855
0.0,24,431.96905
0.0,21,432.26582
0.0,21,432.557965
0.0,44,432.941357
0.00776,250,434.000663
0.0,26,434.291769
0.0,178,435.242187
0.0,23,435.552186
0.070577,457,437.355096
0.0,126,438.036591
0.0,73,438.55151
0.0,20,438.871497
0.0,25,439.242858
0.004209,97,439.825429
0.0,25,440.156845
0.0,172,441.783465
0.0,23,442.080031
0.0,23,442.376355
0.0,22,442.661955
0.0,277,443.841496
0.089814,289,445.0407
0.018989,296,446.277445
0.0,22,446.558062
0.0,191,447.391474
0.0,64,447.811674
0.0,26,448.102234
0.0,124,448.725099
0.024036,105,449.283975
0.0,251,450.348829
0.0,100,450.909285
0.0,21,451.19954
0.0,22,451.518088
0.0,86,452.032694
0.0,77,452.507015
0.0,19,452.804683
0.0,308,454.036039
0.0,94,454.567379
0.0,97,455.121658
0.056615,166,455.933089
0.0,22,456.237448
0.044297,234,457.305008
0.017765,151,458.013141
0.021288,359,459.410412
0.0,23,459.717429
0.0,160,460.485975
0.0,257,461.589339
0.0,20,461.877204
0.0,90,462.408712
0.0,22,463.458796
0.0,18,463.727402
0.0,294,464.933824
0.0,21,465.225827
0.0,300,466.457433
0.027132,179,467.259194
0.0,77,467.741558
0.0,23,468.057949
0.0,133,468.722914
0.0,214,469.673583
0.080498,116,470.278888
0.027814,736,472.967472
0.041317,69,473.447153
0.046173,68,473.891871
0.039357,205,474.797617
0.013639,164,475.577287
0.0,21,475.862881
0.024092,183,476.72143
0.020532,184,477.625916
0.0,21,477.944057
0.0,104,478.553713
0.0,79,479.041279
0.029079,101,479.591106
0.03885,106,480.167775
0.023237,198,481.067042
0.088819,169,481.845867
0.0,19,482.120466
0.0,22,482.409675
0.120381,273,484.446202
0.0,214,485.425327
0.059946,746,488.196909
0.075047,456,490.01546
0.0292,133,490.730831
0.0,82,491.224985
0.0,326,492.570601
0.12309,144,493.28637
0.0,24,493.577064
0.095106,229,494.595158
0.03612,120,495.222899
0.0,21,495.515972
0.0,149,496.241441
0.0,48,496.61004
0.0,134,497.278654
0.0,136,497.950954
0.0,95,498.513484
0.0,56,498.92945
0.0,24,499.227058
0.105957,271,500.343985
0.031736,270,501.461114
0.0,116,502.061332
0.036896,211,502.95856
0.0,22,503.239907
0.0,18,503.518797
0.023869,215,505.265934
0.041319,323,506.57506
0.085966,114,507.180889
0.0,22,507.461855
0.00429,174,508.245977
0.0,23,508.524518
0.0,21,508.798207
0.0,19,509.0715
0.0,21,509.348341
0.047004,23,509.641008
0.058131,369,511.118968
0.0,191,511.998847
0.0,21,512.278948
0.008423,21,512.573967
0.011812,153,513.345987
0.0,19,513.624306
0.026525,203,514.524626
0.003081,102,515.064528
0.007252,349,516.452136
0.0,29,516.788703
0.0,124,517.44132
0.0,181,518.255776
0.0,23,518.534141
0.005605,60,518.944326
0.0,19,519.211535
0.008769,301,520.413032
0.023535,227,521.358073
0.038845,85,521.850631
0.144025,86,522.362375
0.073434,123,522.991149
0.013729,183,523.832535
0.0,21,524.115387
0.0,127,524.763251
0.090618,275,526.718314
0.0,20,527.00197
0.000426,157,527.770602
0.0,20,528.067165
0.026954,21,528.349466
0.0,20,528.632992
0.0,20,528.942473
0.0,155,529.704481
0.017205,182,530.526269
0.047283,23,530.836105
0.0,25,531.138385
0.0,20,531.419549
0.026804,130,532.075828
0.0,72,532.54635
0.047637,103,533.116585
0.014663,106,533.682165
0.020302,230,534.673161
0.0,138,535.521829
0.053944,300,536.828944
0.0,20,537.122301
0.060067,168,537.920173
0.0,286,539.109302
0.026887,135,539.778694
0.0,146,540.478515
0.049571,147,541.207581
0.0,20,541.483964
0.0,23,541.771017
0.0,19,542.046409
0.0,43,542.454188
0.088043,211,543.510368
0.0,123,544.149451
0.0,21,544.434215
0.0,125,545.05342
0.0,302,546.293996
0.0,24,546.587086
0.0,153,547.332392
0.070015,118,547.981802
0.004247,75,548.446356
0.006038,105,550.091354
0.0,89,550.964492
0.010305,123,551.651301
0.110675,140,552.335241
0.037925,220,553.308508
0.038187,89,553.841054
0.0,126,554.476686
0.001865,41,554.850071
0.0,20,555.166671
0.021689,105,555.828471
0.0,89,556.345171
0.0,84,556.873503
0.0,21,557.192462
0.0,142,558.214285
0.06457,231,559.42359
0.01698,65,559.859199
0.015169,175,560.752609
0.0,75,561.275461
0.013341,146,562.178139
0.0,46,562.569807
0.045943,197,563.451181
0.0,23,563.739058
0.028838,696,566.619204
0.0,107,567.244419
0.058004,219,568.348071
0.0,161,569.271295
0.050808,156,570.062903
0.0,24,570.381344
0.016046,285,571.567465
0.10115,147,572.287679
0.025905,396,574.6202
0.014686,21,574.910607
0.002494,93,575.448569
0.0,68,575.905046
0.0,20,576.198659
0.032249,155,577.013353
0.0,75,577.492664
0.0,21,577.785597
0.0,23,578.090364
0.0,72,578.551714
0.0,68,579.069379
0.0,476,581.010762
0.0,103,581.589046
0.032129,148,582.368924
0.056767,164,583.181192
0.0,46,583.550627
0.0,20,583.82623
0.0,85,584.327772
0.02212,108,584.889685
0.043748,214,585.810995
0.059094,449,587.564336
0.019667,23,587.860452
0.0,44,588.277726
0.0,85,588.856075
0.013593,76,589.349153
0.021361,183,590.208013
0.071674,320,591.503466
0.066363,180,592.370304
0.144074,218,593.426385
0.041782,102,594.001495
0.0,21,594.293169
0.0,67,595.4223
0.034463,304,596.663402
0.0,22,596.954401
0.121075,600,599.214049
0.011129,109,599.777411
0.018808,70,600.262171
0.0,187,601.192345
0.0,79,601.674484
0.100127,190,602.537696
0.073584,202,603.437718
0.093315,296,604.651263
0.031575,223,605.655747
0.0,19,605.95132
0.002127,402,607.548751
0.070783,458,609.354334
0.12821,473,611.165122
0.045657,231,612.179233
0.050276,271,614.137328
0.0,75,614.675254
0.017677,612,617.039884
0.016688,219,618.187199
0.037413,273,619.534071
0.02755,129,620.352703
0.0,195,621.246154
0.0,18,621.52637
0.250715,329,622.827569
0.002382,203,623.944618
0.036521,141,625.03242
0.157986,262,626.463733
0.06107,233,627.678299
0.0,668,631.117014
0.0,112,631.890208
0.0,103,632.634189
0.0,22,633.074935
0.0,23,633.483335
0.0,66,634.039408
0.032661,227,635.327242
0.0,70,635.856547
0.0,214,638.342013
0.09916,106,639.032886
0.0,79,639.641162
0.0,88,640.283774
0.031026,69,640.871449
0.0,125,641.712537
0.002735,189,642.718202
0.012735,115,643.407873
0.0,24,643.695558
0.0,127,644.467678
0.0,75,644.968147
0.0,73,645.449678
0.0,140,646.204997
0.032882,76,646.691812
0.097681,479,648.588858
0.0,19,648.859015
0.0,228,649.82095
0.00666,119,650.4199
0.0,20,650.696265
0.001916,22,650.975259
0.0,28,651.276656
0.0,100,651.827006
0.072026,88,652.331942
0.002583,65,652.754708
0.028716,241,653.753002
0.010922,186,654.585356
0.0,20,654.862885
0.0531,301,656.064091
0.022262,874,659.845758
0.0,58,660.236965
0.0,35,660.555269
0.038696,67,660.978208
0.004343,104,661.526923
0.022134,143,662.210143
0.069529,119,662.81517
0.0,21,663.089227
0.0,140,663.75403
0.003808,143,664.440508
0.008573,324,665.708112
0.0,226,666.666932
0.030651,202,667.526915
0.0,165,668.271927
0.029869,180,669.072972
0.0,116,669.665867
0.0,188,670.484215
0.017423,70,670.917018
0.0,20,671.188214
0.0,20,671.457793
0.046448,59,671.855661
0.0,85,672.336443
0.0,193,673.197674
0.021665,108,673.760677
0.065324,307,674.971484
0.0,182,675.774113
0.0,105,676.336293
0.004856,84,676.822898
0.0,19,677.137449
0.010398,51,677.528363
0.0,219,678.471034
0.022157,57,678.889388
0.067045,104,679.440528
0.013268,82,680.655447
0.023524,493,682.46834
0.002976,188,683.292377
0.015367,271,684.394364
0.0,135,685.04899
0.043154,95,685.575232
0.042471,173,686.354729
0.005442,274,687.460375
0.026081,454,689.1652
0.0,20,689.442661
0.023535,250,690.468353
0.280035,180,691.272576
0.038122,100,691.801865
0.033636,93,692.32211
0.060497,114,692.91992
0.004603,215,693.872509
0.036953,218,694.803668
0.0,48,695.176548
0.0,44,695.532495
0.0,18,695.81102
0.014028,298,697.008535
0.014525,60,697.418421
0.0,132,698.070864
0.010418,78,698.53669
0.019644,57,698.946228
0.0,131,700.310655
0.230448,329,701.588894
0.0,297,702.756074
0.0,87,703.251986
0.005923,173,704.023282
0.0,131,704.661087
0.0,37,704.989196
0.038106,208,705.893194
0.019219,108,706.472939
0.01937,286,707.644775
0.024042,20,707.920997
0.0,68,708.356538
0.113256,263,709.436933
0.019147,250,710.476774
0.012778,104,711.025182
0.031785,409,712.592108
0.057177,172,713.36613
0.0,86,713.847492
0.0,112,714.411203
0.0,23,714.694127
0.0,64,715.109753
0.0,51,715.480779
0.045936,75,715.930859
0.019986,191,716.762161
0.016225,251,717.845626
0.146675,250,719.738507
0.0,23,720.026943
0.003112,153,720.743163
0.0,84,721.223007
0.040812,163,721.957283
0.05383,68,722.388796
0.104375,93,722.907571
0.00772,201,723.770253
0.0,205,724.672354
0.068165,969,728.114606
0.073962,271,729.209314
0.0,159,729.936996
0.0,121,730.543774
0.0,65,730.963943
0.116179,324,732.24676
0.0,605,734.456226
0.027462,201,735.324969
0.071866,153,736.033185
0.042277,207,736.917502
0.0,114,738.193406
0.0,21,738.472659
0.02465,137,739.13033
0.0,162,739.860659
0.0,123,740.471656
0.064912,111,741.042824
0.0,99,741.569468
0.0,49,741.932584
0.0,68,742.357024
0.054114,130,742.98415
0.0,85,743.465253
0.050803,100,744.008142
0.0,78,744.465343
0.0,52,744.843617
0.016243,126,745.459048
0.162181,886,748.566245
0.033407,351,749.9179
0.020468,71,750.352564
0.0,160,751.084792
0.001471,112,751.654106
0.0,446,753.327946
0.0,68,753.765044
0.0,24,754.060435
0.021448,176,754.843803
0.0,130,755.471597
0.091174,224,757.113396
0.002412,137,757.77042
0.016407,135,758.422247
0.10655,415,759.986233
0.020195,88,760.484309
0.012961,96,761.013035
0.050823,273,762.116157
0.053358,134,762.755499
0.0,115,763.333329
0.038378,100,763.866056
0.042252,110,764.436678
0.031175,275,765.541587
0.0,83,766.019669
0.0,185,766.832705
0.060265,121,767.461049
0.036931,60,767.866423
0.0,498,769.712516
0.024724,154,770.426083
0.062555,525,772.361483
0.038895,491,774.26417
0.081525,143,775.656924
0.197606,668,778.06121
0.006213,291,779.239184
0.0,143,779.917991
0.0,58,780.31327
0.0,107,780.894405
0.027605,123,781.505054
0.0,187,782.332772
0.0,132,782.969938
0.0,67,783.401425
0.060768,204,784.278186
0.0,26,784.573918
0.051357,215,785.494738
0.018666,102,786.036981
0.008858,74,786.48619
0.0,93,787.000982
0.0,68,787.434744
0.058089,301,788.643283
0.0,87,789.144214
0.0,475,790.904655
0.0,20,791.188329
0.0,51,791.561386
0.048846,204,792.437931
0.041413,620,795.401017
0.0,106,795.965058
0.042424,300,797.159236
0.0,251,798.194255
0.01138,490,800.01945
0.048031,261,801.104414
0.042882,652,803.468491
0.0,23,803.760994
0.01089,536,805.738819
0.03577,537,807.721313
0.007003,99,808.257956
0.025423,680,811.467465
0.108705,165,812.215963
0.057347,104,812.765241
0.061887,215,813.693764
0.124946,169,814.480651
0.03722,165,815.241045
0.017989,587,817.416705
0.032382,153,818.140149
0.049476,395,819.648854
0.071232,110,820.241811
0.024339,173,821.029324
0.065915,217,821.955548
0.0,286,823.133185
0.0,92,823.659658
0.105645,359,825.043036
0.003553,96,825.575121
0.0,103,826.137922
0.061309,103,826.679983
0.0,82,827.16568
0.120293,123,827.795327
0.023594,455,830.282291
0.005446,346,831.630266
0.0,207,832.525135
0.040423,305,833.749705
0.129308,119,834.351718
0.083623,494,836.19449
0.004063,150,836.898302
0.0,149,837.603758
0.000951,233,838.586658
0.161066,670,841.033952
0.091931,440,842.730036
0.0,98,843.291471
0.037204,150,844.002984
0.349648,363,845.426853
0.0,441,847.764165
0.0,472,849.514574
0.0,116,850.101593
0.063468,130,850.733708
0.03478,210,851.623117
0.0,23,851.901774
0.036463,108,852.454857
0.0,51,852.847282
0.144276,471,854.617363
0.01618,78,855.087898
0.0,343,856.432446
0.0,25,856.728235
0.049161,140,857.408039
0.032962,131,858.042512
0.043242,181,858.842779
0.0,183,859.647533
0.020931,232,860.633546
0.039297,164,861.373371
0.0,23,861.651061
0.058828,273,862.75874
0.0,63,863.171104
0.018954,159,863.89283
0.0,95,864.406375
0.0,211,866.030532
0.0,62,866.435564
0.023983,290,867.584309
0.014392,432,869.204844
0.191721,299,870.413523
0.0,90,870.915719
0.070138,295,872.086704
0.0,60,872.485895
0.0,127,873.178126
0.075736,176,874.061431
0.0,138,874.74427
0.019968,200,875.613621
0.152456,318,876.878104
0.0,543,878.995982
0.100608,377,880.505677
0.0,124,881.197359
0.0,247,882.219225
0.0,125,882.850305
0.0,64,883.264381
0.0,56,883.662764
0.036855,114,885.205297
0.0,53,885.585753
0.0,374,887.040876
0.022994,145,887.741592
0.0,162,888.481258
0.017162,212,889.424019
0.0,76,889.910409
0.024392,96,890.443078
0.0,88,890.944476
0.254786,470,892.712324
0.06808,235,893.696631
0.001326,168,894.444101
0.0,21,894.728845
0.076957,469,896.475799
0.214647,216,897.398247
0.155375,404,898.92312
0.022062,70,899.35703
0.043849,99,899.894678
0.031569,156,900.615601
0.05884,132,901.259126
0.047413,266,902.354597
0.0464,367,904.545426
0.007608,71,904.990849
0.030117,194,905.835021
0.0,95,906.344769
0.124235,532,908.301521
0.090942,692,910.823047
0.109733,271,912.042297
0.087858,274,913.191482
0.008595,332,914.491401
0.078155,377,915.943058
0.0,55,916.340277
0.108692,222,917.287789
0.0,59,917.721372
0.0,476,919.618946
0.0,425,922.01733
0.100828,242,923.031195
0.044075,840,926.162222
0.0,201,927.03625
0.0,98,927.563802
0.0,26,927.856845
0.086904,206,928.747486
0.012484,56,929.134034
0.0372,451,930.834925
0.030616,158,931.558845
0.0,97,932.082381
0.015363,281,933.22263
0.040639,458,935.098563
0.020935,880,939.300259
0.0,44,939.652779
0.0,315,940.914373
0.0,314,942.148165
0.034427,263,943.232615
0.0,128,943.860991
0.031328,400,945.372643
0.057222,480,947.153505
0.077633,231,948.130682
0.304318,556,950.166731
0.017971,107,950.73056
0.035785,164,951.483999
0.084949,147,952.170732
0.081188,579,954.283167
0.0,218,955.199151
0.0,184,956.715533
0.06351,373,958.172752
0.0,110,958.74137
0.005188,161,959.483994
0.009604,134,960.125292
0.059861,142,960.792385
0.14122,217,961.700483
0.147318,523,963.616654
0.0,109,964.185703
0.0,503,966.029316
0.200706,126,966.653104
0.06382,374,968.088895
0.136555,258,969.131393
0.006894,159,969.854319
0.029714,284,970.994703
0.079997,344,972.34236
0.129985,454,974.831199
0.046957,208,975.72257
0.055946,338,977.050514
0.10032,419,978.638746
0.089879,218,979.55837
0.196484,170,980.31983
0.024508,128,980.940166
0.09678,158,981.660039
0.028355,97,982.183369
0.061607,239,983.178896
0.0,58,983.57354
0.00314,112,984.149621
0.030802,427,985.759141
0.042863,426,987.388804
0.041366,163,988.131923
0.187514,645,991.291718
0.047783,496,993.147078
0.238052,522,995.064206
0.197205,545,997.05184
0.04186,267,998.136155
0.055533,267,999.339398
0.050004,503,1001.225932
0.175053,171,1001.996479
0.180205,291,1003.222427
0.0,221,1004.2151
0.018554,173,1005.00426
0.010666,224,1005.956789
0.022285,223,1006.894884
0.0,445,1009.332846
0.149386,450,1011.128744
0.031947,519,1013.050385
0.098402,1001,1016.571783
0.023784,178,1017.360949
0.12209,299,1018.562136
0.008614,324,1019.93786
0.019631,160,1020.712249
0.181497,686,1023.334642
0.038269,350,1025.494271
0.045692,126,1026.133192
0.09326,324,1027.433721
0.147736,137,1028.082231
0.0,103,1028.633683
0.149185,611,1030.852581
0.065538,429,1032.457946
0.071723,309,1033.679365
0.042866,497,1035.508387
0.02129,202,1036.378682
0.086354,130,1037.012526
0.135777,413,1038.592727
0.140107,158,1039.311389
0.179216,252,1040.354555
0.0,140,1041.033235
0.062995,211,1042.63506
0.23604,589,1044.763882
0.16021,577,1046.850814
0.0,78,1047.304643
0.0,49,1047.666321
0.013755,287,1048.810127
0.041918,205,1049.682713
0.0,176,1050.459816
0.019178,404,1051.994568
0.011262,142,1052.68832
0.067601,245,1053.718904
0.054638,325,1055.017717
0.211675,313,1056.244868
0.019305,144,1056.931901
0.006604,274,1058.038109
0.061697,134,1058.682427
0.163391,389,1060.912102
0.105416,384,1062.370004
0.0,66,1062.786157
0.16752,464,1064.507345
0.0,102,1065.048302
0.049007,498,1066.896098
0.059208,380,1068.344784
0.066218,394,1069.856621
0.097826,228,1070.801786
0.057966,645,1073.128766
0.222801,634,1076.183703
0.0,309,1077.40274
0.085355,616,1079.635721
0.079272,104,1080.186892
0.225509,529,1082.126529
0.152344,876,1085.281197
0.009055,526,1087.35422
0.170384,322,1088.618814
0.402645,1001,1092.966255
0.146054,399,1094.495209
0.189828,568,1096.560671
0.054049,202,1097.430662
0.15321,639,1099.753995
0.104502,307,1100.956886
0.013965,529,1102.896236
0.212233,606,1105.234796
0.101103,449,1106.897913
0.048762,357,1108.993821
0.152754,118,1109.579862
0.085477,554,1111.605147
0.095681,408,1113.161834
0.149605,126,1113.785845
0.117668,185,1114.622769
0.048803,392,1116.111657
0.277517,769,1118.815657
0.196757,631,1121.074858
0.005483,65,1121.496724
0.317785,524,1123.403797
0.060775,670,1126.597426
0.225817,802,1129.442218
0.248062,706,1131.955606
0.271409,682,1134.428397
0.190327,174,1135.20444
0.044431,768,1137.944816
0.521297,852,1141.66624
0.061857,470,1143.420711
0.021626,105,1143.974618
0.163988,798,1146.835431
0.224669,651,1149.173652
0.11632,625,1151.431886
0.06427,260,1152.500814
0.045376,233,1153.476324
0.087251,425,1155.06666
0.190311,442,1157.463893
0.429934,731,1160.084943
0.105982,363,1161.493109
0.160198,632,1163.784558
0.0,130,1164.416561
0.343525,522,1166.370225
0.482243,654,1168.74743
0.124757,387,1170.22524
0.066255,470,1172.717219
0.365339,337,1174.051335
0.153211,346,1175.411663
0.192803,561,1177.45733
0.153054,333,1178.750994
0.355153,821,1181.645714
0.051662,72,1182.104268
0.184611,729,1184.721576
0.476986,773,1188.188761
0.124832,855,1191.184379
0.229083,432,1192.804052
0.024756,338,1194.123582
0.30952,493,1195.931303
0.074478,88,1196.427718
0.210366,149,1197.126394
0.0,338,1198.439997
0.069802,298,1199.61728
0.179077,192,1200.466765
0.171144,125,1201.102143
0.15438,1001,1205.287804
0.068801,987,1208.715601
0.080624,463,1210.425881
0.417508,1001,1213.918704
0.134121,229,1214.915927
0.288912,861,1217.980517
0.031899,154,1218.689343
0.082326,612,1221.58306
0.427906,902,1224.749203
0.030146,75,1225.202079
0.094267,228,1226.167406
0.225885,367,1227.568737
0.221352,316,1228.826455
0.250358,453,1230.540912
0.0,54,1230.925314
0.164308,611,1233.15752
0.174165,460,1235.084361
0.147176,1001,1239.315708
0.148605,741,1241.948595
0.765339,908,1245.116799
0.393749,511,1246.994073
0.372387,492,1248.827203
0.221808,422,1250.408316
0.207651,430,1252.771083
0.465516,813,1255.65616
0.211283,561,1257.719274
0.55933,989,1261.169468
0.062672,293,1262.333418
0.045879,236,1263.311096
0.936574,871,1266.375364
0.23142,1001,1270.574228
0.249924,423,1272.158738
0.377615,819,1275.076649
0.430997,920,1278.305512
0.473369,859,1281.372148
0.43502,706,1284.662598
0.158923,689,1287.169967
0.48639,1001,1290.660434
0.017569,430,1292.28868
0.372326,559,1294.346585
0.306016,554,1296.382407
0.515922,339,1297.710006
0.330295,440,1300.133293
0.122495,196,1301.00417
0.220434,922,1304.252826
0.512398,741,1306.887187
0.0,23,1307.189794
0.532343,979,1310.619131
0.146765,278,1311.740455
0.444743,620,1314.685442
0.234538,411,1316.234853
0.039918,112,1316.806203
0.016865,259,1317.869485
0.271832,754,1320.542696
0.642842,825,1323.445051
0.01994,20,1323.733002
0.363426,265,1324.819939
0.069841,342,1326.165108
0.0,71,1326.601982
0.120217,340,1327.915192
0.490049,1001,1332.402245
0.064268,148,1333.105713
0.501222,1001,1336.746204
0.284922,231,1337.841578
0.454978,875,1340.969175
0.059314,178,1341.76008
0.525307,1001,1345.234655
0.099333,140,1345.904584
0.087274,226,1347.525732
0.692826,1001,1351.008428
0.092559,161,1351.735283
0.612389,541,1353.705606
0.708891,1001,1357.318902
0.0,22,1357.597019
0.102261,232,1358.667772
0.363944,551,1360.70479
0.213576,441,1362.48389
0.0,26,1362.772208
0.641356,880,1366.569009
0.528637,973,1370.114183
0.518503,1001,1373.625989
0.228892,601,1375.801797
0.400449,339,1377.231564
0.524881,1001,1381.3964
0.13479,664,1383.987122
0.49312,1001,1387.452223
0.686311,1001,1390.915822
0.496191,1001,1395.149473
0.265364,527,1397.090494
0.494653,922,1400.312555
0.879912,1001,1403.797902
0.520254,1001,1407.278958
0.000192,20,1407.546408
0.127495,316,1408.77862
0.236542,489,1411.302359
0.618905,1001,1414.782471
0.55361,1001,1418.244462
0.445978,834,1421.184949
0.158066,1001,1425.446178
0.0,24,1425.736138
0.51139,601,1427.915239
1.051834,1001,1431.388119
0.491943,1001,1434.889607
0.1165,177,1435.67071
0.489978,484,1437.470288
0.557608,1001,1441.786833
0.352593,154,1442.60049
0.474509,1001,1446.152959
0.359668,702,1448.698117
0.480574,1001,1452.368674
0.652707,1001,1456.909256
0.698019,475,1458.694303
0.748186,1001,1462.226007
0.184825,106,1462.777972
0.992287,1001,1466.480606
0.325075,246,1467.602069
0.206371,482,1469.409149
0.601469,565,1471.476385
0.304663,270,1473.289119
0.359159,417,1474.871079
0.61299,1001,1478.375259
0.430853,985,1481.817361
0.794212,1001,1485.309039
0.882777,1001,1489.486062
0.038514,22,1489.767955
0.041688,109,1490.331998
0.336027,367,1491.739461
0.262907,233,1492.719632
0.263557,515,1494.613586
0.69861,1001,1498.104851
1.220259,1001,1501.596456
0.11604,1001,1505.888791
0.963469,1001,1509.38515
1.200969,877,1512.491344
0.656832,1001,1516.026248
0.743177,1001,1520.272834
0.987467,1001,1523.784229
0.626998,1001,1527.415266
0.711704,1001,1531.097757
0.95991,749,1534.511554
0.778009,742,1537.3519
0.547614,857,1540.426762
0.153238,363,1541.829434
1.003666,1001,1545.329297
1.280586,1001,1548.9604
0.360319,522,1551.824577
0.952834,680,1554.309601
0.850945,1001,1557.832284
0.80904,680,1560.313961
0.694521,1001,1563.855294
0.902952,1001,1568.082497
0.592551,456,1569.789386
1.096528,1001,1573.305704
0.541745,1001,1576.995514
1.312417,1001,1581.264844
2.196404,1001,1584.734121
0.550521,806,1587.600019
0.973658,1001,1591.095943
0.012692,20,1591.367123
0.259877,226,1592.301972
0.20097,150,1593.005685
0.504159,362,1594.403009
0.260915,280,1595.531146
0.039367,80,1595.99759
0.0,20,1596.273835
0.745064,553,1599.012247
1.313363,905,1602.18232
0.210122,242,1603.176905
0.419626,419,1604.754682
0.0,21,1605.028138
0.358974,340,1606.356934
0.966276,538,1608.346251
0.540963,689,1610.820647
0.457558,285,1612.046243
0.815314,736,1615.513023
0.217944,572,1617.727167
1.3236,1001,1621.272018
1.203967,1001,1624.851141
1.362764,1001,1629.146194
1.021644,851,1632.143777
1.196479,1001,1635.769413
0.408684,477,1637.698218
1.810598,1001,1641.190396
0.998115,957,1645.297954
1.682714,1001,1648.785138
0.598889,350,1650.121095
0.611191,718,1652.669924
1.703852,1001,1656.138878
0.0,20,1656.432966
1.506128,1001,1660.652185
0.965921,917,1663.876842
0.094278,128,1664.503081
0.376459,406,1666.024588
1.044277,687,1668.466151
1.579949,1001,1671.929923
1.470446,1001,1676.155794
0.221148,198,1677.010828
0.0,21,1677.285324
1.033297,1001,1680.756824
1.947122,1001,1684.225611
0.418139,230,1685.195777
1.293801,1001,1688.679028
1.684961,1001,1693.204364
0.632981,1001,1696.804983
1.225814,1001,1700.30171
0.962207,559,1702.488354
0.779608,1001,1706.85728
0.548614,466,1708.620414
1.037713,660,1711.090762
0.148948,107,1711.665544
1.118849,1001,1715.345409
2.134188,1001,1718.835362
1.328661,896,1722.806978
1.069829,589,1724.956675
0.071837,134,1725.617175
0.380426,190,1726.450055
1.021745,932,1729.880122
1.532967,1001,1733.567424
0.733857,524,1735.514865
1.017563,1001,1739.69687
1.154688,1001,1743.176713
0.792333,638,1745.492107
0.0,19,1745.760259
0.34707,1001,1749.293266
1.984082,1001,1752.815132
0.976599,555,1755.608527
1.492576,907,1758.820776
1.059684,645,1761.145136
0.0,21,1761.436312
0.425058,396,1762.958402
1.317349,1001,1766.478221
1.599919,1001,1770.733295
0.902362,818,1773.658198
1.435664,1001,1777.237621
1.286232,796,1780.077087
0.958762,858,1783.093411
0.853758,1001,1787.425609
0.289297,259,1788.504409
1.594308,1001,1792.038277
0.993359,1001,1795.729112
1.049305,1001,1799.349916
1.041553,1001,1803.901711
0.419229,1001,1807.387259
1.538393,1001,1810.865523
1.697486,1001,1814.411493
1.309951,631,1817.69087
0.796041,1001,1821.256211
1.618631,1001,1824.967098
0.744339,529,1826.919963
2.192541,1001,1830.536243
2.245964,1001,1834.772565
1.366042,1001,1838.298998
0.533364,592,1840.571256
0.560538,333,1841.918991
1.418722,1001,1845.496217
1.21687,1001,1849.690314
1.483049,1001,1853.210679
1.550061,1001,1856.722121
0.901681,1001,1860.234132
1.798794,1001,1864.559444
2.085924,1001,1868.079075
1.189149,1001,1871.5833
1.37052,1001,1875.085952
0.523235,261,1876.172148
1.65496,1001,1880.345324
0.879856,371,1881.770141
1.215433,1001,1885.304774
1.228998,747,1887.977368
0.977721,471,1889.752382
0.611461,601,1891.951771
0.054948,19,1892.228498
1.874831,1001,1896.633125
1.753277,1001,1900.139243
0.67836,1001,1903.694093
1.987973,1001,1907.676448
1.498422,766,1911.753621
0.431965,149,1912.447226
0.04135,20,1912.727819
2.229143,1001,1916.42279
1.122336,1001,1920.017242
1.768563,1001,1923.710149
1.91375,1001,1928.16516
0.0,21,1928.478426
1.017074,393,1930.0474
0.766961,963,1933.410115
1.460414,736,1936.06809
2.081275,1001,1939.574157
1.570008,1001,1943.855686
0.380161,307,1945.069062
1.739608,1001,1948.56029
1.431432,1001,1952.058471
0.888987,725,1954.646622
1.322885,1001,1958.90948
1.750995,1001,1962.38462
1.669016,1001,1965.871193
1.190301,1001,1969.33591
0.88547,1001,1973.496701
1.39418,1001,1976.988049
1.885629,1001,1980.520016
2.089909,1001,1984.066631
1.92648,1001,1988.384199
2.428881,1001,1991.923452
0.215878,1001,1995.4158
2.292964,1001,1998.942303
1.225534,1001,2003.152143
1.334507,754,2005.836041
1.830526,1001,2009.326076
1.740091,1001,2012.823771
2.616005,1001,2017.069663
0.636528,259,2018.136769
1.471437,1001,2021.675471
1.903729,1001,2025.354856
1.319766,783,2028.137057
1.849721,1001,2031.65209
1.666092,1001,2035.924308
1.717968,1001,2039.444553
1.840928,1001,2042.920057
1.517968,1001,2046.390287
1.340546,1001,2050.635095
1.101406,1001,2054.117206
1.923142,1001,2057.590926
1.889827,1001,2061.072157
0.02629,18,2061.336929
1.936157,1001,2065.626882
2.600687,1001,2069.1058
2.028447,1001,2072.5687
1.846566,1001,2076.090294
1.899679,1001,2080.33883
2.432804,1001,2083.819775
0.551754,438,2085.467837
2.64637,1001,2088.961326
1.457809,1001,2093.335672
2.254099,1001,2096.824177
1.084249,1001,2100.311797
2.791452,1001,2103.800328
1.127475,1001,2107.317239
1.428923,1001,2111.490165
1.778284,1001,2114.987173
2.316544,1001,2118.486551
2.222925,1001,2122.024358
1.985568,1001,2126.30854
2.12156,1001,2129.826673
2.388403,1001,2133.462444
1.384254,1001,2137.106732
2.276937,1001,2141.364278
1.768649,1001,2144.852766
1.502189,1001,2148.345951
2.269885,1001,2151.900454
1.052968,1001,2156.269845
1.118637,1001,2159.805968
0.007786,22,2160.089004
0.756692,1001,2163.595941
2.299326,1001,2167.111247
1.488713,1001,2171.296617
0.735062,363,2172.687042
1.904969,1001,2176.212913
1.796244,1001,2179.720862
1.66538,1001,2183.251706
2.501971,1001,2187.571052
2.430223,1001,2191.080812
2.16364,1001,2194.567874
2.154181,1001,2198.065264
2.420952,1001,2202.343464
2.042244,1001,2205.807233
2.532922,1001,2209.279324
2.220844,1001,2212.787266
1.871774,1001,2217.054617
1.893617,1001,2220.560471
2.484465,1001,2224.036601
2.404973,1001,2227.5681
2.322896,1001,2231.734142
2.284449,1001,2235.240802
1.317824,1001,2238.807793
1.950098,1001,2242.3272
2.361334,1001,2247.147332
1.714649,1001,2250.611762
2.233675,1001,2254.085825
2.232266,1001,2257.583375
1.844016,1001,2261.759248
2.521504,1001,2265.21199
0.764275,560,2267.259808
2.494729,1001,2270.717881
2.015222,1001,2274.207018
2.145586,1001,2278.400853
1.909158,715,2280.95124
1.153048,1001,2284.42692
2.267517,1001,2287.910395
2.040028,1001,2292.212265
1.890527,1001,2295.699649
1.50192,1001,2299.174717
2.035857,1001,2302.662427
2.769243,1001,2306.888441
1.449588,1001,2310.340845
2.142691,1001,2313.79288
1.831569,1001,2317.268731
1.860791,1001,2321.405291
1.175461,1001,2324.865175
2.625169,1001,2328.347462
2.201631,1001,2331.82183
2.393667,1001,2336.026825
1.150318,322,2337.309481
2.378744,1001,2340.791523
2.284898,1001,2344.267055
1.814162,1001,2347.77849
2.485929,1001,2351.987303
3.217249,1001,2355.48446
3.027245,1001,2358.970512
1.617809,1001,2362.679213
2.620266,1001,2366.877353
2.196781,1001,2370.359546
2.502465,1001,2373.827197
1.578294,814,2376.714133
2.335089,1001,2380.955298
2.185905,1001,2384.438448
2.373419,1001,2387.944757
2.363512,1001,2391.467693
0.915156,324,2392.755601
0.035823,19,2393.022775
2.749355,1001,2397.193846
1.978411,1001,2400.707352
2.915153,1001,2404.231923
2.279559,1001,2407.743766
2.188941,1001,2412.050884
2.709996,1001,2415.556623
2.489167,970,2418.992888
2.888194,1001,2422.526021
1.678595,1001,2426.892094
2.687972,1001,2430.40106
2.842163,1001,2433.921053
2.806133,1001,2437.430073
2.824115,1001,2441.568562
3.770664,1001,2445.065027
3.288088,1001,2448.575543
2.042565,1001,2452.044703
2.452051,1001,2455.549887
2.199518,1001,2459.851199
2.833682,1001,2463.393159
3.143276,1001,2466.888207
2.325593,1001,2470.577081
3.31536,1001,2474.949146
2.665166,1001,2478.472128
2.091304,1001,2481.963045
3.559652,1001,2485.436036
2.683339,1001,2489.644809
2.274494,1001,2493.135714
2.352455,1001,2496.649073
2.535412,1001,2500.16474
2.575874,1001,2504.343033
2.496836,1001,2507.826289
2.418125,1001,2511.325487
2.687148,1001,2514.823053
2.744181,1001,2519.039315
2.198131,1001,2522.544964
2.516082,1001,2526.076107
2.670392,1001,2529.574697
2.383121,1001,2533.937426
2.494132,1001,2537.413567
2.32129,1001,2540.927968
2.935418,1001,2544.406345
3.741966,1001,2548.724952
3.004417,1001,2552.229731
0.0,20,2552.505557
3.67136,1001,2556.008662
2.814814,1001,2559.515145
2.9892,1001,2563.734975
2.361331,1001,2567.27611
2.958447,1001,2570.831662
3.488189,1001,2574.357417
0.896053,379,2575.840449
2.173193,1001,2580.661529
2.246931,1001,2584.180571
4.026003,1001,2587.700733
3.192357,1001,2591.182278
2.461896,1001,2595.324158
3.642639,1001,2598.815921
2.941543,1001,2602.31762
0.81828,266,2603.394673
2.487957,1001,2606.917431
3.213188,1001,2611.082668
0.011275,61,2611.482508
1.652552,780,2614.259009
3.418271,1001,2617.752655
2.843589,1001,2621.246579
2.181214,1001,2625.61431
3.776209,1001,2629.103208
1.98021,1001,2632.581302
2.680595,1001,2636.065448
2.944709,1001,2640.279732
3.256093,1001,2643.77933
3.144625,1001,2647.291236
2.871151,1001,2650.754433
2.528621,1001,2655.037781
2.632476,1001,2658.533313
2.637118,1001,2662.014906
3.254928,1001,2665.508742
3.12309,1001,2669.89666
2.991818,1001,2673.394773
3.81536,1001,2676.865133
3.615164,1001,2680.352657
2.936792,1001,2684.579522
3.049386,1001,2688.070991
2.803821,1001,2691.556019
3.271821,1001,2695.188083
3.729433,987,2699.327741
3.796365,1001,2702.824352
2.667777,1001,2706.341254
3.152676,1001,2709.804269
3.005927,996,2713.285668
2.592349,1001,2717.505472
0.0,18,2717.7721
2.772007,1001,2721.312076
3.132129,1001,2724.786167
2.569517,1001,2728.273812
3.461795,1001,2732.436568
3.007089,1001,2735.936846
2.939976,1001,2739.412441
3.221305,1001,2742.888292
2.591262,1001,2747.030468
4.297698,1001,2750.515674
2.827039,1001,2753.995704
2.945086,1001,2757.51877
3.429871,1001,2761.667815
4.195761,1001,2765.164637
3.38897,1001,2768.673015
2.324822,1001,2772.178385
3.84297,1001,2776.595107
3.543765,1001,2780.107064
3.581187,1001,2783.598446
3.594582,1001,2787.08451
4.052448,1001,2791.244662
3.98292,1001,2794.764045
3.626563,1001,2798.239105
3.784368,1001,2801.924926
3.802159,1001,2806.099284
3.66589,1001,2809.582344
3.335699,1001,2813.069439
4.165479,1001,2816.565488
3.646561,1001,2820.946065
3.367234,1001,2824.451148
4.054987,1001,2827.932385
3.984112,1001,2831.417001
4.186107,1001,2835.616487
3.66514,1001,2839.115484
4.205796,1001,2842.613495
2.855983,1001,2846.096206
4.388335,1001,2850.234572
2.911459,1001,2853.750968
2.774481,1001,2857.261054
0.0,19,2857.529459
5.230989,1001,2861.014862
3.919433,1001,2865.226971
3.449565,1001,2868.718538
3.805339,1001,2872.218336
3.270763,1001,2875.705789
3.100797,1001,2879.223752
3.973882,1001,2883.444496
3.782237,1001,2886.928465
3.0852,1001,2890.429845
4.081097,1001,2893.925686
3.593909,1001,2898.049639
3.726296,1001,2901.567225
4.460799,1001,2905.114037
3.748575,1001,2908.641362
3.424585,1001,2913.415726
4.36726,1001,2916.896628
3.706632,1001,2920.358372
4.222962,1001,2923.821181
4.346532,1001,2927.965131
3.700914,1001,2931.438126
4.113166,1001,2934.91667
4.065286,1001,2938.404571
3.278559,1001,2942.575926
0.0,18,2942.843266
3.775664,1001,2946.320053
3.893721,1001,2949.802459
3.739725,1001,2953.331268
4.241884,1001,2957.626376
2.945856,1001,2961.139518
3.889159,1001,2964.620755
3.960752,1001,2968.09715
3.044784,715,2971.531104
4.73525,1001,2975.039372
4.016681,1001,2978.560581
4.168347,1001,2982.0733
4.57585,1001,2986.36017
4.514425,1001,2989.858959
3.390938,1001,2993.380515
4.810738,1001,2996.859139
4.183105,1001,3000.366255
3.180688,1001,3004.684298
3.684945,1001,3008.181655
4.06507,1001,3011.679626
3.696913,1001,3015.233281
3.24505,936,3019.37146
4.370158,1001,3023.059431
4.130745,1001,3026.544928
4.255514,1001,3030.036005
3.976836,1001,3034.317706
4.740592,1001,3037.821759
4.20379,1001,3041.296439
3.478259,1001,3044.786555
4.350874,1001,3049.074126
4.316019,1001,3052.563657
3.808901,1001,3056.068916
2.910506,1001,3059.595137
4.553971,1001,3063.936111
4.209847,1001,3067.433089
3.559237,1001,3070.921187
5.385441,1001,3074.434545
3.734473,1001,3078.616262
4.218343,1001,3082.092709
4.519672,1001,3085.576068
4.539128,1001,3089.103817
3.694028,1001,3093.248856
3.931462,1001,3096.730917
4.315546,1001,3100.221188
4.271965,1001,3103.709505
3.548687,1001,3107.934508
4.882759,1001,3111.424279
3.933507,1001,3114.927871
5.407779,1001,3118.435893
4.256931,1001,3122.656646
5.175448,1001,3126.208058
3.233018,1001,3129.679623
4.162233,1001,3133.178477
5.19707,1001,3137.522776
4.607307,1001,3141.002866
4.644898,1001,3144.483164
3.654406,1001,3147.958453
4.761429,1001,3151.453001
3.893065,1001,3155.636142
3.917066,1001,3159.129463
3.851261,1001,3162.590499
4.602151,1001,3166.106246
4.973633,1001,3170.342349
4.795978,1001,3173.866457
5.678445,1001,3177.336184
4.290655,1001,3180.823756
4.758628,1001,3185.020709
4.979867,1001,3188.513893
4.408951,1001,3191.979003
5.123448,1001,3195.432421
4.816821,1001,3199.775526
4.356566,1001,3203.247864
4.255991,1001,3206.725348
4.970983,1001,3210.212174
4.494964,1001,3214.350614
3.871083,1001,3217.837007
4.395988,1001,3221.362868
4.410911,1001,3224.853687
3.590144,1001,3229.042792
4.027345,1001,3232.522319
4.474873,1001,3236.045042
3.604415,1001,3239.534555
4.057851,1001,3244.010946
5.179913,1001,3247.500942
4.329508,1001,3251.000968
4.217391,1001,3254.472083
4.588779,1001,3258.708879
4.452707,1001,3262.174488
4.651782,1001,3265.649376
4.197941,1001,3269.143301
4.999988,1001,3273.502439
4.798855,1001,3276.984009
3.876426,1001,3280.495999
5.367676,1001,3284.001838
4.357936,1001,3288.172277
4.674437,1001,3291.655861
4.853089,1001,3295.223736
4.847172,1001,3298.72421
4.338914,1001,3303.052135
5.27983,1001,3306.58394
4.775319,1001,3310.077253
5.372185,1001,3313.582637
4.491994,1001,3317.267975
5.137339,1001,3321.502522
4.305946,1001,3325.017604
3.715356,1001,3328.503501
4.577731,1001,3332.028229
4.633097,1001,3336.746309
4.898894,1001,3340.656849
3.884839,1001,3344.889916
4.399787,1001,3349.389538
5.015892,1001,3354.764219
4.503597,1001,3358.971219
4.937996,1001,3363.858767
4.366752,1001,3369.406759
4.449829,1001,3374.958461
5.735811,1001,3379.258391
5.376487,1001,3383.041807
5.370805,1001,3387.112176
4.594456,1001,3391.537694
4.073066,1001,3395.075823
5.142484,1001,3398.581655
4.970196,1001,3402.173531
4.732316,1001,3406.475988
4.091163,1001,3410.129982
4.682151,1001,3413.695621
5.146262,1001,3417.352658
4.595046,1001,3421.661349
4.974321,1001,3425.238753
4.982903,1001,3428.889894
5.014591,1001,3432.524305
6.00235,1001,3436.918778
0.0,19,3437.216829
4.63076,1001,3440.748679
4.558806,1001,3444.3096
5.103374,1001,3447.871507
3.724162,1001,3452.244508
4.575304,1001,3455.749137
6.219502,1001,3459.322433
5.290182,1001,3462.959738
5.222424,1001,3467.426429
5.086406,1001,3471.060275
5.655306,1001,3474.701909
5.110168,1001,3478.447243
5.162571,1001,3482.69158
4.077041,1001,3486.181497
4.978773,1001,3489.674973
4.950582,1001,3493.2485
5.367601,1001,3496.958075
5.431228,1001,3501.593217
4.252178,883,3505.08891
4.968312,1001,3508.884795
5.31498,1001,3512.416599
4.723903,1001,3516.59906
4.401931,1001,3520.121668
4.63068,1001,3523.655864
4.850953,1001,3527.287491
3.49679,1001,3531.80594
5.218657,1001,3535.339681
4.883133,1001,3538.836013
4.649342,1001,3542.355874
4.800875,1001,3546.832742
5.836029,1001,3550.488858
4.656415,1001,3554.005125
5.042864,1001,3557.499451
4.897587,1001,3561.953018
4.539083,1001,3565.476476
5.456154,1001,3569.032121
4.910015,1001,3572.521876
4.339498,1001,3576.818834
5.014097,1001,3580.297304
4.975739,1001,3583.853808
6.050792,1001,3587.392144
0.706802,353,3588.780122
5.132192,1001,3593.183188
5.423992,1001,3596.693697
5.081519,1001,3600.195172
4.421163,1001,3603.686636
5.291492,1001,3608.104252
4.726138,1001,3611.588502
3.960765,1001,3615.281549
4.550174,1001,3619.007646
5.768694,1001,3623.243892
5.694872,1001,3626.71641
5.484646,1001,3630.192946
5.21819,1001,3633.672529
4.575309,1001,3637.944112
4.511053,1001,3641.407921
5.576452,1001,3644.933247
5.147605,1001,3648.438576
5.037357,1001,3652.704437
4.973022,1001,3656.179742
3.023629,633,3658.476563
5.257997,1001,3661.967273
5.801237,1001,3665.445372
4.82927,1001,3669.611709
4.185969,1001,3673.10733
5.118592,1001,3676.591111
3.900203,1001,3680.077287
4.918513,1001,3684.397515
5.353478,1001,3687.89491
5.524195,1001,3691.398395
5.604756,1001,3694.939555
5.135222,1001,3699.193497
4.423116,1001,3703.163984
5.385559,1001,3706.792673
5.039129,1001,3710.59087
5.412913,1001,3714.940119
5.513313,1001,3718.444668
6.206341,1001,3721.922506
5.62847,1001,3725.647464
5.225544,1001,3729.950777
4.353881,1001,3733.494456
5.469594,1001,3737.176763
4.950656,1001,3740.749835
6.133446,1001,3745.035813
4.187551,1001,3748.591347
6.174284,1001,3752.111418
5.461197,1001,3755.619656
5.042598,1001,3759.795158
5.001364,1001,3763.284563
4.290596,1001,3767.062746
4.295649,1001,3770.650196
5.15035,1001,3774.870554
5.957512,1001,3778.463528
4.784158,1001,3782.037027
5.024271,1001,3785.696582
5.209589,1001,3790.547912
5.551679,1001,3794.367688
5.75158,1001,3798.327999
5.12438,1001,3802.448049
6.352527,1001,3806.793545
4.914325,1001,3812.366594
6.640548,1001,3816.804912
5.304595,1001,3821.204188
5.360794,1001,3825.550082
5.967467,1001,3831.556031
5.775742,1001,3836.032623
5.514853,1001,3840.120837
4.752894,1001,3843.944508
5.10403,1001,3848.523083
5.641936,1001,3852.125009
4.527107,1001,3855.702843
4.815141,1001,3859.355043
6.275741,1001,3863.596965
5.553845,1001,3867.172826
5.772607,1001,3870.823154
5.231661,1001,3874.351719
5.313333,1001,3878.535009
5.69785,1001,3882.049657
4.584383,1001,3885.645656
5.672653,1001,3889.247098
6.029004,1001,3894.109108
6.111801,1001,3897.807424
5.776016,1001,3901.386051
5.706786,1001,3904.985845
6.506053,1001,3909.353731
7.068027,1001,3912.949746
6.42625,1001,3916.543444
5.661116,1001,3920.159396
6.40772,1001,3924.375477
5.303321,1001,3927.871732
5.617751,1001,3931.497942
6.477009,1001,3935.095236
5.437422,1001,3939.331778
5.902811,1001,3942.87446
6.338486,1001,3946.447987
6.515679,1001,3951.035374
5.534871,1001,3955.230657
6.152128,1001,3958.826264
6.451029,1001,3962.380725
6.523049,1001,3966.172408
5.783167,1001,3970.472213
6.245623,1001,3973.979692
6.065227,1001,3977.491318
5.623481,1001,3981.10569
4.780764,1001,3984.680389
5.132568,1001,3989.255252
4.065223,852,3992.451651
5.282963,1001,3996.012748
6.483453,1001,3999.625761
6.123133,1001,4004.306014
6.410795,1001,4008.000339
6.592217,1001,4011.647419
5.695155,1001,4015.153739
5.911655,1001,4019.451475
6.210586,1001,4023.170557
6.726657,1001,4026.734578
6.677789,1001,4030.466898
6.109868,1001,4034.792471
5.725041,1001,4038.302524
6.296565,1001,4041.790733
7.231388,1001,4045.373646
5.867834,856,4049.280436
5.905823,1001,4052.764873
5.489726,1001,4056.430847
6.606269,1001,4059.935377
6.008117,1001,4064.221817
5.501073,1001,4067.795103
6.76789,1001,4071.285118
6.46805,1001,4075.072962
5.598763,1001,4079.614305
6.292966,1001,4083.166259
6.477907,1001,4086.756936
6.458839,1001,4090.241988
