#{"t_start": 1702899281.588567, "env_id": "None"}
r,l,t
8.748518,1001,3.471179
7.937194,1001,6.713162
8.989025,1001,10.043255
3.673565,404,11.470673
8.469195,1001,15.604539
9.044311,1001,18.985105
8.441926,1001,22.279768
5.499198,608,24.339197
9.229768,1001,27.610205
9.543056,1001,31.686449
9.166563,1001,35.095828
9.789266,1001,38.398411
10.093677,1001,41.742198
8.690151,1001,45.842005
9.881921,1001,49.231706
9.420047,1001,52.900176
9.08846,1001,56.271393
8.359032,1001,60.176281
9.393863,1001,63.657323
8.514119,1001,66.968134
9.04986,1001,70.20499
9.906626,1001,74.130326
10.113344,1001,77.388201
9.416636,1001,80.636227
9.55871,1001,83.872619
10.16332,1001,87.801787
9.387758,1001,91.057406
9.701397,1001,94.332453
9.523938,1001,97.620045
11.294075,1001,101.74807
8.693446,1001,105.094837
9.257986,1001,108.430212
1.990849,232,109.387338
5.619454,533,111.248313
8.65854,1001,115.22337
10.540241,1001,118.488323
11.524528,1001,121.74229
0.262213,77,122.17309
11.543916,1001,125.420447
9.159102,1001,129.383861
10.660325,1001,132.65065
10.070756,972,135.821732
11.182425,1001,139.086226
10.381771,1001,142.344747
10.431935,1001,146.272227
11.52959,1001,149.524361
10.738656,1001,152.804598
10.293035,1001,156.069864
10.115211,1001,160.084566
12.90793,1001,163.367484
11.371046,1001,166.632953
2.654412,274,167.67383
11.882597,1001,170.940526
6.666491,638,173.810012
10.248079,1001,177.094243
11.671191,1001,180.368058
13.297514,1001,183.64967
10.643213,1001,187.650301
11.659414,1001,190.935765
10.324385,1001,194.201097
12.636999,1001,197.476458
10.346037,1001,201.478215
11.796495,1001,204.751623
11.821461,1001,208.036103
11.018841,1001,211.345756
11.475919,1001,215.352724
0.74661,71,215.775687
13.533541,1001,219.059369
3.49053,288,220.150167
9.778277,795,222.797632
13.256446,1001,226.088572
11.600103,1001,230.028169
12.958729,1001,233.306647
11.725279,1001,236.609686
11.966534,1001,239.914001
0.575835,78,240.362943
13.59965,980,244.305183
11.810892,1001,247.588768
13.462102,1001,250.872016
6.020399,601,252.927458
12.284609,1001,256.206233
14.447389,1001,260.200597
12.820712,1001,263.488619
4.031293,385,264.880191
5.431865,461,266.503136
11.974552,1001,269.773564
10.871922,1001,273.819695
3.563545,352,275.101266
12.726468,990,278.357013
11.148854,1001,281.638951
11.444357,1001,284.933812
2.268776,242,286.600543
12.141349,1001,289.884565
11.764531,967,293.071157
12.909139,1001,296.367588
11.88142,1001,300.354763
11.962326,1001,303.643753
13.532275,1001,306.922802
12.274678,1001,310.202589
12.370085,1001,313.489052
13.978281,1001,317.520646
12.693117,1001,320.804189
12.365253,1001,324.08742
11.899227,1001,327.356755
14.15091,1001,331.34131
14.268724,1001,334.625853
1.083921,134,335.240978
13.21937,1001,338.51995
12.976846,1001,341.798505
12.983674,1001,345.80031
12.451839,1001,349.084808
11.501578,1001,352.360462
14.056375,1001,355.629788
13.666153,1001,359.632038
5.370619,435,361.170019
13.966163,1001,364.447547
13.674708,1001,367.722371
12.810737,1001,371.704035
12.169976,1001,374.976075
12.288113,1001,378.246404
12.573077,1001,381.527394
12.712575,1001,385.510596
15.425548,1001,388.785876
13.226787,1001,392.051554
13.728671,1001,395.318677
14.038064,1001,398.593361
14.308094,1001,402.608011
11.809197,1001,405.880248
14.884575,1001,409.160421
13.361731,1001,412.482312
13.516733,1001,416.469378
15.793622,1001,419.787011
14.503827,1001,423.083691
13.732211,1001,426.381514
15.639075,1001,430.382766
15.628645,1001,433.662965
14.442758,1001,436.986384
13.316911,1001,440.268844
14.99531,1001,444.266103
15.561287,1001,447.566237
14.83111,1001,450.851258
15.585012,1001,454.154638
14.027432,1001,458.145915
12.687886,960,461.309959
14.687106,1001,464.609182
12.388545,1001,467.900437
14.385274,1001,471.908601
14.494112,1001,475.182285
11.837517,889,478.127607
15.012199,1001,481.431798
15.650779,1001,485.41489
14.500313,1001,488.71091
16.554314,1001,492.009144
12.704822,1001,495.295884
14.945634,1001,499.310131
16.023348,1001,502.59929
11.245093,1001,505.893669
16.106621,1001,509.182957
14.025267,1001,513.203631
17.749383,1001,516.502968
13.201351,1001,519.785296
13.02596,1001,523.108232
15.622351,1001,526.399889
14.112079,1001,530.405492
15.528665,1001,533.729405
14.815609,1001,537.014708
15.1038,1001,540.310114
14.678323,1001,544.308382
6.076732,363,545.63632
15.842942,1001,548.939393
16.009855,1001,552.234959
15.954279,1001,556.269684
15.848443,1001,559.565006
15.27853,1001,562.845587
13.825903,1001,566.146635
15.07712,1001,570.090978
15.965763,1001,573.380273
15.372175,1001,576.670152
16.799862,1001,579.957724
14.555065,1001,583.256189
16.402664,1001,587.283191
17.432385,1001,590.584331
15.722983,1001,593.869769
16.254158,1001,597.165801
16.315371,1001,601.196945
14.27544,1001,604.497871
16.36252,1001,607.798824
16.391659,1001,611.093067
14.888313,1001,615.156643
15.904482,1001,618.443374
16.569773,1001,621.744074
17.344532,1001,625.041546
16.396384,1001,629.102904
17.497851,1001,632.407933
16.48867,1001,635.709726
16.932711,1001,639.017559
16.862258,1001,643.016715
16.699221,1001,646.325026
17.203037,1001,649.606305
16.382902,1001,652.905099
15.885056,1001,656.947752
16.823441,1001,660.252475
16.136882,1001,663.542147
16.826629,1001,666.848999
15.704313,1001,670.833177
18.053916,1001,674.143352
16.898958,1001,677.443038
16.290307,1001,680.753724
16.992965,1001,684.788522
15.626748,1001,688.082687
13.809037,886,691.019068
14.307979,1001,694.322342
5.711662,374,695.679826
15.662809,1001,699.674679
15.783137,1001,702.982941
9.895625,600,705.078249
16.369599,1001,708.45058
17.279567,1001,711.779246
16.268562,1001,715.853074
17.237353,1001,719.506146
18.558967,1001,723.033637
14.786844,1001,726.587008
16.961044,1001,731.102475
17.494482,1001,734.802966
1.527163,92,735.35331
18.364399,1001,738.981763
14.758054,850,742.124309
16.236885,1001,746.621317
15.961241,1001,750.258376
0.772306,66,750.729182
18.548121,1001,754.37364
18.242187,1001,758.038982
17.544029,1001,762.257456
16.704212,1001,765.708733
12.249637,698,768.266911
16.200632,1001,771.75239
1.1205,90,772.256537
17.964399,1001,776.285358
16.434604,1001,779.60608
16.148409,1001,783.758698
18.34742,1001,788.512385
15.536552,1001,792.842635
16.537951,1001,796.160448
6.535405,478,797.857138
18.826645,1001,801.182966
17.450834,1001,804.487134
17.252226,1001,808.500925
17.785713,1001,811.803062
19.219254,1001,815.103037
16.254482,1001,818.402996
17.262437,1001,822.380143
15.995585,1001,825.691814
17.325307,1001,828.973923
18.512445,1001,832.269173
16.547624,1001,836.402938
6.13788,364,837.729823
17.165747,1001,841.024747
17.689406,1001,844.333794
16.492463,1001,847.63268
19.261929,1001,851.608638
18.860954,1001,854.898541
18.119316,1001,858.494536
17.36478,1001,861.98827
18.438116,1001,866.077781
17.224488,1001,869.404636
18.348159,1001,872.728201
18.136502,1001,876.076455
18.14234,1001,880.226309
17.589652,1001,883.544259
18.13691,1001,886.859885
18.06685,1001,890.183302
18.82489,1001,894.394898
19.860645,1001,897.73485
16.985217,1001,901.050871
17.177927,1001,904.382599
17.04308,1001,908.424857
17.399734,1001,911.751789
18.1456,1001,915.093718
17.356682,1001,918.428839
19.844115,1001,922.459626
17.994119,1001,925.784129
18.191196,1001,929.118371
19.435456,1001,932.453357
15.698484,1001,936.466593
18.481161,1001,939.808263
17.861189,1001,943.123415
20.075655,1001,946.556616
17.408182,1001,950.60846
19.429539,1001,954.024614
18.238777,1001,957.386687
18.275128,1001,960.778579
19.792019,1001,964.867937
18.932647,1001,968.368384
18.478132,1001,971.742197
18.020208,1001,975.08656
19.673515,1001,978.429786
19.065647,1001,982.414057
19.43213,1001,985.737165
18.223404,1001,989.360156
18.065234,1001,992.769705
17.878977,1001,997.332735
18.221055,1001,1001.041886
18.08339,1001,1004.482494
18.192716,1001,1008.044805
20.476297,1001,1012.812684
20.482972,1001,1016.356697
18.127548,1001,1019.845181
21.025851,1001,1023.299078
19.408711,1001,1027.623595
19.199286,1001,1030.980082
17.635481,1001,1034.286083
17.793459,1001,1037.7917
19.625896,1001,1042.00698
20.274177,1001,1045.400118
20.905299,1001,1048.712172
19.256413,1001,1052.023005
19.814609,1001,1056.188371
19.424628,1001,1059.539429
21.146036,1001,1062.895807
16.493899,1001,1066.201178
19.392125,1001,1070.200428
15.900186,1001,1073.494837
19.0055,1001,1076.797912
19.952925,1001,1080.076031
18.118073,1001,1084.0639
18.740604,1001,1087.373888
20.972702,1001,1090.693207
20.928565,1001,1094.002762
21.528943,1001,1097.999051
21.369472,1001,1101.291598
9.3571,484,1102.988701
18.263777,1001,1106.295876
19.731726,1001,1109.594971
20.162529,1001,1113.801056
21.403584,1001,1117.118095
19.839883,1001,1120.444491
20.738327,1001,1123.767632
20.200081,1001,1127.901638
20.145393,921,1130.946493
18.408845,1001,1134.238786
20.97476,1001,1137.558346
21.154874,1001,1141.511271
21.198314,1001,1144.821225
20.771289,1001,1148.121068
21.541992,1001,1151.439671
21.73605,1001,1155.512533
20.401171,1001,1158.810498
21.981657,1001,1162.121126
17.705299,1001,1165.437086
18.710749,1001,1169.442896
9.86193,434,1170.994024
19.699615,1001,1174.300804
15.309049,764,1176.878146
21.906439,1001,1180.182921
18.777702,1001,1184.19603
21.645634,1001,1187.494824
19.790486,1001,1190.798136
20.254383,1001,1194.095616
20.192786,1001,1198.073882
0.909497,63,1198.478887
21.490447,1001,1201.79089
20.57434,1001,1205.082269
14.873481,1001,1208.389216
18.744387,1001,1212.418508
20.992243,1001,1215.733481
21.581551,1001,1219.034288
20.662081,1001,1222.338991
0.485394,76,1222.776178
21.766916,1001,1226.823075
22.258436,1001,1230.121451
18.89731,964,1233.317345
22.92699,1001,1236.618842
22.826108,1001,1240.713351
22.947168,1001,1244.023619
21.298477,1001,1247.331592
22.272487,1001,1250.630632
22.050097,1001,1253.952595
21.395691,1001,1258.127216
21.145645,1001,1261.45071
19.706931,1001,1264.769959
21.586255,1001,1268.193759
22.205031,1001,1272.251533
20.943935,1001,1275.557679
21.437058,1001,1278.861505
20.761042,1001,1282.166598
21.411988,1001,1286.340875
21.309161,1001,1289.720307
22.592645,1001,1293.061916
6.047451,346,1294.33638
23.100685,1001,1297.658698
21.462896,1001,1301.682136
22.054006,1001,1305.031031
20.745751,1001,1308.343006
21.442467,1001,1311.644096
22.420435,1001,1315.776321
22.964327,1001,1319.080761
20.573493,1001,1322.400896
22.006217,1001,1325.691731
19.950865,1001,1329.761743
20.274156,882,1332.696427
23.218228,1001,1336.007672
20.415888,1001,1339.322793
23.051613,1001,1343.380446
18.996976,852,1346.219354
23.404365,1001,1349.515297
22.426855,1001,1352.822177
22.167233,1001,1356.868804
22.294786,1001,1360.165273
23.387815,1001,1363.460273
22.300683,1001,1366.760521
22.713929,1001,1370.955751
22.69156,1001,1374.262372
23.899242,1001,1377.589295
22.920324,1001,1380.911246
20.303466,1001,1384.966322
22.344674,1001,1388.284984
22.297647,1001,1391.594405
23.239219,1001,1394.897189
21.307444,1001,1398.931805
22.594568,1001,1402.2305
21.379272,948,1405.355932
22.504012,1001,1408.638735
21.319318,1001,1411.939375
22.508283,1001,1415.975751
21.197315,1001,1419.26086
22.539593,1001,1422.562894
24.48367,1001,1425.880647
21.670709,1001,1430.09964
19.09961,1001,1433.398662
23.780284,1001,1436.710083
24.056563,1001,1440.00787
21.340771,1001,1444.150251
23.049285,1001,1447.442783
23.070484,1001,1450.757801
22.000747,1001,1454.060806
23.238278,1001,1458.096719
24.480603,1001,1461.412366
22.566238,1001,1464.708957
21.870593,1001,1468.024136
21.845533,1001,1472.247087
23.463022,1001,1475.549178
23.677416,1001,1478.856468
24.385358,1001,1482.193843
21.315186,1001,1486.419303
23.82387,1001,1489.724557
23.957007,1001,1493.022114
0.37658,251,1494.001424
22.91568,1001,1497.339192
23.258686,1001,1501.563045
22.053775,1001,1504.860149
23.34096,1001,1508.161625
0.612813,159,1508.857889
21.894016,1001,1512.171369
23.985919,1001,1516.384901
23.258142,1001,1519.697901
0.057046,94,1520.188289
22.536865,1001,1523.50317
25.014492,1001,1526.802961
23.690454,1001,1530.939556
24.474582,1001,1534.267729
21.35705,1001,1537.567871
22.983851,1001,1540.874689
23.355035,1001,1544.916284
23.657181,1001,1548.214658
21.328324,1001,1551.518985
24.23891,1001,1554.822202
22.933109,1001,1558.870183
22.585866,1001,1562.189509
22.742587,1001,1565.492577
24.56053,1001,1568.805166
21.596196,1001,1572.844521
25.08312,1001,1576.178665
23.832142,1001,1579.49266
22.307633,1001,1582.796943
22.274583,1001,1586.84171
22.916675,1001,1590.139368
22.737006,1001,1593.438532
22.121461,1001,1596.740262
24.248731,1001,1600.773416
23.274298,1001,1604.069397
23.482317,1001,1607.37707
25.104091,1001,1610.691195
22.230803,1001,1614.692231
25.132616,1001,1617.993872
22.659062,1001,1621.295137
24.926293,1001,1624.59795
24.10878,1001,1628.628174
22.748631,1001,1631.942686
25.029299,1001,1635.256403
24.016228,1001,1638.591861
25.549126,1001,1641.915109
25.601968,1001,1645.949375
24.833574,1001,1649.258063
25.614848,1001,1652.569182
24.300446,1001,1655.882981
24.409206,1001,1659.924509
24.354076,1001,1663.226399
23.906311,1001,1666.535485
23.594196,1001,1669.854678
25.544838,1001,1674.076428
24.577177,1001,1677.397315
25.046102,1001,1680.705555
24.508322,1001,1684.020939
23.017968,1001,1688.240449
23.137176,1001,1691.570951
24.088807,1001,1694.883917
24.227165,1001,1698.193244
24.94677,1001,1702.292341
23.033794,1001,1705.586133
23.097149,1001,1708.900137
25.942317,1001,1712.214847
25.000535,1001,1716.217469
24.43929,1001,1719.519582
23.947734,1001,1722.837999
26.432489,1001,1726.143751
22.519426,1001,1730.341864
24.73187,1001,1733.637046
24.226239,1001,1736.937438
26.675454,1001,1740.234717
22.592248,1001,1744.258186
24.739106,1001,1747.576568
25.209984,1001,1750.887827
26.032195,1001,1754.197379
19.936939,1001,1758.394161
25.906922,1001,1761.703607
26.502065,1001,1765.008173
25.954973,1001,1768.307842
23.919467,1001,1772.338715
24.615139,1001,1775.636253
25.018429,1001,1778.951606
24.742086,1001,1782.267602
24.51175,1001,1786.289295
24.438714,1001,1789.59014
23.862922,1001,1792.87382
25.507935,1001,1796.211632
24.40538,1001,1799.521103
24.157523,1001,1803.71451
25.010747,1001,1807.024062
24.537504,1001,1810.33248
26.191784,1001,1813.634544
25.023713,1001,1817.673368
23.841848,1001,1821.002886
23.309914,1001,1824.317121
25.817315,1001,1827.633369
24.726928,1001,1831.659832
25.172447,1001,1834.96493
24.303369,1001,1838.291722
26.361944,1001,1841.617337
24.04589,1001,1845.694823
25.937432,1001,1849.015389
24.888565,1001,1852.329291
25.638199,1001,1855.64521
24.430939,1001,1859.691968
25.901933,1001,1863.009232
25.34826,1001,1866.319084
25.116315,1001,1869.62062
23.934401,1001,1873.859412
26.211534,1001,1877.179194
25.043428,1001,1880.499627
24.944998,1001,1883.798399
23.551293,1001,1887.847228
25.213703,1001,1891.168268
25.256234,1001,1894.478039
26.35731,1001,1897.793645
26.085616,1001,1902.087856
25.792333,1001,1905.397145
25.953876,1001,1908.712843
27.096909,1001,1912.012893
24.827087,1001,1916.27204
24.55564,1001,1919.613273
27.286237,1001,1922.933019
25.684256,1001,1926.236828
25.190446,1001,1930.300352
26.890988,1001,1933.604262
24.574116,1001,1936.905107
26.648647,1001,1940.214289
24.873467,1001,1944.351866
24.368462,1001,1947.66451
27.767829,1001,1950.983883
27.751288,1001,1954.305422
26.679233,1001,1957.639551
26.16438,1001,1961.912588
26.78467,1001,1965.255948
27.50439,1001,1968.585182
26.438125,1001,1971.890136
27.045845,1001,1975.92842
25.871483,1001,1979.228595
25.672396,1001,1982.541317
25.839125,1001,1985.849304
26.155522,1001,1989.917782
25.59739,1001,1993.228271
26.378227,1001,1996.549336
25.597672,1001,1999.869452
25.639347,1001,2003.932276
25.42668,1001,2007.257401
25.857232,1001,2010.579641
26.331605,1001,2013.91977
25.928843,1001,2018.17679
27.141917,1001,2021.48871
25.514116,1001,2024.802841
26.919355,1001,2028.130816
25.53557,1001,2032.378463
24.972505,1001,2035.702568
23.232436,1001,2039.00493
26.270366,1001,2042.308885
26.174314,1001,2046.358835
27.385216,1001,2049.69879
27.392779,1001,2053.014934
26.271055,1001,2056.322105
26.536325,1001,2060.367915
25.265972,1001,2063.67489
28.066618,1001,2066.988738
25.600818,1001,2070.295404
27.350941,1001,2074.590228
26.303069,1001,2077.908094
26.039422,1001,2081.205569
27.32147,1001,2084.511221
24.762477,1001,2088.72414
26.367497,1001,2092.037737
25.078517,1001,2095.337451
25.804058,1001,2098.666517
25.92675,1001,2102.716109
24.800092,1001,2106.045803
27.137249,1001,2109.360412
25.944917,1001,2112.705114
26.734321,1001,2116.001888
27.888318,1001,2120.025109
26.839204,1001,2123.319064
25.949627,1001,2126.644308
26.94711,1001,2129.945231
27.084967,1001,2134.182348
26.638038,1001,2137.484402
26.719892,1001,2140.779625
26.138499,1001,2144.068578
27.026543,1001,2148.247244
25.412929,1001,2151.538436
26.96077,1001,2154.854306
26.973047,1001,2158.153704
28.013825,1001,2162.276797
25.991134,1001,2165.569875
27.383331,1001,2168.867227
27.680312,1001,2172.17517
24.993262,1001,2176.173871
26.037172,1001,2179.466521
23.126772,1001,2182.751519
25.262365,1001,2186.050129
26.005804,1001,2190.085027
26.57894,1001,2193.392818
27.055122,1001,2196.687847
27.551541,1001,2199.999114
26.899458,1001,2204.02502
26.623045,1001,2207.324434
26.387494,1001,2210.629723
25.653293,1001,2213.939744
26.146748,1001,2218.131896
27.624144,1001,2221.429111
27.090996,1001,2224.733769
27.190743,1001,2228.060164
27.11145,1001,2232.090466
25.217419,1001,2235.38414
28.034097,1001,2238.703266
25.690291,1001,2242.02474
28.472327,1001,2246.056868
26.893223,1001,2249.354454
26.497131,1001,2252.665947
27.438441,1001,2255.971731
26.365634,1001,2260.02894
28.188806,1001,2263.339082
26.805236,1001,2266.648751
25.500164,1001,2269.951757
28.74294,1001,2273.276823
27.338251,1001,2277.316727
24.491347,1001,2280.613997
28.219695,1001,2283.930714
27.507923,1001,2287.243661
28.430947,1001,2291.280689
27.420344,1001,2294.594119
28.190391,1001,2297.898075
27.811816,1001,2301.2113
27.143431,1001,2305.498312
28.005341,1001,2308.818208
28.118322,1001,2312.14498
27.895973,1001,2315.469061
26.746396,1001,2319.767985
28.059791,1001,2323.130532
27.186042,1001,2326.442044
28.160009,1001,2329.748555
27.862176,1001,2333.81219
27.187058,1001,2337.116643
26.810071,1001,2340.423457
28.46288,1001,2343.73415
28.154034,1001,2347.788435
28.851834,1001,2351.107838
26.886594,1001,2354.419436
28.787409,1001,2357.718994
27.828919,1001,2361.939638
28.083272,1001,2365.243542
28.476931,1001,2368.570196
26.398674,1001,2371.895522
28.842474,1001,2375.966003
28.841297,1001,2379.298718
28.347948,1001,2382.6149
27.546676,1001,2385.93327
29.043398,1001,2389.971857
25.688706,1001,2393.290629
27.617101,1001,2396.588436
27.961357,1001,2399.899917
28.517511,1001,2404.120347
27.323889,1001,2407.43672
27.214998,1001,2410.749644
27.038771,1001,2414.091816
26.144857,1001,2417.416987
29.56831,1001,2421.47766
28.76388,1001,2424.838768
27.42709,1001,2428.224375
27.893204,1001,2431.554031
28.105066,1001,2435.658102
27.812179,1001,2438.968048
28.283079,1001,2442.277784
27.916579,1001,2445.577739
27.151215,1001,2449.604146
18.990165,653,2451.836063
27.603045,1001,2455.160339
29.338712,1001,2458.501918
28.337005,1001,2462.614026
27.857429,1001,2465.953495
27.765454,1001,2469.299497
28.756848,1001,2472.62752
28.826664,1001,2476.837252
27.540604,1001,2480.164032
26.785507,1001,2483.491182
27.857715,1001,2486.812359
27.901816,1001,2491.027407
27.310554,1001,2494.35663
27.4583,1001,2497.682907
28.465897,1001,2501.003179
27.149708,1001,2505.052569
28.156752,1001,2508.376922
28.061172,1001,2511.706659
27.882915,1001,2515.032651
28.068248,1001,2519.081865
28.290211,1001,2522.465539
27.936065,1001,2525.793172
28.21782,1001,2529.121365
28.828194,1001,2532.4813
28.215652,1001,2536.472984
26.66323,1001,2539.783957
28.778259,1001,2543.113245
27.720357,1001,2546.448601
28.429888,1001,2550.473858
27.276914,1001,2553.806973
27.1142,1001,2557.130114
27.250374,1001,2560.459519
29.400564,1001,2564.459986
29.470144,1001,2567.800684
26.947141,1001,2571.111288
28.12279,1001,2574.436014
27.048859,1001,2578.530227
28.182343,1001,2581.862422
27.839809,1001,2585.189183
26.26203,1001,2588.525892
27.424332,1001,2592.53539
26.789543,1001,2595.8605
28.314559,1001,2599.197086
27.436837,1001,2602.527302
28.230833,1001,2606.6517
26.646602,1001,2609.956448
26.280566,1001,2613.271378
28.95941,1001,2616.594368
26.346124,1001,2620.575876
28.843325,1001,2623.904424
27.452322,1001,2627.213741
27.190423,1001,2630.521478
28.38075,1001,2634.496355
25.426259,1001,2637.846592
27.232902,1001,2641.164294
26.437282,1001,2644.485992
27.289105,1001,2648.469686
29.705584,1001,2651.805078
26.61914,1001,2655.137083
28.123963,1001,2658.472865
28.454099,1001,2662.59412
29.583604,1001,2665.896993
27.503456,1001,2669.203272
27.908605,1001,2672.529975
25.467372,1001,2675.823243
25.957289,1001,2679.927896
27.920493,1001,2683.239706
27.024832,1001,2686.552962
28.353857,1001,2689.869628
28.370162,1001,2693.837878
24.823941,1001,2697.13536
27.63564,1001,2700.440889
27.516697,1001,2703.745301
27.484664,1001,2707.703686
25.623598,1001,2711.010176
28.359489,1001,2714.317716
29.493401,1001,2717.642237
28.673545,1001,2721.675313
28.73878,1001,2724.982782
27.606491,1001,2728.292711
28.422411,1001,2731.62177
26.801312,1001,2735.600032
27.445417,1001,2738.921056
27.341964,1001,2742.274766
29.815602,1001,2745.627405
27.175685,1001,2749.661656
26.707284,1001,2753.030634
26.640359,1001,2756.349832
27.59489,1001,2759.64849
29.306609,1001,2763.791901
29.326695,1001,2767.110868
25.831354,1001,2770.422534
25.844174,1001,2773.739901
27.654245,1001,2777.810469
26.936423,1001,2781.122805
25.334596,1001,2784.445235
28.504825,1001,2787.749387
26.053554,1001,2791.713217
27.299432,1001,2795.038433
27.648421,1001,2798.35184
28.624811,1001,2801.679749
27.499212,1001,2805.674452
27.40829,1001,2808.988345
28.524377,1001,2812.315775
27.458574,1001,2815.633634
25.880814,1001,2819.606747
27.920249,1001,2822.907521
27.797645,1001,2826.232384
27.602394,1001,2829.536129
26.650937,1001,2832.846522
28.342189,1001,2837.011553
28.175621,1001,2840.32875
29.21282,1001,2843.669262
28.070955,1001,2847.025655
28.958446,1001,2850.998829
28.167018,1001,2854.326997
28.100793,1001,2857.63148
28.137677,1001,2860.937862
29.627674,1001,2864.898119
27.75385,1001,2868.217462
30.388122,1001,2871.538848
29.324701,1001,2874.869734
28.198201,1001,2878.994901
29.57587,1001,2882.334382
29.52016,1001,2885.653413
28.506842,1001,2888.972006
28.011423,1001,2892.953297
28.153469,1001,2896.271859
29.551855,1001,2899.589585
27.641487,1001,2902.898927
29.534513,1001,2907.01454
28.434207,1001,2910.332838
27.551267,1001,2913.652392
29.904217,1001,2916.978355
28.360093,1001,2921.092769
27.15667,1001,2924.433611
27.810081,1001,2927.736818
29.72613,1001,2931.074917
26.282654,1001,2935.111166
29.231134,1001,2938.431512
27.880409,1001,2941.757187
29.186809,1001,2945.067723
30.006644,1001,2949.193568
28.64971,1001,2952.544485
28.478399,1001,2955.869826
29.194334,1001,2959.190579
28.782336,1001,2963.162262
29.138686,1001,2966.481808
29.121957,1001,2969.804939
29.699662,1001,2973.131304
28.91502,1001,2977.09757
28.468443,1001,2980.421628
30.235204,1001,2983.757695
29.118163,1001,2987.091032
27.13994,1001,2990.404404
29.631333,1001,2994.519313
26.338798,1001,2997.83117
28.171288,1001,3001.15518
27.067995,1001,3004.466292
29.929393,1001,3008.437146
29.185243,1001,3011.738828
29.949285,1001,3015.061041
30.153034,1001,3018.387714
29.386986,1001,3022.367981
29.047884,1001,3025.693114
27.39101,1001,3029.00718
27.751166,1001,3032.319794
30.040741,1001,3036.296745
29.518012,1001,3039.618405
27.851576,1001,3042.930873
30.105315,1001,3046.243767
27.803492,1001,3050.24003
28.802888,1001,3053.559453
30.086285,1001,3056.91895
30.090344,1001,3060.248544
30.499384,1001,3064.239342
25.877304,1001,3067.559218
28.764374,1001,3070.895166
31.174889,1001,3074.21696
28.812155,1001,3078.338993
28.525377,1001,3081.642411
29.101573,1001,3084.970544
29.106366,1001,3088.28438
28.798442,1001,3092.375149
27.989684,1001,3095.695502
28.564316,1001,3099.024284
30.382045,1001,3102.352018
29.449441,1001,3106.472244
28.467665,1001,3109.786218
31.170726,1001,3113.111278
27.948143,1001,3116.407768
28.90966,1001,3120.368591
29.017312,1001,3123.691889
29.690517,1001,3127.011045
26.036452,1001,3130.321139
30.113165,1001,3134.444207
28.406712,1001,3137.761227
28.903202,1001,3141.088311
28.134272,1001,3144.411924
31.215303,1001,3147.725679
28.932923,1001,3151.700335
29.300846,1001,3155.024796
28.677011,1001,3158.338644
29.323994,1001,3161.695933
30.767081,1001,3165.73338
29.464504,1001,3169.053027
30.156491,1001,3172.399408
29.067133,1001,3175.719913
30.076222,1001,3179.696451
29.688983,1001,3183.015065
28.694599,1001,3186.326277
28.074483,1001,3189.656969
29.85111,1001,3193.63563
29.506654,1001,3196.956895
30.037144,1001,3200.293592
30.49097,1001,3203.629074
28.252439,1001,3207.60601
28.508312,1001,3210.92176
29.765756,1001,3214.261399
29.299012,1001,3217.594551
30.516399,1001,3221.579912
29.181263,1001,3224.893363
28.819342,1001,3228.219756
29.756223,1001,3231.531566
29.200757,1001,3235.682131
29.326376,1001,3239.00884
25.905713,1001,3242.324895
30.017923,1001,3245.641709
29.820257,1001,3249.626948
30.336794,1001,3252.945692
28.754011,1001,3256.260633
30.15791,1001,3259.589728
30.503597,1001,3263.647818
28.040329,1001,3266.99014
29.573098,1001,3270.312946
29.767328,1001,3273.633565
30.193298,1001,3277.611962
27.639529,1001,3280.924032
31.251397,1001,3284.249443
29.144279,1001,3287.572029
29.417865,1001,3291.761237
30.595624,1001,3295.099108
31.75211,1001,3298.419693
29.654284,1001,3301.729371
29.846477,1001,3305.049464
31.503667,1001,3309.112055
29.497015,1001,3312.436175
29.620153,1001,3315.761524
29.588722,1001,3319.09272
30.675453,1001,3323.29312
29.537331,1001,3326.624484
29.148225,1001,3329.957107
30.781872,1001,3333.273182
28.050161,1001,3337.253889
29.518304,1001,3340.58791
28.865721,1001,3343.974411
28.913981,1001,3347.286606
29.054801,1001,3351.25356
28.399133,1001,3354.598382
31.198895,1001,3357.91883
27.971568,1001,3361.22198
31.064234,1001,3365.226207
29.721785,1001,3368.565645
30.489921,1001,3371.918808
29.955636,1001,3375.233185
28.999009,1001,3379.208268
26.611701,1001,3382.523772
28.925562,1001,3385.842645
27.597721,1001,3389.157427
29.197495,1001,3393.132183
30.520935,1001,3396.444842
29.843653,1001,3399.7798
30.424382,1001,3403.116808
28.512054,1001,3407.08644
29.681272,1001,3410.409844
30.926678,1001,3413.731933
29.877261,1001,3417.050962
30.338245,1001,3421.03085
28.605959,1001,3424.373482
30.727529,1001,3427.790891
29.945413,1001,3431.11834
29.299662,1001,3435.142025
29.015052,1001,3438.463115
30.409646,1001,3441.802319
29.373518,1001,3445.1493
30.602286,1001,3449.152411
31.397125,1001,3452.528392
31.056119,1001,3455.889827
32.575344,1001,3459.238454
28.652812,1001,3462.577223
30.638742,1001,3466.542665
31.366289,1001,3469.880586
29.580721,1001,3473.21092
32.274478,1001,3476.561165
29.642257,1001,3480.538961
28.862248,1001,3483.878479
30.134679,1001,3487.202379
31.138229,1001,3490.517125
30.756226,1001,3494.545521
29.259874,1001,3497.862114
28.640441,1001,3501.169061
30.619836,1001,3504.512397
31.533964,1001,3508.487117
30.288236,1001,3511.816783
31.523142,1001,3515.136972
29.535911,1001,3518.460813
