#{"t_start": 1704884785.507193, "env_id": "None"}
r,l,t
0.083504,20,0.514405
0.0,18,0.83101
2.086742,196,1.78594
0.029918,20,2.075474
0.02686,19,2.362083
0.043462,19,2.682404
0.025937,22,3.015985
0.02115,20,3.339576
0.063469,19,3.668073
0.021554,20,3.986601
0.139958,22,4.310118
0.047991,22,4.633041
0.018596,19,4.945874
0.0,20,5.251487
0.045842,21,5.593332
1.654642,399,7.363662
0.020526,19,7.764187
0.071851,19,8.196714
0.04903,20,8.552292
0.322117,116,9.559354
0.024938,20,10.061492
0.0,21,10.648961
0.224245,21,11.2627
0.0,18,11.828595
0.033097,20,12.267892
0.132864,23,12.696433
0.11085,28,13.121607
0.786903,59,13.613993
0.329828,110,14.518456
0.096842,21,14.869907
0.174809,26,15.287617
0.064479,22,15.660354
0.069844,22,16.021456
0.026316,20,16.375581
0.936341,155,17.266979
0.028776,19,17.56749
0.109234,22,17.876896
0.038989,18,18.188584
0.112991,21,18.487887
0.0,19,18.785796
0.971833,157,19.566239
0.083621,21,19.875459
0.0,21,20.178649
0.039988,19,20.484426
0.14262,24,20.801215
0.057447,21,21.116492
0.134089,21,21.411921
0.046297,23,21.720914
0.1713,22,22.033843
0.078039,22,22.3346
0.079352,19,22.66555
0.071554,21,22.978665
0.156947,26,23.303592
0.018682,20,23.605847
0.196426,22,24.016579
0.0,21,24.450691
0.256794,30,24.801699
0.015284,24,25.121379
0.085186,20,25.43015
0.02094,18,25.70709
0.011582,18,25.995527
0.058087,19,26.274634
0.020255,21,26.565573
0.017664,17,26.881416
0.152189,23,27.184894
4.437012,282,28.404951
0.15578,24,28.704582
0.212555,76,29.184572
0.0,20,29.467168
0.10434,20,29.820248
0.016263,21,30.144008
0.882352,296,31.638679
0.104508,21,31.952605
0.220092,71,32.473289
0.0,20,32.782752
0.144353,19,33.134954
0.008097,19,33.443546
0.051106,21,33.746926
0.053281,20,34.035085
0.075059,20,34.336503
1.096352,114,35.022577
0.372256,122,35.799907
0.086166,25,36.14874
0.035247,22,36.533494
2.851536,286,37.886724
0.042699,21,38.206192
0.035246,21,38.53583
0.148517,26,38.867589
0.375194,155,41.36832
0.035647,19,41.690152
0.964661,59,42.22104
0.049463,19,42.537406
0.475569,115,43.237745
0.194072,22,43.534665
0.02473,18,43.82608
0.06673,23,44.126753
0.140504,24,44.430099
0.087717,22,44.718133
0.122784,24,45.020061
0.215288,93,45.555992
0.071207,21,45.854838
0.1278,21,46.187477
0.789112,130,46.92969
0.00919,20,47.296588
0.028089,20,47.65401
0.14562,129,48.509502
0.032845,18,48.875874
0.052088,20,49.239199
0.0,19,49.536335
0.071835,22,49.853699
0.052844,18,50.14816
0.045005,19,50.445608
0.976845,202,51.440323
0.052051,20,51.759751
0.0,19,52.044897
0.112882,24,52.353164
0.060913,21,52.658547
0.012796,20,52.949
0.050618,23,53.250684
0.402746,72,53.73933
0.135844,19,54.060402
0.049946,18,54.356148
0.356401,26,54.739195
0.0,21,55.075328
5.010131,340,56.536506
0.036527,18,56.81813
0.869873,168,57.662015
0.003273,19,57.943549
0.100183,21,58.230561
0.45717,169,59.050148
0.058946,19,59.338482
0.102965,22,59.632468
0.0,22,59.950181
0.465506,203,60.999686
0.033414,19,61.294558
0.045399,19,61.574456
0.423261,99,62.191235
1.909466,364,63.876498
0.012325,23,64.187671
0.083899,23,64.527757
0.135459,23,64.855682
0.059645,20,65.258631
0.426357,108,66.224075
0.0,21,66.581865
0.062572,22,66.876207
0.024142,18,67.178435
0.048014,21,67.492305
0.0,18,67.774337
0.0,19,68.071678
0.059171,27,68.395222
0.233894,62,68.860896
0.0075,22,69.174817
0.056261,18,69.481472
0.093972,24,69.790796
0.022419,22,70.107147
0.0,20,70.405447
0.055025,21,70.705304
0.023826,21,71.127551
0.094253,20,71.457141
0.47141,191,72.39529
0.083282,25,72.835468
0.0,21,73.132545
0.0,19,73.451793
0.030614,19,73.733312
0.064906,20,74.030761
0.073823,22,74.332398
0.056744,21,74.630704
0.101436,19,74.915619
0.795582,72,75.386569
0.047129,25,75.68853
0.00885,20,75.975615
0.148464,74,76.45744
0.03202,18,76.728685
0.402359,89,78.181078
0.039614,20,78.490488
0.0,19,78.792198
0.095797,24,79.125707
0.078108,22,79.429526
0.0,21,79.740542
0.0,22,80.044305
1.186094,257,81.21576
0.0,19,81.50857
0.091651,21,81.79955
1.225144,298,83.090472
5.326698,264,84.278758
0.018198,17,84.55398
0.26297,21,84.863843
0.077267,22,85.208043
0.0,19,85.573134
0.878404,143,86.31402
0.084289,20,86.606684
0.192382,23,86.90427
0.016141,21,87.296391
0.390618,115,87.954619
0.121006,19,88.25397
0.100153,20,88.555755
0.094677,21,88.849
0.078345,24,89.149801
0.050476,22,89.446592
0.003161,21,89.73684
0.099092,20,90.013375
0.049687,24,90.320368
0.054446,19,90.603824
0.025744,20,90.885839
0.054288,19,91.167464
0.0,19,91.4402
0.0,19,91.723505
0.0,22,92.013607
0.071696,20,92.293797
0.09321,20,92.576605
0.0,20,92.866303
0.84383,133,93.553488
0.132335,23,93.8466
0.08129,20,94.134185
0.027381,21,94.419392
0.040442,18,94.692573
0.080097,23,94.987144
0.04206,22,95.274323
0.060677,20,95.556525
0.096143,21,95.845069
0.051128,18,96.125104
14.257106,587,98.394063
0.227536,25,98.699419
0.068693,22,98.986411
0.019103,18,99.264537
0.034704,18,99.542494
0.053077,21,99.828829
0.08154,23,100.120112
0.023834,21,100.403819
0.107961,19,100.67895
0.0,20,100.968561
0.001255,19,101.252063
0.064094,22,101.539203
0.0,18,101.812898
3.206087,260,102.94513
0.001066,18,103.215376
0.568408,108,103.801273
0.082087,23,104.100383
0.355052,133,104.777339
0.681824,146,105.491992
0.002962,17,105.760166
0.209109,21,106.046902
0.128497,26,106.349664
0.102586,21,106.677421
0.167931,98,107.291402
1.689649,72,107.759595
0.028325,21,108.048748
0.067952,21,108.367068
0.005364,21,108.68939
0.0,20,109.014294
0.038035,21,109.349564
0.085691,23,109.658439
0.020646,24,109.94767
0.015952,19,110.223655
0.891271,164,111.796706
0.193513,25,112.100341
0.049641,22,112.39233
0.171245,74,112.861811
0.101254,22,113.159749
0.058912,23,113.4567
0.474844,73,113.92654
0.055165,20,114.211549
0.095338,29,114.5324
0.235764,76,115.030216
0.173808,211,116.006224
0.021902,17,116.278003
0.620419,128,116.938125
0.036999,20,117.225713
0.316514,120,117.86034
0.139895,25,118.159539
0.538534,161,118.930947
0.051778,22,119.223667
0.064943,21,119.507362
0.083256,18,119.780448
0.069806,32,120.112039
0.064368,19,120.39619
0.584967,168,121.206813
0.138547,25,121.563348
0.0,19,121.868994
0.214843,23,122.196484
13.492203,318,123.576569
0.060849,21,123.860482
0.051805,21,124.156462
1.019138,284,125.709226
0.0,20,126.026568
0.0,21,126.328647
0.185053,29,126.65509
0.119738,21,126.940344
0.235689,70,127.399146
0.01197,19,127.689369
0.002795,20,128.009485
0.573709,106,128.660024
0.061818,21,128.950729
0.046346,21,129.266967
0.196925,69,129.776254
0.024166,21,130.079877
0.463834,71,130.561362
0.032221,22,130.857599
0.0,19,131.135965
0.0,20,131.434156
0.935782,282,132.618929
0.125912,21,132.912704
0.086668,26,133.215763
0.061689,23,133.517614
2.84278,618,136.031123
0.362156,66,136.516957
0.010732,19,136.813588
3.502416,354,139.076421
0.071788,22,139.376824
0.221593,22,139.659739
2.125609,390,141.259386
1.034157,166,142.04902
5.815307,211,143.016852
0.635902,195,144.004129
0.281683,73,144.512617
0.073815,20,144.824229
0.092157,23,145.11581
0.105621,19,145.411716
0.519641,242,146.593892
0.0,20,146.891722
1.34776,334,148.276851
0.181843,24,148.572103
0.03447,24,148.874378
0.073313,19,149.185326
0.00528,19,149.50359
0.040951,22,149.824664
0.052455,20,150.101056
0.029177,21,150.394591
0.149065,21,150.686371
0.535263,80,151.180677
1.842863,442,152.932006
0.232163,26,153.233124
0.078596,19,153.510125
0.900815,232,154.537982
0.0,19,154.814321
0.041035,19,155.088506
0.137762,23,155.37998
0.843639,146,156.107888
0.098229,18,156.391408
1.050563,247,157.510043
0.0,19,157.799182
1.485461,269,159.047098
5.295662,312,160.45615
0.0,17,160.728069
6.885814,229,161.770571
0.0,17,162.044258
0.023836,21,163.138129
0.195668,88,163.652278
0.1242,20,163.932245
0.023994,20,164.220575
4.733511,456,166.140449
0.386604,72,166.659708
0.082037,18,166.959651
0.087575,22,167.291052
0.11963,25,167.591581
0.388351,61,168.013931
0.399109,79,168.514212
0.017824,20,168.79678
0.023129,20,169.114061
0.279787,79,169.671248
0.08682,21,169.960738
1.26464,376,171.48043
0.024598,20,171.761734
0.028889,22,172.05316
0.077161,21,172.351132
0.0,18,172.663353
0.153442,93,173.296979
0.244604,66,173.786058
0.743553,133,174.475282
0.031516,23,174.769202
2.386416,431,176.490982
0.0,19,176.765332
17.183291,548,178.885252
0.197505,20,179.162952
0.027301,19,179.437343
0.489496,167,180.240039
0.016077,21,180.550339
0.875872,218,181.687718
2.059125,402,183.340871
0.035163,24,183.642512
0.035647,17,183.914737
0.033253,22,184.224668
0.053858,24,184.546492
0.063132,20,184.864072
0.127762,19,185.158102
0.972274,326,186.546217
0.443588,120,188.291792
0.104398,20,188.587109
23.898688,602,190.906273
15.30789,618,193.283941
0.096115,22,193.582863
1.106181,75,194.062386
0.416954,172,194.873198
0.587305,214,195.828709
0.041681,18,196.102306
3.490953,457,197.948342
0.05111,22,198.279851
0.081011,20,198.605232
0.607435,137,199.321362
0.018879,19,199.617063
0.104846,24,199.927827
7.926249,552,202.075204
0.002468,21,202.360732
1.447894,247,203.435658
0.143917,21,203.726517
6.227228,349,205.541316
0.100714,26,206.035257
1.665319,539,209.638391
0.034386,22,210.022168
0.241298,91,210.981689
9.168391,282,212.77897
0.130421,71,213.313814
17.329939,417,215.129865
0.107752,19,215.448946
3.447636,677,218.639752
0.8726,228,219.714852
0.051648,18,220.009442
0.053617,18,220.300129
0.130033,24,220.606523
0.15011,21,220.923314
0.030419,22,221.260561
1.227427,235,222.351227
5.223707,878,226.5238
0.075804,18,226.929022
5.321294,441,230.317874
1.909831,416,233.26797
0.578074,97,235.405179
0.034487,23,235.725415
0.62025,162,236.548298
9.030903,712,239.669534
2.267226,407,241.40274
0.054734,21,241.727507
0.116441,21,242.034611
2.545248,754,245.358113
2.697644,310,246.718183
0.042816,24,247.037315
0.083949,19,247.327733
1.673461,285,248.721261
0.018543,21,249.107764
0.061498,18,249.445552
0.0914,19,249.776078
0.228454,25,250.087709
0.265887,25,250.398518
4.213762,170,251.224247
0.041752,20,251.508129
0.026371,20,251.79534
1.114838,217,252.772139
0.177016,23,253.073155
0.554613,162,253.854938
3.144822,191,254.745667
0.0,22,255.046711
0.103901,19,255.345913
2.220307,456,258.20187
3.31196,1001,262.111779
4.201814,896,266.577205
0.0,19,266.899149
1.477744,609,269.497768
0.30706,118,270.35575
1.425954,234,271.464575
0.040649,22,271.773452
5.095466,989,275.862405
3.725674,625,279.212273
5.543246,1001,282.952327
4.324698,1001,287.012318
4.30288,897,290.537709
1.28193,144,291.401095
1.618096,359,292.898429
0.805324,263,294.949129
2.841609,627,297.408837
4.96076,661,300.127928
0.772157,121,300.781724
0.034953,21,301.075399
2.098618,412,302.772992
9.734243,1001,306.968007
1.244245,289,308.234444
5.225527,584,310.573463
5.29005,202,311.537931
0.13952,25,311.873856
2.308188,268,314.02978
6.104569,539,316.192794
3.028869,789,319.285714
1.710573,92,319.956314
0.121222,20,320.293051
1.570922,336,321.953891
0.197418,22,322.259049
4.733512,1001,326.790735
2.756334,161,327.709473
2.048986,91,328.268482
0.101006,19,328.553134
0.055537,19,328.841731
33.74823,860,333.294089
0.120009,20,333.602736
11.401528,467,335.487843
8.187399,216,336.511399
0.250157,24,336.830588
16.401507,565,339.371389
4.693241,481,341.541211
0.426673,303,342.880376
0.226952,23,343.185289
1.017729,193,344.086903
1.638222,429,345.821272
1.897776,437,347.713632
28.7832,1001,352.816545
1.770962,419,354.527452
22.475648,750,357.494066
12.066171,653,360.042516
4.163008,1001,363.843788
3.099615,675,366.579213
18.925219,1001,372.604854
8.848835,434,374.422871
0.612942,139,375.223494
0.145277,22,375.541564
5.858761,960,379.223176
4.093143,925,382.978269
24.8964,1001,386.998366
4.52073,1001,392.228921
4.266569,1001,396.328402
7.773082,353,397.84053
2.812945,718,400.837225
2.354366,462,402.78516
3.209762,501,404.759415
13.192398,402,407.268108
4.987589,1001,412.07147
30.78253,1001,416.000046
36.503005,1001,419.888787
1.269414,349,421.325362
4.670252,784,425.229075
1.83477,375,426.752323
4.526815,976,430.491821
3.926923,1001,434.22403
7.372734,904,437.600717
6.495866,864,441.63596
20.450982,828,444.846198
2.99156,638,447.283134
1.117424,339,448.675929
14.726616,1001,452.374215
4.176556,1001,456.876631
0.90581,253,457.97519
13.39847,180,458.818397
3.353839,670,461.493008
24.984068,1001,465.197717
0.049751,19,465.480902
0.664057,374,466.981903
3.714777,602,469.292265
1.829048,409,470.928621
5.316706,987,475.36368
5.532128,1001,479.204206
3.552078,566,481.378934
26.254294,396,482.96444
41.176468,1001,486.663443
3.609539,1001,491.226943
7.448083,178,492.068111
2.680949,104,492.643983
25.343908,886,496.068081
9.905362,213,497.014329
2.599381,833,500.153324
18.123341,602,502.504522
6.713053,1001,507.269773
3.073855,644,509.753872
0.163177,23,510.082251
32.959389,722,512.887388
6.049962,1001,516.651193
2.069251,409,518.30069
10.363873,474,520.207288
19.311498,1001,524.851617
4.47633,1001,528.700391
11.42635,563,530.895744
3.250015,485,532.7943
9.986068,577,535.024481
9.543811,333,536.407188
21.063088,1001,540.900541
0.059518,23,541.191453
4.904489,1001,545.028131
22.975468,831,548.124705
9.53103,789,551.095625
36.102936,1001,554.816707
4.58465,1001,559.31862
4.292686,1001,563.111809
20.295922,475,564.98839
18.810226,1001,568.700357
3.866033,855,571.872185
24.658468,1001,576.460859
5.155484,1001,580.188783
0.08416,22,580.478833
21.039299,1001,584.184722
9.394769,576,586.406713
16.189235,1001,590.93002
1.971948,407,592.656681
4.66182,1001,596.372675
33.484186,1001,600.067997
17.726286,1001,603.756639
53.638068,1001,608.262163
19.930027,1001,612.134196
4.4659,1001,615.911942
6.968506,1001,619.801282
1.43926,318,621.128774
5.229737,1001,625.799096
5.819823,1001,629.503294
15.60145,977,633.119044
19.732614,1001,636.867866
5.948387,1001,641.382883
4.935433,1001,645.523706
6.002364,1001,649.237359
18.355971,959,652.851759
5.332744,1001,657.361334
17.61046,1001,661.18179
21.440176,1001,664.905376
23.959817,1001,668.579207
41.909599,1001,673.08701
7.02697,1001,676.937707
5.320365,1001,680.639298
22.18836,1001,684.324619
5.741175,1001,689.001239
5.977393,1001,692.806287
6.674762,1001,696.530795
13.35281,1001,700.218412
19.766089,1001,704.715647
18.513283,1001,708.552412
6.31064,1001,712.252635
17.384364,1001,715.979704
31.509763,1001,720.474524
24.166423,798,723.441679
33.258998,967,727.113022
28.927821,1001,730.898197
24.706307,1001,734.752055
6.736557,1001,739.482738
0.138437,19,739.782224
0.02785,20,740.082688
30.732355,1001,743.893949
22.531464,1001,747.624905
0.127231,18,747.901636
4.978337,1001,751.601486
16.150299,1001,756.109651
42.35562,1001,760.018628
6.50766,1001,763.919154
0.60656,79,764.425426
0.198111,20,764.718065
5.68702,1001,768.424258
9.764387,1001,772.990521
7.978562,1001,776.837932
5.835887,1001,780.583432
8.427025,1001,784.286262
7.152762,1001,788.771753
6.137837,1001,792.598357
30.244057,1001,796.30729
7.838971,1001,800.054342
7.332476,1001,804.531846
16.113526,1001,808.355049
28.341746,1001,812.057006
19.261289,1001,815.776285
23.187716,1001,820.257774
34.225553,1001,824.066889
34.973746,1001,827.76499
7.02588,1001,831.4705
18.505989,1001,835.95599
36.322468,1001,839.778498
7.555577,1001,843.491142
10.411244,1001,847.209225
7.425687,1001,851.843393
6.768691,1001,855.684927
6.604992,1001,859.422412
29.683674,1001,863.375939
0.122673,18,863.659264
33.980725,1001,868.187657
6.624901,1001,872.025096
7.07285,1001,875.747386
23.708381,1001,879.502452
7.341293,1001,884.025523
53.456491,1001,888.043124
7.802441,1001,891.886344
33.669203,1001,895.630838
75.588409,1001,900.127911
29.250209,1001,903.883655
8.558205,1001,907.698017
6.536014,1001,911.421575
6.532282,1001,915.90778
13.237658,1001,919.63213
7.020153,1001,923.417847
6.223468,1001,927.11683
7.899307,1001,931.616975
7.437389,1001,935.313864
8.03547,1001,939.132621
17.910246,1001,942.859368
7.917242,1001,946.567239
19.936641,1001,951.062211
43.629459,1001,954.890489
16.242559,1001,958.599697
8.079714,1001,962.629437
22.513588,1001,967.195465
38.607831,1001,971.124455
19.053531,1001,975.119071
27.733392,589,977.413189
6.65611,1001,981.966708
5.777984,1001,985.800356
7.055692,866,989.067355
66.143672,1001,992.795927
7.41257,1001,997.379017
23.895811,1001,1001.106747
8.326733,1001,1005.171735
28.53837,1001,1008.902437
7.793334,1001,1013.401536
22.599436,1001,1017.147796
7.608902,1001,1020.992194
20.401647,1001,1024.738881
19.426661,1001,1028.479704
13.073513,1001,1032.960699
8.159706,1001,1036.815241
7.366231,1001,1040.626934
53.152126,1001,1044.326639
32.63213,1001,1048.829967
6.91572,1001,1052.687798
27.777323,1001,1056.430407
6.62139,1001,1060.145198
7.249541,1001,1064.632946
6.456092,1001,1068.433523
80.382048,1001,1072.140648
24.274593,1001,1075.886581
7.85453,1001,1080.391268
7.217328,1001,1084.202497
35.543103,1001,1087.949297
41.26429,1001,1091.73279
10.002047,1001,1096.557533
7.077652,1001,1100.390533
46.999619,1001,1104.188767
18.363518,1001,1107.945719
7.15038,1001,1112.44236
7.766875,1001,1116.190309
6.817064,1001,1120.098828
7.69743,1001,1124.045165
29.326576,1001,1128.592655
46.945931,1001,1132.368279
23.479667,1001,1136.225578
7.048526,1001,1140.014331
7.1725,1001,1144.588954
7.006673,1001,1148.376487
6.643723,1001,1152.295762
8.884156,1001,1156.09234
41.709107,1001,1160.651561
6.948767,1001,1164.390939
7.040938,1001,1168.314419
7.549691,1001,1172.041107
47.379057,1001,1176.57642
31.070047,1001,1180.3299
7.492112,1001,1184.210166
1.071827,156,1184.974085
50.501201,1001,1188.786824
7.406339,1001,1193.3888
25.914089,1001,1197.101269
11.615773,1001,1200.990273
8.215682,1001,1204.732499
9.42595,1001,1209.486487
7.258409,1001,1213.247775
6.276466,1001,1217.107998
7.390733,1001,1221.288089
46.291938,1001,1225.888087
27.4326,1001,1229.72816
16.620113,1001,1233.61671
24.053389,1001,1237.398528
27.021132,1001,1241.239934
27.046209,1001,1245.82566
22.766975,1001,1249.768959
19.86671,1001,1253.736304
23.671268,1001,1257.478196
4.095046,636,1260.713606
8.293926,1001,1264.491016
6.611576,1001,1268.358198
6.825256,1001,1272.088025
15.718657,1001,1276.655997
8.61685,1001,1280.404273
52.614706,1001,1284.243681
33.538421,1001,1287.972618
7.683081,1001,1292.508632
10.597254,1001,1296.293074
10.209796,1001,1300.167667
7.831705,1001,1303.893797
28.499513,1001,1308.427183
9.602932,1001,1312.207768
43.34578,1001,1315.996741
9.145799,1001,1319.873902
6.914803,1001,1324.430672
7.469779,1001,1328.199732
7.281727,1001,1331.996341
20.86564,1001,1336.102929
38.150731,1001,1339.882547
8.463023,1001,1344.360619
7.829551,1001,1348.108911
33.658795,1001,1351.985761
22.495089,1001,1355.750775
8.029997,1001,1360.295297
18.09638,1001,1364.151869
47.540255,1001,1368.11682
32.658556,1001,1371.904239
45.01341,1001,1376.591927
23.521437,1001,1380.317692
58.925191,1001,1384.210341
26.353185,1001,1387.935912
7.140773,1001,1392.512406
45.768745,1001,1396.27348
9.561971,1001,1400.161657
9.23453,1001,1403.893806
6.833121,1001,1408.391588
8.051536,1001,1412.085373
3.991528,694,1414.735999
7.287118,1001,1418.610896
39.20508,1001,1423.083881
9.029031,1001,1426.86876
29.404665,1001,1430.672377
46.844343,1001,1434.527541
7.983449,1001,1439.03656
67.561573,1001,1442.745049
8.553363,1001,1446.523023
37.811272,1001,1450.464315
40.244449,1001,1454.946441
6.966992,1001,1458.861088
14.898449,1001,1462.692997
7.598387,1001,1466.461706
0.662668,50,1466.90146
7.48409,1001,1471.397698
9.182161,1001,1475.161344
33.682425,1001,1478.856798
32.371065,1001,1482.606549
8.356992,1001,1486.442598
28.951333,1001,1491.622781
7.674176,1001,1495.440503
29.468478,1001,1499.184698
16.730933,1001,1503.018142
25.471819,1001,1507.500531
8.204234,1001,1511.281606
43.62095,1001,1514.986651
25.461169,1001,1518.891194
9.117844,1001,1523.412698
9.827387,1001,1527.229417
24.713412,1001,1530.960552
8.68828,1001,1534.790081
63.797362,1001,1539.304259
20.766719,1001,1543.029838
8.699889,1001,1546.760977
29.460706,1001,1550.600632
8.852071,1001,1555.194705
45.048729,1001,1558.934548
22.645159,1001,1562.662415
8.462047,1001,1566.556525
40.443914,1001,1571.126838
24.584605,1001,1575.077427
25.682462,1001,1578.815994
42.916735,1001,1582.683401
23.327786,1001,1587.251104
35.155368,1001,1591.067783
0.933177,190,1591.970248
31.144165,1001,1595.840366
9.387272,1001,1599.73702
26.86033,1001,1604.55165
54.238287,1001,1608.407119
8.083469,1001,1612.32168
9.174592,1001,1616.682752
43.513695,1001,1621.464477
9.108567,1001,1625.307487
93.857131,1001,1629.136485
7.727443,1001,1633.000575
7.156636,1001,1637.720458
54.11122,1001,1641.505097
8.775642,1001,1645.307653
9.116883,1001,1649.065488
36.617117,1001,1653.763622
8.515031,1001,1657.55818
8.812145,1001,1661.355055
10.057964,1001,1665.16426
8.749434,1001,1669.824159
16.012315,1001,1673.589048
9.879252,1001,1677.455095
7.720601,1001,1681.816679
8.526026,1001,1687.01265
39.26382,1001,1690.82824
30.452175,1001,1694.642843
42.608293,1001,1698.692767
9.147374,1001,1702.639952
24.650831,1001,1707.205331
27.012117,1001,1710.992336
8.072318,1001,1714.764116
8.878884,1001,1718.623043
19.944914,1001,1723.263637
8.404034,1001,1727.034587
34.616975,1001,1730.854616
19.028425,1001,1734.922936
23.237967,1001,1739.543495
24.361929,1001,1743.342092
78.881967,1001,1747.147946
19.393511,1001,1750.890325
11.018873,1001,1755.659272
8.835008,1001,1759.43311
23.562481,1001,1763.184163
46.585775,1001,1766.956582
33.654269,1001,1771.650878
19.384474,1001,1775.471759
33.474904,1001,1779.278387
43.834313,1001,1783.019358
9.600439,1001,1787.796199
9.069987,1001,1791.537408
17.720015,1001,1795.528391
18.445145,1001,1799.566911
26.316283,1001,1804.43092
28.840715,1001,1808.65932
8.228177,1001,1812.929191
9.998159,1001,1817.516867
68.673633,1001,1824.317538
9.695255,1001,1828.79311
7.908105,1001,1833.428054
7.303502,1001,1837.678902
21.736565,1001,1843.736866
43.911503,1001,1848.77847
9.075312,1001,1853.85668
18.673082,1001,1858.840466
68.113872,1001,1866.648263
39.556355,1001,1871.707438
18.455146,1001,1876.747097
39.956652,1001,1881.302233
9.966979,1001,1885.665192
25.505232,1001,1890.405469
8.990753,1001,1894.187071
7.363223,1001,1897.903655
11.529009,1001,1901.782982
20.703704,1001,1906.260686
10.241611,1001,1909.978447
9.510848,1001,1913.687711
26.997842,1001,1917.455236
9.747052,1001,1922.044437
17.109687,1001,1925.743356
9.367932,1001,1929.444941
45.582412,1001,1933.135654
21.515976,1001,1937.903458
10.649422,1001,1941.612019
48.527666,1001,1945.298812
25.212414,1001,1949.027769
26.887908,1001,1953.797894
16.578557,1001,1957.749321
8.54454,1001,1961.480878
58.623996,1001,1965.200969
23.048067,1001,1969.80646
9.31583,1001,1973.547436
22.148236,1001,1977.284337
47.395596,1001,1981.029453
35.329282,1001,1985.784201
35.293172,1001,1989.521755
9.417645,1001,1993.259399
9.355731,1001,1997.115288
9.493576,1001,2001.893978
28.885788,1001,2005.643165
41.903416,1001,2009.346898
74.078171,1001,2013.064795
41.423161,1001,2017.716786
9.977016,1001,2021.459123
72.620425,1001,2025.201431
22.514819,1001,2028.914934
9.624341,1001,2033.714058
10.976231,1001,2037.460994
9.708912,1001,2041.225567
29.193053,1001,2044.970513
40.958081,1001,2049.622908
10.343813,1001,2053.360397
31.237831,1001,2057.106548
75.279497,1001,2060.851921
7.657033,1001,2064.641691
8.740048,1001,2069.385086
58.544365,1001,2073.192746
45.633449,1001,2077.121971
25.930538,1001,2080.867165
9.950816,1001,2085.603454
9.807122,1001,2089.350264
9.783241,1001,2093.059813
9.571847,1001,2096.759457
42.041213,1001,2101.613372
9.173701,1001,2105.372319
9.362379,1001,2109.166679
27.268349,1001,2112.998266
8.361914,1001,2117.836437
23.090078,1001,2121.574858
10.372605,1001,2125.29779
42.89511,1001,2129.097808
26.927975,1001,2133.730509
10.021701,1001,2137.420803
9.657168,1001,2141.226404
8.092257,1001,2144.948636
10.203526,1001,2149.717802
9.598806,1001,2153.461323
45.108058,1001,2157.224429
8.648061,1001,2160.913008
16.614706,1001,2165.640944
38.268725,1001,2169.386719
10.115251,1001,2173.12231
36.679366,1001,2176.869322
38.952541,1001,2181.464731
10.687208,1001,2185.204
10.059214,1001,2188.935444
22.48675,1001,2192.742535
21.895224,1001,2198.16682
10.383373,1001,2201.953153
94.563912,1001,2205.712224
35.227849,1001,2209.520289
20.593386,1001,2214.144736
9.735478,1001,2217.950433
11.877607,1001,2221.683051
9.176322,1001,2225.488921
9.775215,1001,2230.268016
24.278161,1001,2234.146526
9.74793,1001,2238.241116
18.160355,1001,2241.940447
10.613898,1001,2245.718496
40.618048,1001,2250.409505
50.994125,1001,2254.280557
28.230411,1001,2258.052284
94.207675,1001,2261.832444
9.610368,1001,2266.520651
75.462566,1001,2270.337596
53.040852,1001,2274.070009
10.230643,1001,2277.773881
74.722814,1001,2282.419813
35.577205,1001,2286.159357
27.414265,1001,2289.914936
28.775506,1001,2293.620872
9.053508,1001,2298.386445
27.747662,1001,2302.171358
73.866003,1001,2305.908986
65.045959,1001,2309.672709
9.901729,1001,2314.384402
11.125842,1001,2318.496475
34.589017,1001,2322.613262
65.542096,1001,2326.5047
32.084536,1001,2331.696173
10.585385,1001,2335.52686
9.609167,1001,2339.513889
34.964232,1001,2343.559938
9.616311,1001,2348.418975
46.250368,1001,2352.505685
9.820704,1001,2356.332402
57.697273,1001,2360.19068
52.537444,1001,2365.007434
49.816682,1001,2368.926352
11.240201,1001,2372.663322
11.095436,1001,2376.463931
9.727675,1001,2381.063567
10.214352,1001,2384.897568
9.145636,1001,2388.667842
34.416614,1001,2392.427285
10.128431,1001,2397.00784
29.419253,1001,2400.824822
29.704189,1001,2404.550554
10.566801,1001,2408.31626
10.466618,1001,2412.867636
9.064315,1001,2416.765924
36.853837,1001,2420.504723
45.331458,1001,2424.247054
32.307272,1001,2428.032366
28.985563,1001,2432.756156
10.028472,1001,2436.550644
70.604938,1001,2440.307366
51.807431,1001,2444.263799
21.914459,1001,2449.008451
30.106683,1001,2452.773688
10.40869,1001,2456.508688
10.191475,1001,2460.527442
9.82768,1001,2465.699925
31.34967,1001,2469.693733
11.06008,1001,2473.814225
10.980053,1001,2477.855733
51.770387,1001,2482.687928
25.688716,1001,2486.539209
31.097036,1001,2490.486289
10.850282,1001,2494.78433
70.450659,1001,2499.607427
11.455489,1001,2503.491603
32.922243,1001,2507.29342
51.045606,1001,2511.066466
55.825441,1001,2516.624409
58.888948,1001,2521.033116
10.235468,1001,2524.909429
9.594246,1001,2528.915446
45.10938,1001,2533.799728
67.113529,1001,2537.821934
12.028601,1001,2541.675956
10.631365,1001,2545.627393
29.080969,1001,2550.365746
76.364853,1001,2554.26646
11.247947,1001,2558.478909
55.661311,1001,2562.322373
11.301444,1001,2567.215303
9.351769,1001,2571.25916
28.388628,1001,2575.05403
9.16969,1001,2578.867801
11.476806,1001,2583.509786
10.846658,1001,2587.385345
19.932417,1001,2591.142152
10.717562,1001,2594.935082
10.681513,1001,2599.549677
37.255778,1001,2603.413072
10.803167,1001,2607.171009
14.832007,1001,2611.149029
8.251267,1001,2614.888576
9.605495,1001,2619.505257
9.863131,1001,2623.27974
24.474389,1001,2627.04828
11.854629,1001,2630.887207
9.624002,1001,2635.417316
9.056827,1001,2639.267953
10.920687,1001,2642.995313
11.723185,1001,2646.756927
10.401397,1001,2651.392478
10.25132,1001,2655.222343
10.387094,1001,2658.924636
11.009387,1001,2662.642811
10.369081,1001,2667.197499
10.695428,1001,2671.051516
10.990943,1001,2674.7585
12.452988,1001,2678.533322
39.60553,1001,2683.117352
29.978224,1001,2687.158017
11.519162,1001,2690.901847
37.516047,1001,2694.629265
25.324422,1001,2699.207424
11.036511,1001,2703.04114
11.311675,1001,2706.766327
85.576544,1001,2710.456324
64.429411,1001,2715.091699
12.645864,1001,2718.929161
10.332657,1001,2722.720476
10.411808,1001,2726.533255
59.743146,1001,2731.26682
34.152021,1001,2735.137636
11.151084,1001,2738.840413
11.012972,1001,2742.544446
11.577694,1001,2747.033948
28.561919,1001,2750.905403
33.100129,1001,2754.61813
48.091221,1001,2758.316368
10.967306,1001,2762.928043
12.619972,1001,2766.765281
29.598962,1001,2770.490921
30.422852,1001,2774.197209
25.84762,1001,2778.683887
10.320007,1001,2782.422636
49.861526,1001,2786.212585
11.351403,1001,2789.902248
38.564515,1001,2793.601269
9.949529,1001,2798.102988
11.683388,1001,2801.970173
10.99881,1001,2805.901211
11.303395,1001,2809.65135
10.220137,1001,2814.15519
11.835058,1001,2818.008354
28.192682,1001,2821.724069
30.414127,1001,2825.422322
26.519551,1001,2829.89145
57.865134,1001,2833.720398
14.059904,1001,2837.434449
61.164592,1001,2841.167568
11.920212,1001,2845.919075
13.66381,1001,2849.762232
11.887004,1001,2853.465645
13.274894,1001,2857.179872
12.214961,1001,2861.710381
11.832436,1001,2865.534063
25.488145,1001,2869.235718
44.060016,1001,2872.938831
67.266414,1001,2877.54874
11.657818,1001,2881.329156
12.961577,1001,2885.016776
94.870703,1001,2888.748206
10.782556,1001,2893.223605
27.099061,1001,2897.005112
65.947468,1001,2900.771515
11.604424,1001,2904.481365
11.331442,1001,2908.955893
45.837162,1001,2912.671445
12.572319,1001,2916.513459
39.031551,1001,2920.220057
73.031078,1001,2925.012971
12.955506,1001,2928.709241
12.691397,1001,2932.521843
10.940883,1001,2936.241288
12.417087,1001,2940.794755
22.451609,1001,2944.49567
28.276032,1001,2948.329625
50.38297,1001,2952.011012
13.313164,1001,2956.576177
19.561466,1001,2960.348931
11.609347,1001,2964.161227
13.012426,1001,2968.055164
73.512006,1001,2971.770513
25.562878,1001,2976.25541
47.610587,1001,2980.047948
21.555274,1001,2983.739914
11.785692,1001,2987.434565
11.739385,1001,2991.970898
10.180104,1001,2995.768714
12.373114,1001,2999.483295
12.985856,1001,3003.210208
38.154395,1001,3007.699298
11.868703,1001,3011.499493
35.492296,1001,3015.190657
13.79314,1001,3018.892308
52.922,1001,3023.365827
11.219136,1001,3027.193883
12.93959,1001,3030.91454
50.533544,1001,3034.729951
25.08866,1001,3039.30072
52.467462,1001,3043.220953
40.025126,1001,3046.943708
22.3156,1001,3050.658517
0.202464,18,3050.938105
12.421074,1001,3055.485097
11.739879,1001,3059.268597
25.490417,1001,3062.988103
61.62337,1001,3066.666554
18.521282,1001,3071.224032
13.302457,1001,3074.970244
12.997588,1001,3078.828297
0.081117,18,3079.11084
55.294102,1001,3082.826452
18.38788,1001,3087.792912
30.770772,1001,3091.494769
48.489981,1001,3095.460541
15.259375,1001,3099.397655
13.480112,1001,3103.975952
39.145814,1001,3107.686243
24.959323,1001,3111.507251
43.790511,1001,3115.208334
13.059286,1001,3119.719367
55.485577,1001,3123.42987
13.049133,1001,3127.235995
42.688848,1001,3130.94174
74.538336,1001,3135.539557
14.240771,1001,3139.241581
11.876046,1001,3143.08673
13.487258,1001,3146.792541
85.001563,1001,3150.51694
12.975515,1001,3155.07162
20.66685,1001,3158.882901
40.036632,1001,3162.827609
12.981863,1001,3166.537739
35.127415,1001,3171.129785
12.985865,1001,3174.96186
14.936259,1001,3178.641851
12.694251,1001,3182.349697
13.426048,1001,3186.981036
14.105943,1001,3190.856495
14.116348,1001,3194.561727
13.922146,1001,3198.318257
23.31242,1001,3202.832343
37.900727,1001,3206.888111
39.473214,1001,3210.605459
14.127764,1001,3214.323411
13.893166,1001,3218.829318
13.659912,1001,3222.622858
13.976673,1001,3226.323601
36.275625,1001,3230.037161
14.276077,1001,3234.623608
47.527591,1001,3238.343363
39.199127,1001,3242.103581
14.242882,1001,3245.807573
37.291607,1001,3250.268196
11.81225,1001,3253.957373
50.937447,1001,3257.768496
29.018748,1001,3261.483609
29.250457,1001,3265.941893
22.726782,1001,3269.635934
23.240866,1001,3273.49639
13.516231,1001,3277.198203
14.706274,1001,3281.922777
25.71022,1001,3285.60877
66.015865,1001,3289.408241
36.688138,1001,3293.133859
14.507794,1001,3297.756669
80.711328,1001,3301.447627
14.375784,1001,3305.240855
14.845932,1001,3308.946759
12.384359,1001,3313.546315
14.806267,1001,3317.280701
12.988128,1001,3321.108505
26.492872,1001,3325.012483
50.996097,1001,3328.73132
15.55963,1001,3333.303803
26.837524,1001,3337.117336
35.761748,1001,3340.816559
14.35473,1001,3344.52419
15.593818,1001,3349.141008
13.328074,1001,3352.969865
13.35679,1001,3356.661918
22.811219,1001,3360.39011
24.186332,1001,3364.852748
33.585104,1001,3368.612216
14.05183,1001,3372.396081
29.71946,1001,3376.10929
19.489323,1001,3380.675851
42.986175,1001,3384.374079
71.836569,1001,3388.184911
15.137677,1001,3391.98233
29.711511,1001,3396.633743
27.276711,1001,3400.487983
15.866583,1001,3404.31
13.830408,1001,3408.085242
15.50702,1001,3412.585482
14.337969,1001,3416.314351
32.307845,1001,3420.140341
16.457772,1001,3423.87344
52.899407,1001,3428.383877
13.993236,1001,3432.102476
13.719531,1001,3435.928933
35.642857,1001,3439.718498
14.592102,1001,3444.362516
32.182976,1001,3448.203462
14.848686,1001,3452.042507
46.725362,1001,3455.784659
13.827871,1001,3460.32223
97.265996,1001,3464.021803
15.464098,1001,3467.869582
24.271891,1001,3471.590613
13.968344,1001,3476.091255
28.581901,1001,3479.880691
35.182236,1001,3483.72104
16.177561,1001,3487.530132
53.155391,1001,3492.032604
14.281803,1001,3495.767378
14.7576,1001,3499.541
27.741451,1001,3503.412963
16.169715,1001,3507.148623
14.487154,1001,3511.836892
13.819591,1001,3515.562735
29.114937,1001,3519.697366
16.011408,1001,3523.431835
15.797608,1001,3527.954499
13.638221,1001,3531.653918
68.562406,1001,3535.493346
31.323319,1001,3539.239826
28.820652,1001,3543.769222
82.060189,1001,3547.561946
16.169157,1001,3551.417218
12.916313,1001,3555.118933
30.295493,1001,3559.744582
57.282062,1001,3563.491847
15.469322,1001,3567.533268
43.953589,1001,3571.25133
87.700368,1001,3575.801824
93.301795,1001,3579.482302
16.886518,1001,3583.331451
15.806584,1001,3587.099789
54.087768,1001,3591.709335
15.57441,1001,3595.410085
15.376104,1001,3599.271548
35.248378,1001,3603.029097
27.923451,1001,3607.632484
13.906742,1001,3611.35809
16.280293,1001,3615.139029
30.498773,1001,3619.036309
38.449696,1001,3623.585547
43.252962,1001,3627.279866
33.288748,1001,3631.056412
39.784268,1001,3634.923917
48.972403,1001,3639.688159
13.791998,1001,3643.524631
12.710484,1001,3647.290035
28.367104,1001,3651.164105
66.237682,1001,3655.720521
14.268172,1001,3659.440458
33.974251,1001,3663.171275
83.264094,1001,3667.0108
13.594982,1001,3671.554146
14.210446,1001,3675.241344
13.269441,1001,3679.106797
34.128133,1001,3682.949034
15.306206,1001,3687.048853
14.764035,1001,3691.611529
31.706224,1001,3695.342581
16.27743,1001,3699.215381
51.33954,1001,3702.993851
23.236939,1001,3707.558913
57.839874,1001,3711.348235
15.472095,1001,3715.222727
13.582856,1001,3718.978915
41.314851,1001,3723.507502
38.252989,1001,3727.242514
70.821923,1001,3731.085572
14.529977,1001,3734.892868
52.446489,1001,3739.442313
14.663336,1001,3743.212107
16.159001,1001,3747.053101
13.704326,1001,3750.909247
55.620089,1001,3755.494659
50.161891,1001,3759.342129
101.535952,1001,3763.23816
30.49477,1001,3767.086633
105.009194,1001,3771.601876
86.355489,1001,3775.380197
16.255356,1001,3779.097717
33.214721,1001,3782.960239
16.101228,1001,3787.548677
17.579186,1001,3791.29196
16.765673,1001,3795.037052
17.231167,1001,3798.888076
53.657296,1001,3803.657708
15.687217,1001,3807.535557
14.417374,1001,3811.243421
40.878562,1001,3815.114272
70.433782,1001,3819.667516
14.956728,1001,3823.397271
81.656665,1001,3827.170543
28.837982,1001,3831.044772
15.254721,1001,3835.642036
96.349167,1001,3839.418066
15.784483,1001,3843.162765
61.198238,1001,3846.997098
13.992062,1001,3850.808883
41.94219,1001,3855.475019
59.333895,1001,3859.22505
46.368554,1001,3863.055221
39.457843,1001,3866.806522
14.57272,1001,3871.445862
14.482386,1001,3875.212402
41.181696,1001,3879.293356
59.423942,1001,3883.068368
49.705557,1001,3887.616529
42.969835,1001,3891.395995
15.825724,1001,3895.13476
30.439146,1001,3898.976238
17.037765,1001,3903.477295
49.293993,1001,3907.186237
15.788431,1001,3910.887124
16.275147,1001,3914.685923
38.924967,1001,3919.240029
31.334364,1001,3923.032087
14.659607,1001,3926.958081
15.149162,1001,3930.832305
64.874612,1001,3935.366896
15.224772,1001,3939.129504
16.441436,1001,3942.894978
17.055789,1001,3946.721568
35.880046,1001,3951.306307
58.854164,1001,3955.027679
15.348632,1001,3958.759119
26.888553,1001,3962.598539
47.960088,1001,3967.202063
32.318945,1001,3970.889084
39.285297,1001,3974.581663
16.505345,1001,3978.382209
40.45285,1001,3982.937936
64.312206,1001,3986.65428
16.552258,1001,3990.484588
48.470755,1001,3994.31943
33.158682,1001,3998.81823
51.68838,1001,4002.578807
16.132074,1001,4006.507694
16.438289,1001,4010.310638
35.492939,1001,4014.833963
16.451212,1001,4018.575357
75.813635,1001,4022.30108
16.005878,1001,4026.095589
16.882175,1001,4029.854376
88.850504,1001,4034.42699
16.326199,1001,4038.158511
15.883315,1001,4041.947526
39.197764,1001,4045.815183
17.15981,1001,4050.314178
41.836611,1001,4054.254029
34.996913,1001,4057.969619
18.105317,1001,4061.823301
32.750882,1001,4066.295555
37.99199,1001,4070.021419
15.705611,1001,4073.766288
18.094089,1001,4077.572536
66.225204,1001,4082.080072
15.512848,1001,4085.822989
76.972322,1001,4089.520893
51.819647,1001,4093.419742
13.892425,1001,4097.746073
46.579872,1001,4101.512457
39.929057,1001,4105.073441
42.612509,1001,4108.680863
16.058589,1001,4113.404282
37.658857,1001,4116.976066
38.21479,1001,4120.52117
34.878385,1001,4124.076706
15.370703,1001,4128.310771
17.186016,1001,4131.873642
15.165446,1001,4135.445498
18.613035,1001,4139.005876
15.55138,1001,4143.302141
31.002762,1001,4146.857234
44.988869,1001,4150.381167
15.717662,1001,4153.932275
