#{"t_start": 1703424136.468722, "env_id": "None"}
r,l,t
0.0,51,1.621516
0.0,65,2.895844
0.0,45,3.95961
0.0,44,5.026801
0.0,45,6.127987
0.0,49,7.261577
0.0,57,8.530352
0.0,45,9.624794
0.010372,44,10.750369
0.0,41,11.727275
0.002531,324,16.044141
0.0,43,17.029893
0.0,45,18.046617
0.334374,444,23.749594
0.0,48,24.787227
0.0,64,26.007948
0.0,64,27.257946
0.005785,50,28.350125
0.0,42,29.322606
0.002401,48,30.37477
0.00146,57,31.513303
0.0,42,32.480792
0.0,39,33.406058
0.003676,46,34.420928
0.0,55,35.531921
0.0,45,36.53351
0.0,98,38.15771
0.001773,93,39.742615
0.0,48,40.763537
0.012583,47,41.799961
0.0,58,42.946075
0.002492,55,44.070659
0.0,60,45.259019
0.000708,43,46.228205
0.0,42,47.199936
0.030847,437,52.801662
0.0,51,53.885699
0.004619,49,54.940578
0.0,61,56.162034
0.010743,44,57.180486
0.159739,194,59.976253
0.0,40,60.961885
0.001175,59,62.134683
0.002242,63,63.349814
0.0,239,66.708166
0.077032,120,68.594313
0.171252,271,74.873171
0.575354,187,77.649478
0.692783,217,80.802061
0.005043,46,81.80983
0.0,42,82.779022
0.0,50,83.862437
0.2262,306,87.956222
0.0,63,89.165978
0.22588,211,92.11877
0.00823,52,93.201288
0.0,213,96.184905
1.301801,292,100.108423
0.0,172,102.604493
0.001444,177,105.188172
0.001751,60,106.354265
0.001315,49,107.410704
0.075471,322,111.690755
0.0,60,112.898442
0.0,53,113.995234
0.00579,55,115.10597
0.0,48,116.153458
0.001016,219,119.207537
0.00249,89,120.731126
0.0,49,121.784179
0.0,214,124.7703
0.0,57,125.91906
0.0,242,129.268606
0.0,55,130.397322
0.000686,60,131.576001
0.0,49,132.638077
0.005412,43,133.611382
0.0,38,134.530598
0.0,46,135.533187
0.0,43,136.520818
0.786413,323,143.287984
0.0,280,147.09928
0.007923,438,152.721978
0.0,51,153.783994
0.0,55,154.910178
0.441218,222,157.990317
0.003489,88,159.493307
0.0,44,160.478409
0.0,55,161.604218
0.0,445,167.31404
0.0,54,168.424027
0.0,54,169.530793
0.001544,45,170.518397
0.023628,233,173.737811
0.442382,324,178.02587
0.0,126,179.980333
1.424351,204,182.851608
0.0,46,183.857933
0.0,54,184.968188
0.110074,331,189.335631
0.000624,43,190.332814
0.0,40,191.296449
0.00585,60,192.477445
0.413206,400,197.665745
0.001771,119,199.53699
0.0,49,200.577968
0.0,56,201.68909
0.003568,136,206.401384
0.0,55,207.511847
0.002139,327,211.84201
0.0,48,212.884243
0.384731,344,217.498676
1.571945,286,221.306772
1.162946,185,223.958368
0.003013,56,225.088578
0.0,45,226.109453
0.0,66,227.349052
0.0,51,228.415497
0.008082,53,229.494578
0.0,47,230.511243
0.003347,103,232.202968
0.003712,69,233.485563
0.002751,74,234.818963
0.0,317,239.018701
0.000361,44,240.004074
0.001039,58,241.162343
0.001933,47,242.195446
2.532769,328,246.557468
0.007326,97,248.168579
1.141989,531,254.865169
0.006257,58,256.019047
0.008223,48,257.066946
0.005928,54,258.216504
0.356587,451,264.05807
0.0,57,265.199905
0.744294,197,270.558658
1.60161,271,274.256145
0.004263,42,275.224514
0.0,117,277.058149
1.281102,242,280.387662
0.173197,466,286.347347
0.00252,324,290.613921
0.0,61,291.793968
0.0,184,294.432937
0.006864,207,297.335816
0.0,48,298.354502
0.001832,58,299.49966
0.260545,94,301.093272
0.036239,203,303.958603
0.0,126,305.909639
0.0,55,307.035735
0.0,51,308.11058
0.0,55,309.237519
0.0,50,310.289594
0.0,201,313.122491
0.0,55,314.237077
0.0,78,315.635533
0.0,276,319.35683
0.0,58,320.505081
0.006652,121,322.395437
0.0,50,323.443489
0.0,63,324.661473
0.00276,47,325.686691
0.0,151,327.915023
0.563135,100,329.574353
3.4e-05,56,330.735873
0.000863,54,331.846108
0.00048,40,332.773243
0.019339,93,336.906701
0.0,55,338.035274
0.363072,412,343.32259
0.0,44,344.309731
0.081044,71,345.603196
2.417208,289,349.48235
0.0,61,350.667344
0.90824,280,354.48574
0.0,202,357.320293
0.001233,57,358.475619
0.813417,181,361.180714
0.001338,49,362.228961
0.0,58,363.395708
0.061444,136,365.466373
0.0,326,369.753144
0.0,58,370.909053
0.0,55,372.019387
0.0,50,373.066932
0.0,108,374.804574
0.002192,197,377.602439
0.0,52,378.685006
0.017692,345,383.186137
0.048857,460,389.050007
0.0,292,392.960137
0.006313,51,394.024653
0.0,55,395.134691
0.0,67,396.418422
0.0,48,400.045896
0.060014,100,401.691213
0.0,57,402.836981
0.004192,57,403.9702
0.000332,73,405.302035
0.0,74,406.645441
1.020666,134,408.696109
0.002952,45,409.695859
0.0,40,410.637679
0.06343,78,412.009434
0.0,182,414.62073
0.0,44,415.591618
0.0,45,416.592503
0.001746,45,417.595853
0.0,60,418.752896
0.0,102,420.438813
0.150146,179,423.004782
0.0,54,424.098532
0.534438,212,427.041647
0.002615,44,428.02813
0.0,51,429.096393
0.456169,293,432.998169
0.014324,169,435.470947
0.0,52,436.551017
0.00036,42,437.509084
0.0,65,438.813778
0.0,46,439.894724
0.0,52,440.976532
0.0,42,441.943648
0.005583,56,443.084652
0.0,96,444.682168
0.0,45,445.668531
0.0,66,446.917416
0.0,58,448.059002
0.001002,43,449.02915
0.006304,53,450.12343
0.016988,277,453.861782
0.0,47,454.866108
0.0,48,455.894112
0.001599,54,457.019969
0.0,48,458.053909
0.002474,57,459.19928
0.109574,189,461.896589
0.009971,57,463.016428
0.0,66,464.284278
0.002566,67,465.543158
0.238373,68,466.828082
0.001567,59,467.990021
0.500102,646,478.571853
0.0,60,479.745097
0.01299,104,481.433641
0.0,56,482.569192
0.682338,172,485.063656
0.0,69,486.391427
0.0,45,487.42308
0.0,201,490.290156
0.0,60,491.458815
0.0089,60,492.645932
0.0,66,493.947277
0.001791,58,495.165155
0.0,358,499.955347
0.639745,333,504.392502
0.010917,71,505.722821
0.0,243,509.094694
0.0,60,510.287955
0.0,41,511.232411
0.0,64,512.46537
0.004043,43,513.5402
0.0,63,514.745517
0.070051,190,517.471113
0.43763,137,519.665955
0.437455,214,522.657691
0.004668,53,523.76787
2.166111,302,527.799438
0.613542,233,531.023594
0.0,48,532.050385
0.0,54,533.157599
0.0,60,534.333596
0.008946,300,540.919636
0.001096,45,541.928302
0.0,60,543.083276
0.0,56,544.228524
0.0,63,545.442463
0.0,46,546.448381
0.0,51,547.53255
0.532249,253,551.157146
0.723296,278,555.129502
0.0,55,556.243404
0.118751,337,560.761758
0.0,131,562.757399
0.0,57,563.893134
0.824938,175,566.434772
0.008696,111,568.188987
5.1e-05,47,569.208851
0.0,65,570.439658
0.0,610,578.045014
0.008354,131,580.100121
0.002161,47,581.122512
0.0,211,584.077289
0.409681,197,586.85022
0.0,54,587.989239
0.002885,50,589.077404
0.0,51,590.151197
0.003968,63,591.338044
0.635818,225,594.462497
0.0,46,595.450324
0.130947,285,599.326614
0.479928,195,604.677663
0.007031,59,605.846579
0.0,56,606.9733
0.0,52,608.052974
0.0,54,609.162878
0.0,43,610.163784
0.341484,143,612.337746
0.00676,61,613.514819
0.00518,48,614.551261
0.005944,54,615.665919
0.0,75,616.998929
5.5e-05,221,620.174088
0.0,102,621.83419
0.0,64,623.045553
0.000643,57,624.203545
0.0,256,627.664723
0.0,59,628.822947
0.007868,44,629.79173
0.010619,218,632.866278
0.004286,42,633.824545
0.505029,309,637.9876
0.0,199,640.807484
0.00809,42,641.765829
0.007838,44,642.740327
0.0,56,643.883662
0.0,214,646.844057
0.0,48,647.873228
0.004084,56,649.048259
0.597587,172,651.517393
0.007406,122,653.408481
0.009131,164,655.817595
0.001166,49,656.89016
0.0,54,657.994724
0.038337,170,660.492348
0.0,126,662.484018
0.007966,65,663.714237
0.000499,42,664.683959
0.0,57,665.828197
0.13334,393,673.443658
0.0,49,674.4904
0.004162,309,678.58769
2.432067,490,684.81718
0.482094,168,687.268209
0.0,60,688.424746
0.000653,47,689.456971
0.001542,45,690.457882
0.0,54,691.569446
0.001145,54,692.66451
2.43193,491,698.903944
0.464213,265,702.486049
0.0,85,703.938464
0.005168,51,705.034848
0.054588,69,706.320138
0.0,65,707.551543
0.0,116,709.382337
0.001572,143,711.549421
0.007833,43,712.525876
1.850954,536,719.438519
0.000236,233,722.676234
0.069648,223,725.816324
0.007865,43,726.791442
0.003786,151,729.048147
0.591761,158,731.382878
0.0,48,732.419807
0.004923,44,736.000814
0.0,68,737.317574
0.0,90,738.841062
0.0,218,741.886726
0.034922,257,745.395852
0.0,60,746.563592
0.59856,243,749.903667
0.0,40,750.848125
0.054229,151,753.078866
0.0,42,754.034562
0.0,53,755.163722
0.24907,150,757.396818
0.028085,60,758.568602
0.0,47,759.600996
1.100114,125,761.539791
0.59263,151,763.7649
0.0,212,766.797283
0.788504,147,769.001008
0.0,56,770.126086
0.639901,205,773.009869
0.057235,143,775.224575
0.154372,211,778.164759
0.0,51,779.228261
0.0,51,780.309461
0.006979,114,782.112629
0.0,51,783.180418
1.583623,331,787.548898
0.634094,210,790.488013
0.001771,75,791.829435
0.0,245,795.212543
0.0,46,796.218087
0.0,112,797.999361
0.002162,55,801.87508
0.065873,241,805.267767
0.0,52,806.347366
0.754758,207,809.266259
0.0,40,810.224119
0.825638,102,811.890218
0.0,48,812.917048
0.0,48,813.949321
0.003534,86,815.450237
0.0,53,816.55008
0.0,43,817.524143
0.0,107,819.264353
0.3065,194,822.003111
0.344277,251,825.443621
0.005047,61,826.624984
0.001072,43,827.614572
0.0,156,829.917413
0.002886,55,831.043441
0.0,56,832.168319
0.002933,53,833.264937
0.0,49,834.314775
0.087839,116,836.136525
0.0,59,837.298012
0.0,59,838.472749
0.0,47,839.488435
0.0,203,842.384039
0.094803,348,847.057829
9.3e-05,43,848.136965
0.342101,250,851.608184
0.0,145,853.841052
0.279384,121,855.763834
0.105263,346,860.384713
0.0,63,861.720284
0.887078,170,864.263082
2.181034,180,869.590217
0.004438,64,870.828657
0.0,43,871.803197
0.0,263,875.396672
0.004775,56,876.558169
0.104459,314,880.707088
2.728326,414,886.147915
0.0,239,889.426927
0.005522,51,890.4951
0.00747,56,891.639562
0.003935,63,892.849138
0.0,43,893.818967
0.0,173,896.316044
0.466067,239,899.613301
0.0,43,900.594877
0.073859,382,905.644064
0.0,161,908.173179
0.006571,152,910.441263
0.248515,118,912.319112
0.701594,336,916.744084
0.63422,360,921.450016
0.000559,68,922.700284
0.0,68,923.981527
0.000439,46,924.991058
0.007429,93,926.545266
0.002715,51,927.623634
0.088273,425,935.646386
0.0,46,936.662317
0.003761,52,937.740624
0.0,47,938.771965
0.002725,58,939.912663
0.002556,129,941.897306
0.0,222,944.980662
0.001548,59,946.152788
0.003051,40,947.090357
0.002489,48,948.12167
0.001877,69,949.403181
0.0,58,950.54399
0.0,46,951.544058
0.935718,123,953.467902
2.456857,450,959.21183
0.0,56,960.383696
0.229128,147,962.625842
0.0,68,963.907301
0.837849,180,966.532715
0.0,216,969.54071
0.005527,44,970.540901
0.0,48,971.564859
0.005122,52,972.643218
0.605803,476,978.96608
0.008755,236,982.338751
8e-06,46,983.355397
0.0,66,984.58995
0.401825,369,989.406352
0.0,46,990.422092
0.330107,91,991.984768
0.176753,104,993.687963
0.0,44,994.672595
0.057127,262,1000.845694
0.611875,105,1002.549158
0.0,59,1003.69
0.0,56,1004.814937
0.0,48,1005.877654
0.179458,502,1012.222203
0.0,47,1013.23808
0.897035,139,1015.345247
0.884735,250,1018.738417
0.0,64,1019.988599
0.0,43,1020.973029
0.0,208,1023.984442
1.012294,307,1028.074685
0.033419,549,1034.951707
0.800395,395,1040.118336
0.0,173,1042.600356
1.085124,204,1045.444477
0.290062,152,1047.703166
0.001169,143,1049.839142
0.540225,156,1052.12607
0.162216,119,1053.985748
0.0,210,1056.907985
0.0,51,1060.452271
0.0,42,1061.421115
0.0,58,1062.593068
0.003533,65,1063.827687
0.001597,58,1064.96831
0.0,385,1069.947098
0.233398,131,1071.931715
0.105867,165,1074.322763
0.079422,458,1080.156955
0.001079,122,1082.057914
0.000165,60,1083.214299
0.0,332,1087.59134
0.589282,374,1092.503085
0.005356,161,1094.878831
0.03621,109,1096.632819
0.582605,187,1099.272076
0.0,60,1100.42897
0.0,58,1101.582463
0.835284,538,1108.321058
0.0,63,1109.524511
0.411372,255,1112.966677
0.000172,60,1114.123155
0.0,51,1115.185743
0.733151,250,1118.598399
0.894429,296,1125.137361
0.000604,194,1127.86464
0.430546,150,1130.083647
1.355753,145,1132.240172
1.410194,164,1134.621459
0.750226,115,1136.434201
0.0,45,1137.434196
0.506105,130,1139.43445
1.337097,127,1141.372291
0.0,273,1145.016404
0.000124,54,1146.110347
0.0,52,1147.188547
0.235308,421,1152.567406
0.452942,436,1158.123479
0.0,72,1159.420432
0.378687,119,1161.343391
1.965917,159,1163.71413
0.7232,207,1166.593806
0.433638,106,1168.312734
0.0,65,1169.547175
0.0,60,1170.719133
0.002495,45,1171.71919
0.468179,271,1175.344928
0.0,400,1180.461473
1.273585,146,1185.193288
0.081271,118,1187.0373
0.0,78,1188.454622
1.727081,121,1190.361106
1.483376,376,1195.200228
1.525684,179,1197.75297
0.005205,170,1200.222238
0.0,61,1201.393944
0.428353,170,1203.845518
0.976697,430,1209.325777
0.771896,346,1213.842108
0.000121,236,1217.052159
0.248018,187,1219.708845
1.265651,201,1222.678044
0.003552,48,1223.750255
0.0,55,1224.933285
0.565851,282,1228.713233
0.000138,69,1229.979399
1.557663,425,1235.441674
0.063035,129,1237.419439
0.017449,208,1240.310333
0.068778,93,1244.36365
1.992784,281,1248.149342
0.09285,244,1251.484338
1.285055,137,1253.56047
0.001318,204,1256.409425
0.0,44,1257.396121
1.465252,188,1260.115239
0.0,169,1262.575254
0.0,57,1263.731893
0.0,183,1266.332477
0.0,140,1268.426529
0.0,169,1270.877618
1.105603,236,1274.096978
0.00228,246,1277.519268
0.551894,213,1280.472927
0.001067,74,1281.801048
0.0,174,1284.304097
0.001023,64,1285.523228
0.97833,140,1287.63288
0.0,57,1288.757874
1.078687,239,1292.028507
0.245341,203,1294.856881
0.833462,214,1297.815541
1.681247,426,1305.801676
0.0,61,1306.997158
0.119577,121,1308.893379
0.183164,350,1313.472036
0.018793,148,1315.683198
0.0,98,1317.292866
0.06644,251,1320.700398
1.214428,153,1322.941541
0.337516,529,1329.62273
0.0,176,1332.13869
0.271353,378,1337.061386
0.933964,187,1339.719923
3.443067,251,1343.252238
1.716568,189,1345.924347
0.300222,178,1348.470475
1.493328,199,1351.267371
1.086867,232,1354.439845
0.205669,224,1357.534207
0.00349,156,1359.800101
0.324088,142,1361.925331
1.620965,177,1367.014996
0.001991,146,1369.187354
0.000757,127,1371.125111
0.15828,397,1376.244279
1.400199,287,1380.065554
0.667729,212,1383.019158
2.13224,377,1387.903028
0.010936,167,1390.310717
0.541229,201,1393.130249
0.216332,376,1397.984166
0.561234,126,1399.919361
0.045594,81,1401.341483
0.0,54,1402.437667
0.0,154,1404.687922
0.0,86,1406.156944
0.111468,87,1407.639972
0.050363,125,1409.562115
1.293985,204,1412.422767
0.0,199,1415.193012
0.49277,122,1417.079859
0.39774,159,1419.408652
0.246834,124,1421.330793
1.845125,238,1427.238703
0.055138,419,1432.674431
0.232286,132,1434.690311
0.897249,90,1436.206244
0.604449,116,1438.034639
1.447328,309,1442.206737
1.002527,183,1444.817394
0.649739,197,1447.614261
0.357883,418,1452.974542
0.0,60,1454.162035
0.0,74,1455.490436
0.198453,139,1457.584445
0.549192,131,1459.615961
0.00664,98,1461.231683
0.869378,163,1463.622655
1.87381,306,1467.728184
0.067552,130,1469.712813
0.720763,116,1471.531155
0.616259,227,1474.672027
0.500545,401,1479.844627
1.61968,163,1482.229871
0.981962,320,1489.40127
0.672259,140,1491.980621
0.686426,131,1494.501045
1.474667,162,1497.047278
1.314556,150,1499.403635
2.355967,251,1502.968068
1.601616,155,1505.276657
1.129509,109,1507.055734
0.159582,152,1509.48237
1.819416,168,1512.167761
0.004333,406,1517.493542
1.692885,203,1520.35593
0.261671,92,1521.993028
1.13096,381,1527.048842
0.003045,58,1528.290195
0.14126,229,1531.751214
0.095693,345,1536.518102
1.202225,162,1539.049572
0.0,58,1540.268366
0.449947,209,1543.346993
0.125089,289,1547.440958
0.0,53,1548.581726
0.323345,198,1554.535448
0.0,67,1555.801544
0.003748,60,1557.051525
0.098012,141,1559.348902
0.010057,514,1566.505751
0.898629,202,1569.568461
0.109097,136,1572.22488
0.056341,386,1578.225194
0.000154,71,1579.740961
0.69367,207,1583.413029
0.307377,162,1586.225721
0.0,194,1589.522821
0.0,182,1592.663662
1.290381,258,1597.293119
1.408574,399,1605.232471
0.311411,184,1609.078862
0.577789,210,1612.610586
1.964394,378,1618.677507
0.097735,332,1627.033144
0.00611,193,1630.189614
0.064695,249,1634.143025
0.163276,121,1636.236888
1.435053,350,1641.284109
0.778165,317,1646.003233
0.480567,222,1649.456531
1.545977,221,1652.753581
1.605197,160,1655.300595
0.0,276,1659.441619
0.0,60,1660.738558
0.207024,315,1665.317624
0.803915,283,1669.795076
0.157849,192,1673.060464
0.581822,179,1676.178144
0.670922,750,1687.209581
1.544957,250,1694.215413
0.500997,200,1697.41494
1.457224,821,1712.86201
0.170547,209,1717.348775
0.937625,116,1720.174223
0.642413,169,1723.84183
0.225133,438,1732.555012
1.011428,233,1737.15941
0.0,356,1743.958076
0.714902,141,1747.004929
0.203703,436,1754.427696
0.0,43,1755.599655
0.869444,265,1759.865577
1.26504,134,1762.412748
2.143039,200,1765.851091
2.491501,279,1774.063298
0.574375,100,1775.985261
1.402824,372,1781.657604
0.631138,88,1783.360917
0.023402,160,1786.032913
0.005195,88,1787.720578
1.222822,190,1790.97088
0.527725,200,1794.127437
2.358193,574,1802.346786
1.554718,218,1805.737635
0.010004,179,1808.722289
2.041792,511,1816.457408
0.0,118,1818.661323
0.027814,267,1822.880708
1.017741,201,1826.099732
0.125674,148,1828.646746
0.0,53,1829.943718
0.119599,197,1833.147134
0.008414,158,1835.819066
0.630853,153,1841.539351
0.754267,384,1847.14926
0.114851,281,1851.383902
1.167164,190,1854.431006
0.723384,158,1857.040505
1.252272,217,1860.478317
0.199049,337,1865.525889
0.0,389,1871.1357
0.952968,284,1875.480454
1.192053,502,1882.637246
0.761802,152,1885.1687
2.671999,361,1890.528412
0.500753,304,1895.216271
0.007527,59,1896.654226
0.458145,151,1899.154414
0.146837,219,1902.754924
2.067117,273,1909.990508
2.10099,274,1914.006643
1.00302,337,1918.97582
0.552362,87,1920.663454
0.0,279,1924.788709
0.387075,135,1927.180362
2.190812,158,1930.081034
0.774976,256,1934.33139
1.657081,208,1937.675365
3.297216,309,1942.347692
1.409809,288,1946.754241
2.303493,230,1950.280427
1.015297,181,1953.285177
0.638579,401,1959.616854
2.101312,185,1962.789134
1.051913,129,1965.072755
0.01573,50,1966.273404
1.272746,340,1971.240085
1.209352,642,1983.257568
0.549195,372,1988.729526
0.87444,151,1991.163905
0.091821,170,1993.768213
0.489648,159,1996.350558
0.528508,232,1999.876449
0.424548,212,2003.278455
0.655628,225,2006.972624
3.716879,310,2011.536929
1.163854,189,2014.523791
1.237563,163,2017.159714
0.04147,408,2022.96882
0.153734,419,2028.970651
2.037203,443,2035.509192
0.176359,146,2040.965415
0.567457,203,2044.04894
0.020773,445,2050.457786
1.452324,365,2055.753225
0.454837,224,2059.258493
2.267624,168,2062.052934
0.453084,96,2063.804631
0.865263,451,2070.276201
1.856968,177,2073.083553
0.207308,223,2076.522097
3.186898,423,2082.530204
1.372397,394,2088.451699
0.586725,347,2093.589069
1.585425,188,2096.631785
1.841084,148,2099.141057
1.052016,164,2105.06219
0.728985,218,2108.532526
2.293461,218,2111.984115
1.146431,1001,2126.390125
1.759364,164,2129.163872
1.128932,158,2132.017156
0.466826,204,2135.517585
1.708513,203,2138.967431
0.0,196,2142.312646
0.757541,165,2145.228552
0.880592,189,2148.590124
0.655657,92,2150.509927
0.811118,429,2156.939143
1.67733,261,2161.04191
0.813153,150,2163.707751
1.166279,175,2166.51491
1.261092,263,2173.561019
1.216609,449,2180.148708
0.951603,226,2183.758628
0.982752,156,2186.697749
0.169751,240,2190.492226
0.983795,150,2193.052855
0.426703,130,2195.337526
0.168322,271,2199.589082
0.249808,107,2201.580482
1.034424,122,2203.778343
0.713383,130,2206.027369
0.324703,158,2208.659385
0.88833,191,2211.852946
1.535324,154,2214.421977
0.35993,204,2217.698668
1.166228,205,2221.242183
0.349196,218,2224.811611
1.04905,156,2227.398178
0.005719,95,2229.195533
0.486158,246,2233.048026
0.68061,227,2236.665142
0.10509,112,2238.746571
1.094973,213,2245.487289
0.179483,149,2248.149691
0.374059,220,2251.630544
0.5987,297,2256.153752
1.052925,203,2259.473639
1.437396,238,2263.286104
2.311618,225,2266.850523
1.989799,510,2274.370389
0.344399,122,2276.548567
0.001563,338,2281.664012
0.534522,412,2287.765074
2.605547,472,2294.731805
0.871991,223,2298.261238
0.662322,157,2300.857703
0.190883,166,2303.730405
0.979349,132,2306.056964
0.877187,222,2312.671334
0.99681,149,2315.278978
0.002849,222,2318.930435
0.989622,171,2321.782193
0.001077,180,2324.843146
2.515476,192,2328.070612
0.722398,112,2330.147457
2.372278,273,2334.462675
0.121828,108,2336.463579
1.08603,165,2339.311702
0.366748,230,2343.127455
0.107827,154,2345.808201
1.069926,93,2347.681928
0.976186,189,2350.927041
0.372896,553,2359.026019
0.667784,148,2361.555053
0.134151,116,2363.656312
0.617928,102,2365.551169
1.28251,273,2369.790995
2.236045,262,2374.016651
1.119415,131,2376.334892
1.847497,265,2383.589103
1.145846,260,2387.672796
0.548426,445,2394.188675
1.120128,154,2396.807836
0.388876,184,2399.821661
1.601072,702,2409.870311
1.877264,188,2412.928345
0.993499,200,2416.229882
0.370635,187,2419.54395
0.487416,187,2422.779482
2.582353,255,2427.162276
1.377444,110,2429.377765
0.252443,376,2435.450985
0.052751,302,2440.555548
0.99949,262,2445.06066
1.115175,646,2458.114678
1.686216,142,2460.751801
1.806482,315,2465.70971
2.906565,431,2472.310357
0.174832,156,2475.12695
0.667744,193,2478.437065
0.341185,147,2481.072183
4.449461,506,2488.878597
1.72796,260,2493.098712
1.153711,178,2496.192334
1.007825,161,2499.065533
1.415439,153,2501.741797
0.503275,180,2504.845459
2.219264,287,2509.451752
1.049545,233,2513.250011
2.014233,326,2518.462924
1.21287,326,2526.72488
1.088258,256,2530.948702
3.25783,406,2537.397071
0.614338,155,2540.134066
2.230687,235,2543.94472
1.124611,190,2547.272142
2.256105,321,2552.303548
0.542708,216,2555.883955
1.838928,275,2560.38329
0.232524,301,2565.259271
1.073198,279,2569.788476
0.032523,225,2573.496529
2.34313,166,2576.415907
1.011551,237,2580.285905
0.679094,174,2583.334907
0.261539,346,2588.736496
1.028236,257,2595.904766
0.616782,534,2603.917958
1.324152,185,2607.118905
0.729578,357,2612.713076
1.057156,233,2616.559613
0.667455,160,2619.415781
1.876499,312,2624.408559
3.802063,338,2629.844258
2.424154,278,2634.460878
1.875427,190,2637.807391
1.841702,196,2641.120464
0.82936,153,2643.913362
1.531625,235,2647.847845
0.695991,149,2650.520552
0.515491,185,2653.676682
1.689123,497,2664.222231
0.870088,313,2669.268006
2.20354,746,2680.485318
1.105539,103,2682.598494
1.429509,397,2688.720785
1.695808,221,2692.358638
1.566383,333,2697.723676
0.678351,90,2699.552284
0.553836,208,2703.054875
1.668637,201,2706.472656
2.126857,430,2713.095622
1.511255,193,2716.413728
2.098987,260,2720.603281
0.126226,279,2725.081084
2.130269,280,2732.633492
0.002607,151,2735.286189
1.070682,164,2738.161345
0.715444,146,2740.734756
0.955309,209,2744.372629
1.455381,348,2750.109251
2.116154,260,2754.422112
0.957637,422,2761.187562
0.710814,236,2765.116071
1.260269,333,2770.332411
0.070743,279,2774.821084
1.888299,191,2778.139358
0.06815,189,2781.36183
1.021883,212,2784.931646
2.74085,320,2790.066763
0.335671,209,2793.572364
1.465022,124,2795.846296
3.202231,339,2804.173175
1.193004,322,2809.44003
0.928958,187,2812.694803
0.382579,379,2818.85129
2.462739,590,2827.820478
2.729255,629,2837.167755
0.228531,178,2840.327704
0.786475,122,2842.710807
3.105207,622,2852.381899
0.862316,227,2856.185874
0.573268,107,2858.234128
3.243454,224,2861.974541
1.757078,119,2864.193492
1.536479,857,2880.055354
0.474191,228,2883.857985
0.459728,169,2886.786119
0.078971,698,2897.261639
2.249248,392,2903.306655
2.771582,352,2908.877454
2.630121,259,2913.216164
1.422425,179,2916.384363
1.127972,177,2919.529356
2.903827,193,2922.907143
0.115255,66,2924.423784
3.051395,412,2930.825593
1.479865,508,2941.575728
1.04938,297,2946.285187
0.508386,189,2949.536314
0.0,417,2955.891644
0.857756,102,2957.843208
0.658788,473,2965.061896
0.54339,153,2967.740888
0.178716,434,2974.446145
0.000264,193,2977.774269
0.072875,367,2983.523151
1.325066,491,2991.106593
2.284865,508,2998.964437
2.961781,475,3009.573537
1.843106,238,3013.605818
0.252304,322,3018.833604
2.544466,633,3028.512933
0.606039,240,3032.488462
1.396608,155,3035.23718
4.695371,890,3048.442205
1.854793,568,3057.048373
4.267888,733,3068.128105
1.251183,520,3079.043744
1.463607,389,3085.149116
1.046942,218,3088.741976
7.699258,566,3097.324268
0.593071,146,3099.905705
0.585518,244,3103.959129
0.343395,266,3108.343468
1.759131,234,3112.180957
1.395848,387,3118.171984
2.975626,362,3123.97485
1.349324,100,3126.030634
0.80956,173,3129.104498
1.259805,204,3132.585284
0.817613,252,3136.720354
0.527856,331,3145.090953
2.307574,223,3148.765548
0.219283,275,3153.225072
1.149304,415,3159.66818
5.072534,694,3169.955983
2.040367,276,3174.391118
1.607742,112,3176.470346
1.928282,534,3184.512791
1.795169,238,3188.396446
1.332728,142,3190.952179
1.004485,200,3194.305143
0.016305,126,3196.700241
1.34932,191,3200.097966
0.372614,283,3204.711424
0.944238,158,3207.541934
1.0717,131,3213.047514
1.005438,282,3217.546275
2.954686,356,3223.084259
0.324547,319,3228.154911
4.673565,478,3235.515328
2.173478,297,3240.215705
1.670354,277,3244.672517
1.641326,592,3253.527706
0.228854,453,3260.483944
3.867403,428,3267.125768
1.7759,314,3272.054536
2.308103,252,3276.116457
3.920713,398,3285.270498
1.476081,408,3291.439075
7.410097,1001,3306.115482
0.99349,175,3309.123148
0.227132,183,3312.250503
5.795206,296,3316.927648
0.995857,369,3322.621299
0.927594,286,3327.225977
0.872971,129,3329.606426
0.761175,93,3331.448503
1.482057,111,3333.615283
0.798909,335,3338.866659
4.037552,536,3350.124492
1.68167,294,3354.933081
5.042351,636,3364.46337
0.986907,277,3368.911298
0.601235,279,3373.383118
7.859816,1001,3388.209046
1.566641,277,3392.692048
3.063123,306,3397.538667
1.717214,121,3399.753515
0.823867,201,3403.158692
0.99989,321,3408.249279
0.804495,400,3417.491152
2.279034,373,3423.400708
0.17285,339,3428.676869
1.127681,149,3431.248307
0.93189,374,3437.069414
1.870347,380,3442.987054
3.413193,356,3448.508909
0.934873,157,3451.312642
0.101813,121,3453.529968
0.693845,610,3462.713207
2.6128,269,3467.046895
1.57763,141,3469.535971
0.650636,189,3472.779407
1.129453,147,3475.432371
1.624708,112,3477.560852
1.589303,242,3484.765127
0.798499,256,3488.932705
0.225517,108,3490.993372
0.985214,343,3496.578036
1.32741,182,3499.6953
2.609581,262,3504.013315
2.226598,202,3507.479853
0.686745,257,3511.696147
1.769742,387,3517.698463
1.497555,227,3521.478972
2.018147,435,3528.085134
0.926566,211,3531.533798
1.127745,208,3535.081657
1.468543,128,3537.540671
3.781406,724,3548.670884
3.325522,661,3561.790483
1.341411,283,3566.331677
1.400903,168,3569.52669
2.037609,402,3576.082224
1.855461,260,3580.188201
3.70936,838,3592.521131
2.031883,205,3595.986626
2.130245,311,3600.888313
0.533712,466,3608.045885
2.406251,237,3612.029249
0.249325,191,3615.22135
0.842432,326,3623.401303
3.722454,452,3630.239111
1.56499,399,3636.335436
1.472661,345,3641.623969
3.430422,410,3647.81071
4.161359,416,3654.14937
5.565204,743,3664.852041
1.80206,848,3677.031672
2.430485,168,3679.824584
1.601577,517,3690.535282
1.86337,694,3700.591766
3.813553,244,3704.463522
2.916949,345,3709.741467
1.471177,773,3720.874168
1.289286,530,3728.647834
1.62932,121,3730.814916
1.08782,164,3733.567959
4.783231,500,3741.024416
2.236497,269,3745.302444
3.728614,344,3753.820485
4.801325,1001,3768.157595
2.441076,187,3771.28555
4.830975,576,3779.759013
1.44287,321,3784.70559
4.531465,690,3795.010458
5.292662,734,3805.735486
0.50575,232,3809.470992
1.197285,709,3822.784896
2.742498,266,3826.997334
0.70994,263,3831.190768
2.876776,372,3837.200906
0.60698,216,3840.749882
1.003599,211,3844.155999
0.326871,297,3848.995564
0.523974,512,3856.582653
2.134426,840,3868.80147
2.635658,313,3873.653386
2.13186,781,3888.285141
3.339018,528,3896.33618
0.530434,296,3900.981188
2.859856,624,3910.200323
1.425345,104,3912.15738
1.259048,273,3916.374573
4.169606,297,3920.975103
0.24802,225,3924.594164
3.494343,472,3931.759619
2.862129,627,3941.161841
0.52752,184,3947.31893
0.998248,157,3950.214253
2.051115,210,3953.834496
2.200904,253,3957.952299
2.009096,277,3962.362947
2.259911,253,3966.33185
4.180368,409,3972.448065
3.590481,524,3980.207618
1.09717,243,3984.13554
2.806069,404,3990.338741
1.496813,187,3993.466228
1.352373,176,3996.480243
0.897307,356,4002.096612
4.602847,635,4014.545951
1.641836,493,4021.94702
2.466048,420,4028.371977
1.600287,414,4034.537109
2.498894,477,4041.644393
2.163068,226,4045.257298
1.538409,254,4049.245323
1.900637,312,4054.08016
1.438908,541,4062.031511
0.07044,175,4065.030708
1.628585,165,4067.870899
2.466988,155,4070.571733
2.488729,294,4075.185944
3.460749,207,4081.667096
4.507301,244,4085.622787
3.52212,582,4094.240002
3.209086,511,4101.947814
3.254077,219,4105.590747
2.975374,240,4109.404642
2.115087,215,4112.909883
2.38822,543,4120.868456
0.912735,229,4124.681954
2.509873,519,4132.266005
1.897327,176,4135.142756
1.054616,424,4141.377761
1.486682,259,4148.583132
3.170605,268,4152.773802
0.549267,276,4157.176533
4.483402,965,4170.961138
1.881396,187,4174.094202
3.053051,462,4181.037513
3.004379,513,4188.71883
0.726682,264,4192.971938
0.957913,244,4196.875796
0.121252,451,4203.65174
3.225242,366,4212.364222
4.596948,439,4219.126665
1.223145,121,4221.339724
6.272887,556,4229.764301
3.254921,783,4241.76214
3.210425,341,4247.246085
2.922392,224,4251.076586
0.882219,259,4255.396457
1.902614,331,4260.748831
0.820752,153,4263.447817
3.11763,254,4267.483433
2.081824,505,4275.200434
0.788118,229,4281.976221
1.132954,367,4287.552781
0.598597,233,4291.283009
5.530917,834,4303.783864
1.458098,293,4308.448653
4.215916,258,4312.584771
3.319934,463,4319.67223
2.703488,330,4324.757234
4.08637,593,4333.627183
3.107416,292,4338.21019
1.490646,220,4344.854329
3.217286,527,4352.62219
3.394244,455,4359.409174
0.701309,145,4361.921763
0.190127,162,4364.801869
2.410394,405,4371.193266
1.558144,285,4376.099993
1.902399,326,4381.308101
2.587801,302,4385.971629
1.761241,231,4389.720236
4.444558,399,4395.841634
2.438513,195,4399.074821
1.156914,753,4413.189462
1.474347,221,4416.808322
3.526845,671,4426.694486
7.443643,488,4433.997471
3.060283,364,4439.722564
3.408561,270,4444.316101
4.884811,333,4449.783457
2.639444,148,4452.441086
4.535572,232,4456.345683
7.903706,1001,4471.189465
0.664522,159,4474.007226
1.87056,237,4481.290473
1.734305,290,4486.015523
4.354207,411,4492.352702
5.974463,690,4502.408974
2.938009,318,4507.398441
1.192956,125,4509.645881
6.592459,489,4516.986879
5.16862,305,4521.733026
3.650331,295,4526.288069
1.676837,531,4533.878377
2.875644,615,4545.632073
3.377901,416,4551.891259
2.947385,422,4558.175803
2.496945,633,4567.855001
1.61716,500,4575.52819
1.358312,167,4578.402077
0.60454,276,4582.923948
1.762461,574,4591.45609
1.086597,500,4599.093879
1.474261,242,4603.092375
0.733312,255,4607.18895
6.977521,1001,4624.551519
2.266695,170,4627.512477
1.970426,128,4629.851447
1.331238,180,4632.953364
2.971021,290,4637.584914
1.736351,262,4641.794571
6.263907,1001,4656.48567
1.613479,199,4660.060452
1.81768,235,4664.033443
2.634139,193,4667.424165
4.092308,658,4680.682614
3.091112,254,4684.67264
2.945191,868,4697.092021
4.513285,478,4704.43815
5.162637,1001,4719.215309
3.400275,192,4722.465169
2.0263,493,4730.058182
2.096265,377,4735.929895
0.7151,265,4743.199212
8.843191,526,4751.125105
2.376013,294,4756.03097
2.509398,205,4759.559211
1.572944,141,4762.104878
1.480515,519,4769.785867
5.854379,576,4778.256388
3.002698,374,4784.115867
2.88394,414,4790.559532
2.464629,541,4798.837022
6.485997,530,4810.047974
3.024528,267,4814.303527
0.403201,175,4817.271631
11.111939,788,4829.226517
1.554683,163,4832.058037
5.423704,508,4839.974176
2.364088,406,4846.058085
4.547535,787,4857.551617
2.542438,375,4863.349729
1.270022,286,4867.897077
1.604193,165,4870.727863
2.616233,409,4880.525326
1.528599,254,4884.650643
2.06839,510,4892.228785
2.446887,198,4895.501713
1.847188,107,4897.518525
3.210043,281,4901.958238
3.394272,320,4906.941558
1.26172,310,4911.722163
2.115117,483,4919.149454
14.773537,973,4933.107146
2.130295,180,4936.151244
1.59193,584,4948.082238
2.717731,229,4951.809755
3.552643,198,4955.20506
7.91348,748,4966.449217
3.288833,346,4971.868119
2.473917,277,4976.264209
1.163975,123,4978.520386
0.784483,220,4982.1386
2.151865,326,4987.207703
0.995966,132,4989.545377
1.883866,212,4993.062059
2.04511,262,4997.311557
1.369167,369,5002.925836
1.585131,199,5006.307485
1.82285,291,5013.97037
2.089019,241,5017.924775
1.657336,121,5020.150075
2.891395,376,5025.892248
2.761797,152,5028.637997
4.276912,472,5036.075832
6.891269,585,5044.760745
2.538445,201,5048.202765
1.437518,370,5053.991251
3.439823,327,5059.200793
2.305933,185,5062.341572
2.055444,319,5067.227757
4.958683,747,5081.288484
1.912433,391,5087.37343
2.08197,351,5092.879414
3.611093,259,5097.071509
1.880412,360,5102.686016
4.883973,609,5111.982484
3.371312,374,5117.907676
8.296483,606,5127.185139
6.416589,329,5132.464864
2.785742,403,5138.633737
2.994239,323,5146.778807
2.372391,459,5153.780807
3.065645,670,5163.923131
6.385767,1001,5179.082011
4.091309,655,5189.300105
1.694197,169,5192.219188
1.821812,285,5196.823009
5.361338,424,5203.141111
0.806308,366,5211.6651
5.06469,552,5219.410966
1.542115,289,5223.723691
4.806405,500,5231.047358
4.450113,631,5240.219193
9.320321,783,5251.254948
6.468903,760,5262.166474
0.905455,121,5264.293891
1.223522,143,5266.888317
8.327416,543,5277.899308
3.735807,259,5281.90446
0.806301,161,5284.673376
2.365047,332,5289.683611
2.508977,213,5293.091347
15.282466,1001,5307.131788
0.78836,185,5310.102222
1.539026,200,5313.265242
0.174977,157,5315.88034
4.807776,372,5321.39363
8.092397,640,5330.42919
0.870227,816,5344.861315
0.350964,135,5347.232544
2.020963,238,5350.987554
1.12968,222,5354.427096
2.753222,416,5360.540857
3.785572,440,5367.009272
0.576347,257,5370.954911
2.767995,244,5374.831679
5.123694,413,5380.854279
3.841427,377,5386.523542
5.825177,504,5393.846836
3.526571,264,5397.936628
1.614066,388,5406.889271
1.285281,280,5411.248893
3.528321,316,5416.142159
1.315426,173,5419.075628
5.33499,517,5426.784997
2.547126,219,5430.363772
0.728813,370,5435.924098
1.42818,141,5438.317401
0.981759,268,5442.373593
1.663696,281,5446.708263
3.558174,783,5457.905391
0.831451,110,5459.909029
1.940803,247,5463.818952
2.729402,185,5470.12592
0.800712,96,5471.942396
1.658657,574,5480.185574
1.335481,575,5488.404304
0.338602,175,5491.250485
1.737039,219,5494.925863
2.729757,338,5500.047466
2.717394,266,5504.268624
1.411777,178,5507.182575
1.816082,433,5513.538125
2.603272,701,5523.55108
3.205449,241,5527.403773
1.981498,342,5535.887733
5.055745,788,5547.033415
4.475926,282,5551.421993
4.035199,454,5558.273898
4.979408,927,5571.245527
1.508063,352,5576.549286
2.240729,330,5581.561631
3.176056,293,5586.130748
2.767133,270,5590.399326
4.107135,566,5601.742893
1.960067,172,5604.539954
11.133301,559,5612.50766
2.092418,358,5617.942772
2.857164,518,5625.720048
2.656367,309,5630.483579
1.525064,141,5632.902985
0.532945,287,5637.315467
3.457647,339,5642.398724
4.215444,695,5652.266235
3.699583,423,5661.643175
1.062904,118,5663.822675
4.686365,680,5673.959994
1.358006,143,5676.44732
2.210994,327,5681.303625
3.008236,641,5690.535366
2.64663,407,5696.57748
3.979103,412,5702.757466
2.476526,220,5706.502376
6.670261,667,5716.317395
0.824645,318,5721.185746
2.406705,427,5730.67813
2.119737,216,5734.117341
1.488781,378,5739.854895
1.211601,120,5742.036377
3.943063,383,5747.64814
3.076159,389,5753.281063
1.859684,333,5758.135176
2.33571,380,5763.791588
6.778667,409,5769.824585
3.157626,1001,5784.170969
2.767476,212,5790.722639
2.241603,153,5793.366361
6.695577,603,5802.008349
2.129919,221,5805.472859
6.26138,437,5811.821732
2.78514,240,5815.551533
9.142755,519,5823.080925
1.61352,256,5827.057241
2.378018,186,5830.14998
2.392491,266,5834.375676
10.60079,701,5844.477213
4.110401,638,5856.738589
2.330679,288,5861.200218
12.008209,1001,5875.127809
8.658996,998,5888.903699
1.533892,350,5893.985023
4.728741,272,5898.123119
1.124914,293,5902.537814
6.212227,465,5909.537818
1.685101,360,5918.114288
0.955347,307,5922.860227
3.815113,752,5933.590843
3.050502,319,5938.505655
6.374984,688,5948.430754
7.917167,811,5959.953475
3.424394,325,5964.955698
2.238472,386,5970.936512
9.582528,845,5986.157288
1.896891,316,5990.86381
1.762631,160,5993.528128
2.544605,385,5999.012887
3.196497,403,6005.105197
4.723998,517,6012.618414
2.114985,291,6017.197882
10.376508,513,6024.686826
2.610305,190,6027.846551
2.019577,239,6031.656918
6.528043,480,6038.716275
4.660255,422,6048.12866
3.828774,390,6053.989013
2.815366,326,6058.961118
6.370791,549,6067.082761
5.218304,416,6073.37795
2.527199,288,6077.864499
5.483606,445,6084.587992
5.393763,416,6090.778093
4.915675,293,6095.333519
0.824688,381,6101.032483
1.779354,314,6105.824841
3.423101,1001,6122.941371
1.57799,192,6126.04504
2.802796,510,6133.635285
3.836022,423,6139.878047
8.547644,575,6148.370483
6.456384,518,6155.948466
1.478869,261,6160.09819
3.45366,268,6164.194935
3.132946,641,6176.513747
3.499519,224,6180.095503
1.356446,254,6184.069565
2.365416,228,6187.724096
1.372231,157,6190.409861
2.220604,299,6195.215868
4.212648,404,6201.214546
1.172414,477,6208.2929
2.945602,401,6214.098433
1.596949,308,6218.793742
1.482132,633,6227.980293
3.032011,466,6238.008738
13.014214,1001,6252.504177
6.809998,703,6262.711156
1.668944,192,6265.796663
4.052975,425,6272.118276
6.203468,347,6277.440478
1.652883,498,6285.162605
2.544027,185,6288.227355
2.234064,309,6293.018378
9.339802,915,6308.913482
2.598066,232,6312.681212
0.945329,136,6315.041335
11.482207,1001,6329.272615
0.84604,147,6331.930191
3.015948,416,6337.987119
6.342705,391,6343.6332
1.412136,160,6346.319996
1.551361,111,6348.377561
3.153427,214,6351.815413
2.177787,432,6358.149334
1.901712,186,6361.303341
2.208354,585,6373.076926
2.170232,380,6378.839963
4.212704,301,6383.508854
3.485308,625,6392.577012
3.465533,234,6396.331297
3.165872,201,6399.651068
5.68462,350,6404.819126
4.615564,397,6410.831654
4.512436,443,6417.426829
4.408221,280,6421.760427
3.568528,203,6425.115712
0.684207,158,6427.745816
6.325342,542,6438.732624
6.21953,586,6447.144623
2.8964,246,6450.952811
2.651057,243,6454.643875
1.440394,219,6458.12005
2.508668,188,6461.046935
9.264523,708,6471.074011
2.990584,231,6474.691739
3.186985,372,6480.226444
1.331218,268,6484.412071
0.859682,148,6486.922483
4.010226,691,6499.816245
5.993968,385,6505.460208
1.664062,447,6512.017756
1.91267,380,6517.498252
2.911878,268,6521.547404
4.906839,554,6529.779528
8.219464,758,6540.769529
1.960032,323,6545.704548
1.384234,416,6551.889364
6.012725,341,6560.069488
6.578345,543,6568.084096
0.977187,102,6569.952614
2.216895,408,6576.150578
5.050338,570,6584.32743
6.713428,496,6591.556461
5.02282,433,6598.284844
3.717986,433,6604.797073
2.081257,326,6609.587033
1.642325,282,6613.778756
2.85922,374,6619.136342
2.452313,412,6628.164014
8.225259,528,6635.88969
8.376142,509,6643.263697
7.99468,557,6651.120339
4.631042,359,6656.310186
4.985394,474,6663.406959
3.98529,543,6671.506549
3.81798,317,6676.08561
16.71041,1001,6692.885611
2.64308,396,6699.185272
2.601227,390,6704.87763
0.992559,151,6707.445651
2.127756,351,6712.59483
3.144268,576,6720.72852
1.639008,371,6726.128416
6.496183,350,6731.349042
4.195013,313,6736.264396
3.45233,256,6740.355774
2.302414,168,6743.099612
12.743145,664,6755.700108
4.060917,549,6763.477885
5.825253,371,6769.121102
9.481131,642,6778.277698
9.227454,605,6786.808985
5.760597,692,6796.270344
11.348277,911,6811.915432
11.222501,707,6822.385566
2.767146,177,6825.411918
4.798435,785,6837.074202
0.800446,548,6845.003037
4.434399,503,6852.752007
2.947402,157,6855.272859
0.973378,458,6861.832859
3.521661,249,6865.602699
2.9761,402,6871.375196
10.624612,629,6883.27531
7.612664,865,6895.122168
4.084933,313,6899.789315
4.079784,487,6907.373857
9.192405,785,6918.69389
2.378105,170,6921.621819
1.885603,497,6928.973558
4.641508,446,6938.889836
0.37998,549,6946.916934
6.994598,511,6954.506599
5.984299,509,6962.090667
3.201602,449,6969.195683
4.956376,677,6978.636342
10.404949,665,6987.729284
10.109278,646,6996.857883
3.728836,321,7004.461148
1.454822,600,7012.846744
6.529057,419,7018.588811
4.348073,393,7024.198353
1.37819,223,7027.527952
5.352916,366,7032.650696
2.347777,234,7036.088706
4.618341,475,7042.679228
9.083534,730,7052.505701
1.663359,262,7056.337753
11.601531,1001,7072.631193
3.533054,218,7075.919106
7.26317,1001,7089.080844
9.74431,514,7096.051136
2.093369,477,7102.634808
8.095213,1001,7115.753087
4.239473,243,7122.329311
1.392958,198,7125.379073
2.177413,204,7128.456315
2.600188,186,7131.332437
3.005327,215,7134.543432
4.589595,362,7139.586057
4.458735,331,7144.270936
2.934185,232,7147.703741
5.651355,432,7153.768297
8.759545,843,7164.896381
1.508999,246,7168.538584
3.778093,385,7173.888232
14.618814,846,7188.129949
2.261372,253,7191.902976
1.999777,172,7194.591708
2.539415,187,7197.442937
6.550221,461,7203.766911
1.179604,331,7208.444706
1.21921,215,7211.696646
17.578187,864,7223.115497
2.1218,150,7225.552949
0.759618,341,7230.310592
1.458956,393,7235.770586
2.41892,211,7241.944406
10.06121,1001,7255.082114
2.056185,266,7258.972392
4.521426,747,7270.843859
13.672439,1001,7286.321082
2.017485,234,7290.086884
2.803312,359,7295.334213
3.789129,750,7308.388045
6.230428,636,7317.026351
5.369977,449,7323.691734
2.97169,322,7328.280175
11.744854,1001,7341.57194
6.285791,435,7347.646563
1.811412,212,7350.875395
5.452645,854,7366.06954
4.892909,479,7372.684083
6.765877,563,7380.303919
2.751725,166,7382.973959
4.398758,638,7391.594136
9.911405,789,7402.22502
6.804331,578,7410.142401
4.907676,531,7417.423829
4.531053,277,7424.72645
5.432175,480,7431.270055
3.281214,249,7434.952212
16.670988,970,7447.796461
5.324206,334,7452.476419
5.341116,575,7460.294231
2.678778,279,7464.381867
1.4586,265,7468.363875
4.900019,316,7472.932135
3.362705,264,7476.807501
10.889792,699,7489.285856
1.064878,251,7493.040179
4.113279,675,7502.113388
8.116933,650,7510.903347
8.109528,870,7522.545881
2.958867,188,7525.421259
1.867727,247,7529.097806
3.971865,637,7537.747469
4.316356,310,7545.21588
7.338418,549,7552.741321
8.363253,595,7560.884971
6.873683,699,7570.315044
2.585131,355,7575.36505
2.508249,268,7579.294046
18.690316,1001,7592.612392
5.502938,392,7598.102003
2.094265,259,7604.908383
3.505379,561,7612.528761
3.717074,640,7621.133251
9.780986,1001,7634.452415
4.759734,336,7639.173114
14.532438,685,7648.40711
13.759745,1001,7664.6588
12.720877,864,7676.122879
5.007918,509,7683.108627
11.389827,1001,7696.371697
4.003989,407,7702.039192
3.475847,573,7709.786467
14.65212,853,7724.183311
4.047348,426,7730.050504
3.648964,642,7738.687404
3.040663,534,7746.072889
9.40736,684,7755.308494
5.112843,302,7759.621783
9.641667,856,7770.924156
1.61154,252,7777.637983
23.107454,1001,7790.980638
7.529538,749,7801.043555
1.389598,125,7803.146928
10.460545,574,7810.945211
2.242172,180,7813.790936
6.370488,465,7820.166246
6.252633,398,7825.66961
11.343184,1001,7841.811898
1.186085,280,7845.851179
3.926186,241,7849.443542
3.60932,467,7855.937669
5.512989,530,7863.151294
15.313708,1001,7876.261397
9.795021,566,7883.912497
6.496999,594,7895.002461
8.071589,711,7904.586584
4.220272,570,7912.263716
7.053594,485,7918.893434
3.990356,483,7925.57002
6.099617,720,7935.247035
2.129058,162,7937.764175
3.83276,213,7940.972704
3.022519,486,7947.605849
3.841925,327,7955.263019
2.121173,336,7960.018534
18.852915,1001,7973.273501
11.740478,601,7981.477524
25.39324,1001,7994.685719
20.627854,1001,8007.921693
8.286897,552,8018.487471
12.381602,693,8027.753199
4.752583,433,8033.800364
2.521269,525,8040.978187
15.190781,991,8054.232325
1.95196,215,8057.461509
9.58604,630,8066.053472
7.264855,533,8076.32191
21.073669,1001,8089.553127
4.233146,336,8094.359518
11.588548,800,8105.09794
5.972905,669,8114.114847
11.507301,1001,8130.295726
2.121023,981,8143.140623
10.546178,779,8153.525876
3.439728,324,8158.114697
1.460961,231,8161.600133
4.008584,305,8165.99187
7.545481,491,8172.728903
4.975313,296,8177.011518
1.766629,235,8180.504992
15.154836,1001,8196.692571
1.508989,561,8204.340728
3.45861,377,8209.664016
16.833449,887,8221.418734
8.994847,508,8228.642729
2.355208,307,8233.024248
1.935032,381,8238.421325
7.029611,601,8249.536482
7.235309,568,8257.305625
7.046545,448,8263.496274
5.575475,315,8268.025198
1.016961,211,8271.24143
10.919227,726,8280.906176
8.930886,736,8290.7508
2.966123,536,8297.973939
7.723875,652,8309.781142
2.858724,351,8314.738384
15.301551,822,8325.575533
16.880588,1001,8338.707317
4.852741,502,8345.546225
8.319498,417,8351.383322
3.528123,294,8355.598674
3.678568,239,8359.307757
6.303783,356,8367.717507
9.425196,761,8377.912482
2.663082,169,8380.515033
3.478246,390,8385.965102
